movie_id,title,release_year,runtime_minutes,primary_genre,language,country,content_rating,is_short_film,budget_usd,marketing_budget_usd,director_score,cast_score,imdb_score,rating_category
REAL-1001,Nayakan,1987,145,Drama,Tamil,India,UA,0,1200000,300000,9.6,9.7,8.7,High
REAL-1002,Anbe Sivam,2003,160,Drama,Tamil,India,U,0,1500000,400000,9.4,9.5,8.6,High
REAL-1003,Jai Bhim,2021,164,Drama,Tamil,India,UA,0,5000000,1500000,9.2,9.1,8.8,High
REAL-1004,Vikram,2022,175,Action,Tamil,India,UA,0,18000000,6000000,9.1,9.3,8.3,High
REAL-1005,Ponniyin Selvan: Part I,2022,167,Action,Tamil,India,UA,0,60000000,15000000,9.3,9.0,7.6,High
REAL-1006,Super Deluxe,2019,176,Drama,Tamil,India,A,0,2000000,500000,9.2,8.8,8.3,High
REAL-1007,Soorarai Pottru,2020,153,Drama,Tamil,India,UA,0,3500000,1000000,8.9,9.1,8.7,High
REAL-1008,Visaranai,2015,106,Thriller,Tamil,India,A,0,400000,100000,9.0,8.5,8.5,High
REAL-1009,Pariyerum Perumal,2018,154,Drama,Tamil,India,UA,0,300000,80000,9.1,8.6,8.7,High
REAL-1010,Jigarthanda DoubleX,2023,172,Action,Tamil,India,UA,0,12000000,3500000,8.8,8.7,8.1,High
REAL-1011,Master,2021,179,Action,Tamil,India,UA,0,16000000,4500000,8.4,9.2,7.8,High
REAL-1012,Kaithi,2019,145,Action,Tamil,India,UA,0,3000000,800000,8.9,8.8,8.4,High
REAL-1013,Thalapathi,1991,157,Action,Tamil,India,UA,0,1800000,500000,9.5,9.6,8.5,High
REAL-1014,Baashha,1995,145,Action,Tamil,India,U,0,1500000,400000,9.2,9.7,8.2,High
REAL-1015,Enthiran,2010,165,Sci-Fi,Tamil,India,U,0,32000000,8000000,9.3,9.6,7.1,Medium
REAL-1016,Sivaji: The Boss,2007,185,Action,Tamil,India,U,0,15000000,4000000,9.0,9.5,7.5,High
REAL-1017,Ghajini,2005,175,Action,Tamil,India,UA,0,2500000,700000,8.8,8.9,7.5,High
REAL-1018,Roja,1992,137,Romance,Tamil,India,U,0,400000,100000,9.4,8.8,8.1,High
REAL-1019,Bombay,1995,141,Drama,Tamil,India,UA,0,600000,150000,9.4,8.9,8.1,High
REAL-1020,Vada Chennai,2018,164,Action,Tamil,India,A,0,8000000,2000000,9.2,9.1,8.4,High
REAL-1021,RRR,2022,187,Action,Telugu,India,PG-13,0,72000000,20000000,9.5,9.4,7.8,High
REAL-1022,Baahubali 2: The Conclusion,2017,167,Action,Telugu,India,UA,0,35000000,10000000,9.4,9.2,8.2,High
REAL-1023,Baahubali: The Beginning,2015,159,Action,Telugu,India,UA,0,25000000,7000000,9.3,9.0,8.0,High
REAL-1024,Pushpa: The Rise,2021,179,Action,Telugu,India,UA,0,24000000,6000000,8.5,9.2,7.6,High
REAL-1025,Sita Ramam,2022,163,Romance,Telugu,India,U,0,4000000,1200000,8.8,8.9,8.5,High
REAL-1026,Jersey,2019,157,Drama,Telugu,India,U,0,2500000,700000,8.7,8.9,8.5,High
REAL-1027,Mahanati,2018,177,Drama,Telugu,India,U,0,3000000,800000,8.9,9.1,8.4,High
REAL-1028,C/o Kancharapalem,2018,152,Drama,Telugu,India,UA,0,100000,30000,8.8,8.3,8.8,High
REAL-1029,Eega,2012,145,Fantasy,Telugu,India,UA,0,5000000,1500000,9.1,8.5,7.7,High
REAL-1030,Kalki 2898 AD,2024,180,Sci-Fi,Telugu,India,UA,0,75000000,25000000,8.9,9.1,7.6,High
REAL-1031,Magadheera,2009,166,Action,Telugu,India,UA,0,8000000,2000000,9.0,8.8,7.7,High
REAL-1032,Arjun Reddy,2017,182,Drama,Telugu,India,A,0,800000,200000,8.6,8.9,8.0,High
REAL-1033,Manjummel Boys,2024,135,Thriller,Malayalam,India,U,0,2500000,600000,9.0,8.8,8.6,High
REAL-1034,Aavesham,2024,158,Comedy,Malayalam,India,UA,0,3500000,900000,8.9,9.2,7.9,High
REAL-1035,Drishyam,2013,160,Thriller,Malayalam,India,U,0,700000,200000,9.2,9.3,8.3,High
REAL-1036,Kumbalangi Nights,2019,135,Drama,Malayalam,India,U,0,800000,250000,9.1,9.0,8.5,High
REAL-1037,Premam,2015,156,Romance,Malayalam,India,U,0,600000,150000,8.8,8.9,8.3,High
REAL-1038,The Great Indian Kitchen,2021,100,Drama,Malayalam,India,U,0,200000,50000,9.0,8.6,8.1,High
REAL-1039,Minnal Murali,2021,158,Action,Malayalam,India,UA,0,2000000,600000,8.6,8.5,7.8,High
REAL-1040,Bangalore Days,2014,171,Comedy,Malayalam,India,U,0,1200000,300000,8.8,8.9,8.3,High
REAL-1041,K.G.F: Chapter 2,2022,168,Action,Kannada,India,UA,0,13000000,4000000,9.1,9.3,8.3,High
REAL-1042,K.G.F: Chapter 1,2018,156,Action,Kannada,India,UA,0,10000000,3000000,8.9,9.1,8.2,High
REAL-1043,Kantara,2022,148,Action,Kannada,India,UA,0,2000000,800000,9.2,9.0,8.2,High
REAL-1044,777 Charlie,2022,164,Drama,Kannada,India,U,0,2500000,700000,8.9,8.8,8.7,High
REAL-1045,Lucia,2013,134,Sci-Fi,Kannada,India,U,0,100000,30000,8.8,8.2,8.2,High
REAL-1046,Dangal,2016,161,Drama,Hindi,India,PG-13,0,9800000,3000000,9.2,9.4,8.3,High
REAL-1047,3 Idiots,2009,170,Comedy,Hindi,India,PG-13,0,7000000,2000000,9.3,9.3,8.4,High
REAL-1048,Gangs of Wasseypur,2012,320,Action,Hindi,India,A,0,2500000,800000,9.4,9.1,8.2,High
REAL-1049,Tumbbad,2018,104,Horror,Hindi,India,A,0,700000,200000,9.1,8.4,8.2,High
REAL-1050,Andhadhun,2018,139,Thriller,Hindi,India,UA,0,4000000,1200000,9.0,8.9,8.2,High
REAL-1051,Sholay,1975,204,Action,Hindi,India,U,0,3000000,500000,9.5,9.6,8.1,High
REAL-1052,Lagaan,2001,224,Drama,Hindi,India,PG,0,5000000,1500000,9.3,9.2,8.1,High
REAL-1053,Swades,2004,210,Drama,Hindi,India,U,0,4000000,1000000,9.2,9.3,8.2,High
REAL-1054,Pather Panchali,1955,125,Drama,Bengali,India,U,0,30000,5000,9.8,9.0,8.5,High
REAL-1055,Sairat,2016,174,Romance,Marathi,India,UA,0,600000,150000,9.0,8.6,8.3,High
REAL-1056,Carry on Jatta,2012,142,Comedy,Punjabi,India,U,0,500000,100000,8.2,8.4,7.5,High
REAL-1057,Ahalya,2015,14,Thriller,Bengali,India,PG-13,1,15000,5000,8.5,8.7,7.6,High
REAL-1058,Chutney,2016,16,Drama,Hindi,India,PG-13,1,20000,6000,8.4,8.6,7.9,High
REAL-1059,Kriti,2016,18,Thriller,Hindi,India,PG-13,1,25000,7000,8.3,8.5,7.7,High
REAL-1060,Juice,2017,15,Drama,Hindi,India,PG,1,10000,3000,8.4,8.3,7.5,High
REAL-1061,The Shawshank Redemption,1994,142,Drama,English,USA,R,0,25000000,8000000,9.5,9.2,9.3,High
REAL-1062,The Godfather,1972,175,Drama,English,USA,R,0,6000000,2000000,9.8,9.6,9.2,High
REAL-1063,The Dark Knight,2008,152,Action,English,USA,PG-13,0,185000000,50000000,9.4,9.3,9.0,High
REAL-1064,Pulp Fiction,1994,154,Drama,English,USA,R,0,8500000,3000000,9.3,9.1,8.9,High
REAL-1065,Inception,2010,148,Sci-Fi,English,USA,PG-13,0,160000000,40000000,9.2,9.0,8.8,High
REAL-1066,Interstellar,2014,169,Sci-Fi,English,USA,PG-13,0,165000000,45000000,9.2,8.9,8.7,High
REAL-1067,Parasite,2019,132,Drama,Korean,South Korea,R,0,11400000,5000000,9.1,8.8,8.5,High
REAL-1068,Spirited Away,2001,125,Animation,Japanese,Japan,PG,0,19000000,5000000,9.3,8.5,8.6,High
REAL-1069,Whiplash,2014,106,Drama,English,USA,R,0,3300000,1000000,8.9,8.7,8.5,High
REAL-1070,Oppenheimer,2023,180,Drama,English,USA,R,0,100000000,35000000,9.4,9.1,8.9,High
REAL-1071,Everything Everywhere All at Once,2022,139,Sci-Fi,English,USA,R,0,25000000,8000000,8.8,8.6,7.8,High
REAL-1072,La La Land,2016,128,Romance,English,USA,PG-13,0,30000000,10000000,8.6,8.7,8.0,High
REAL-1073,Get Out,2017,104,Horror,English,USA,R,0,4500000,2000000,8.5,8.2,7.8,High
REAL-1074,Spider-Man: Into the Spider-Verse,2018,117,Animation,English,USA,PG,0,90000000,25000000,8.8,8.5,8.4,High
REAL-1075,Amélie,2001,122,Romance,French,France,R,0,10000000,3000000,8.6,8.2,8.3,High
REAL-1076,Pan's Labyrinth,2006,118,Drama,Spanish,Spain,R,0,19000000,5000000,8.8,8.3,8.2,High
REAL-1077,Oldboy,2003,120,Thriller,Korean,South Korea,R,0,3000000,1000000,8.9,8.6,8.4,High
REAL-1078,Stutterer,2015,12,Drama,English,UK,PG,1,15000,5000,8.3,8.0,7.7,High
REAL-1079,The Present,2020,24,Drama,Arabic,Palestine,PG,1,50000,15000,8.2,7.8,7.6,High
REAL-1080,Two Distant Strangers,2020,32,Sci-Fi,English,USA,TV-MA,1,100000,30000,8.0,7.9,6.9,Medium
REAL-1081,Bear Story,2014,10,Animation,Spanish,Chile,G,1,40000,10000,8.1,7.5,7.7,High
REAL-1082,Hair Love,2019,7,Animation,English,USA,G,1,300000,50000,8.4,8.2,7.4,Medium
REAL-1083,The Neighbors' Window,2019,20,Drama,English,USA,PG-13,1,25000,8000,8.2,7.9,7.7,High
REAL-1084,World of Tomorrow,2015,17,Animation,English,USA,PG,1,20000,5000,8.8,8.1,8.1,High
REAL-1085,Bao,2018,8,Animation,English,USA,G,1,500000,100000,8.5,7.8,7.5,High
REAL-1086,Skin,2018,20,Drama,English,USA,R,1,60000,15000,8.0,7.8,7.3,Medium
REAL-1087,An Irish Goodbye,2022,23,Comedy,English,UK,PG-13,1,45000,12000,8.1,7.9,7.4,Medium
REAL-1088,Morbius,2022,104,Action,English,USA,PG-13,0,75000000,25000000,4.5,6.0,5.2,Low
REAL-1089,Madame Web,2024,116,Action,English,USA,PG-13,0,80000000,20000000,3.8,5.5,3.9,Low
REAL-1090,Cats,2019,110,Comedy,English,USA,PG,0,95000000,30000000,3.5,6.5,2.8,Low
REAL-1091,The Room,2003,99,Drama,English,USA,R,0,6000000,500000,2.0,2.5,3.7,Low
REAL-1092,Fast X,2023,141,Action,English,USA,PG-13,0,340000000,80000000,6.0,7.0,5.8,Medium
REAL-1093,Race 3,2018,160,Action,Hindi,India,UA,0,20000000,5000000,3.5,6.0,1.9,Low
REAL-1094,Himmatwala,2013,150,Action,Hindi,India,UA,0,9000000,2000000,3.0,5.0,1.7,Low
REAL-1095,Adipurush,2023,179,Action,Telugu,India,UA,0,65000000,15000000,4.0,6.5,3.8,Low
TMDB-19995,Avatar,2001,98,Sci-Fi,English,USA,PG-13,0,74000000,22200000,9.8,10.0,9.1,High
TMDB-285,Pirates of the Caribbean: At World's End,2016,128,Documentary,Japanese,France,PG-13,0,89000000,26700000,9.8,9.1,8.8,High
TMDB-206647,Spectre,2021,123,Sci-Fi,German,France,PG-13,0,94000000,28200000,9.8,10.0,9.1,High
TMDB-49026,The Dark Knight Rises,2004,107,Comedy,Telugu,India,PG-13,0,53000000,15900000,9.8,10.0,9.1,High
TMDB-49529,John Carter,2021,97,Animation,English,USA,PG-13,0,118000000,35400000,9.2,8.2,8.2,High
TMDB-559,Spider-Man 3,2011,87,Animation,Telugu,India,PG-13,0,108000000,32400000,9.8,10.0,9.1,High
TMDB-38757,Tangled,2009,134,Mystery,Korean,France,R,0,10000000,3000000,6.8,6.6,6.6,Medium
TMDB-99861,Avengers: Age of Ultron,2005,92,Animation,Hindi,India,PG-13,0,78000000,23400000,8.4,10.0,8.5,High
TMDB-767,Harry Potter and the Half-Blood Prince,2000,114,Horror,Korean,France,PG-13,0,25000000,7500000,8.4,10.0,8.5,High
TMDB-209112,Batman v Superman: Dawn of Justice,2018,162,Comedy,Telugu,India,PG-13,0,43000000,12900000,9.8,10.0,9.1,High
TMDB-1452,Superman Returns,2014,95,Action,French,France,PG-13,0,111000000,33300000,9.8,7.2,8.1,High
TMDB-10764,Quantum of Solace,2007,132,Animation,Korean,France,PG-13,0,8000000,2400000,9.8,8.8,8.7,High
TMDB-58,Pirates of the Caribbean: Dead Man's Chest,2008,98,Documentary,Spanish,France,PG-13,0,9000000,2700000,9.8,9.0,8.8,High
TMDB-57201,The Lone Ranger,2011,131,Drama,Telugu,India,PG-13,0,12000000,3600000,9.8,10.0,9.1,High
TMDB-49521,Man of Steel,2014,137,Comedy,French,France,PG-13,0,63000000,18900000,9.8,9.0,8.8,High
TMDB-2454,The Chronicles of Narnia: Prince Caspian,2009,155,Romance,Korean,France,PG-13,0,106000000,31800000,9.8,7.5,8.2,High
TMDB-24428,The Avengers,2002,141,Thriller,Spanish,France,PG-13,0,27000000,8100000,8.4,10.0,8.5,High
TMDB-1865,Pirates of the Caribbean: On Stranger Tides,2022,106,Thriller,Hindi,India,PG-13,0,47000000,14100000,9.8,9.2,8.8,High
TMDB-41154,Men in Black 3,2000,97,Comedy,French,France,PG-13,0,73000000,21900000,9.8,7.2,8.1,High
TMDB-122917,The Hobbit: The Battle of the Five Armies,2007,130,Romance,German,France,PG-13,0,56000000,16800000,9.8,10.0,9.1,High
TMDB-1930,The Amazing Spider-Man,2002,132,Comedy,Hindi,India,PG-13,0,3000000,900000,8.4,10.0,8.5,High
TMDB-20662,Robin Hood,2012,105,Action,English,USA,PG-13,0,61000000,18300000,9.8,9.1,8.8,High
TMDB-57158,The Hobbit: The Desolation of Smaug,2013,89,Mystery,Telugu,India,PG-13,0,110000000,33000000,9.8,8.8,8.7,High
TMDB-2268,The Golden Compass,2009,150,Romance,French,France,PG-13,0,106000000,31800000,9.8,8.5,8.6,High
TMDB-254,King Kong,2005,85,Romance,French,France,PG-13,0,6000000,1800000,9.8,9.0,8.8,High
TMDB-597,Titanic,2000,120,Action,English,USA,PG-13,0,1000000,300000,9.8,10.0,9.1,High
TMDB-271110,Captain America: Civil War,2019,104,Mystery,English,USA,PG-13,0,20000000,6000000,9.2,10.0,8.8,High
TMDB-44833,Battleship,2009,124,Mystery,Hindi,India,PG-13,0,10000000,3000000,9.8,10.0,9.1,High
TMDB-135397,Jurassic World,2004,126,Thriller,French,France,PG-13,0,77000000,23100000,7.6,8.4,7.6,High
TMDB-37724,Skyfall,2011,139,Mystery,Hindi,India,PG-13,0,60000000,18000000,9.8,7.9,8.4,High
TMDB-558,Spider-Man 2,2022,121,Thriller,French,France,PG-13,0,47000000,14100000,9.8,10.0,9.1,High
TMDB-68721,Iron Man 3,2009,118,Sci-Fi,Telugu,India,PG-13,0,34000000,10200000,7.6,10.0,8.1,High
TMDB-12155,Alice in Wonderland,2016,166,Thriller,Japanese,France,PG-13,0,17000000,5100000,9.8,9.2,8.8,High
TMDB-36668,X-Men: The Last Stand,2013,157,Animation,French,France,PG-13,0,38000000,11400000,9.8,8.8,8.7,High
TMDB-62211,Monsters University,2017,147,Animation,Telugu,India,PG-13,0,18000000,5400000,6.8,7.9,7.0,Medium
TMDB-8373,Transformers: Revenge of the Fallen,2009,131,Drama,Telugu,India,PG-13,0,82000000,24600000,9.8,9.4,8.9,High
TMDB-91314,Transformers: Age of Extinction,2021,93,Sci-Fi,Japanese,France,PG-13,0,94000000,28200000,9.8,9.9,9.1,High
TMDB-68728,Oz: The Great and Powerful,2014,107,Comedy,German,France,PG-13,0,63000000,18900000,9.8,10.0,9.1,High
TMDB-102382,The Amazing Spider-Man 2,2000,113,Documentary,Telugu,India,PG-13,0,49000000,14700000,8.4,10.0,8.5,High
TMDB-20526,TRON: Legacy,2008,147,Comedy,Korean,France,PG-13,0,33000000,9900000,7.6,7.8,7.4,Medium
TMDB-49013,Cars 2,2019,130,Romance,Japanese,France,PG-13,0,116000000,34800000,9.2,10.0,8.8,High
TMDB-44912,Green Lantern,2014,97,Comedy,Japanese,France,PG-13,0,63000000,18900000,9.8,7.8,8.3,High
TMDB-10193,Toy Story 3,2013,117,Animation,French,France,PG-13,0,38000000,11400000,6.8,10.0,7.8,High
TMDB-534,Terminator Salvation,2004,96,Thriller,Korean,France,PG-13,0,77000000,23100000,9.8,6.8,8.0,High
TMDB-168259,Furious 7,2001,147,Animation,Tamil,India,PG-13,0,98000000,29400000,9.8,10.0,9.1,High
TMDB-72190,World War Z,2023,122,Animation,Telugu,India,PG-13,0,48000000,14400000,9.8,7.6,8.3,High
TMDB-127585,X-Men: Days of Future Past,2016,106,Thriller,Telugu,India,PG-13,0,17000000,5100000,9.8,10.0,9.1,High
TMDB-54138,Star Trek Into Darkness,2002,165,Action,Spanish,France,PG-13,0,51000000,15300000,9.2,10.0,8.8,High
TMDB-81005,Jack the Giant Slayer,2013,141,Drama,Tamil,India,PG-13,0,62000000,18600000,9.8,7.8,8.3,High
TMDB-64682,The Great Gatsby,2009,120,Romance,Hindi,India,PG-13,0,106000000,31800000,9.2,8.7,8.4,High
TMDB-9543,Prince of Persia: The Sands of Time,2016,109,Horror,English,USA,PG-13,0,65000000,19500000,9.8,6.6,7.9,High
TMDB-68726,Pacific Rim,2006,92,Comedy,Tamil,India,PG-13,0,103000000,30900000,9.8,10.0,9.1,High
TMDB-38356,Transformers: Dark of the Moon,2009,162,Animation,French,France,PG-13,0,58000000,17400000,9.8,9.7,9.0,High
TMDB-217,Indiana Jones and the Kingdom of the Crystal Skull,2017,159,Mystery,English,USA,PG-13,0,90000000,27000000,9.8,9.6,9.0,High
TMDB-105864,The Good Dinosaur,2019,128,Sci-Fi,Japanese,France,R,0,44000000,13200000,6.8,7.3,6.8,Medium
TMDB-62177,Brave,2006,103,Documentary,German,France,R,0,79000000,23700000,6.8,6.8,6.6,Medium
TMDB-188927,Star Trek Beyond,2008,140,Action,Korean,France,PG-13,0,81000000,24300000,9.8,9.0,8.8,High
TMDB-10681,WALL·E,2002,162,Comedy,Hindi,India,PG-13,0,3000000,900000,9.2,8.5,8.3,High
TMDB-5174,Rush Hour 3,2023,167,Animation,Telugu,India,PG-13,0,48000000,14400000,9.8,7.2,8.1,High
TMDB-14161,2012,2000,86,Thriller,Spanish,France,PG-13,0,97000000,29100000,9.8,10.0,9.1,High
TMDB-17979,A Christmas Carol,2000,141,Thriller,Telugu,India,PG-13,0,97000000,29100000,9.8,7.2,8.1,High
TMDB-76757,Jupiter Ascending,2002,113,Documentary,French,France,PG-13,0,99000000,29700000,9.8,10.0,9.1,High
TMDB-258489,The Legend of Tarzan,2022,167,Comedy,Tamil,India,PG-13,0,23000000,6900000,8.4,9.1,8.2,High
TMDB-411,"The Chronicles of Narnia: The Lion, the Witch and the Wardrobe",2005,155,Romance,Spanish,France,PG-13,0,6000000,1800000,9.8,7.9,8.4,High
TMDB-246655,X-Men: Apocalypse,2016,168,Documentary,French,France,PG-13,0,89000000,26700000,9.8,10.0,9.1,High
TMDB-14160,Up,2018,111,Thriller,Telugu,India,PG-13,0,67000000,20100000,8.4,6.9,7.4,Medium
TMDB-15512,Monsters vs Aliens,2006,155,Action,English,USA,PG-13,0,31000000,9300000,8.4,8.4,7.9,High
TMDB-1726,Iron Man,2009,153,Sci-Fi,Telugu,India,PG-13,0,34000000,10200000,9.8,10.0,9.1,High
TMDB-44826,Hugo,2001,166,Drama,Tamil,India,PG-13,0,2000000,600000,9.8,8.4,8.5,High
TMDB-8487,Wild Wild West,2011,148,Sci-Fi,French,France,PG-13,0,84000000,25200000,9.8,8.5,8.6,High
TMDB-1735,The Mummy: Tomb of the Dragon Emperor,2009,106,Drama,Telugu,India,PG-13,0,82000000,24600000,9.8,6.8,8.0,High
TMDB-297761,Suicide Squad,2003,142,Animation,Hindi,India,PG-13,0,28000000,8400000,9.8,10.0,9.1,High
TMDB-2698,Evan Almighty,2006,102,Comedy,Tamil,India,PG-13,0,103000000,30900000,9.8,7.2,8.1,High
TMDB-137113,Edge of Tomorrow,2011,137,Animation,French,France,PG-13,0,108000000,32400000,9.8,9.8,9.0,High
TMDB-9804,Waterworld,2017,123,Sci-Fi,Telugu,India,PG-13,0,114000000,34200000,9.8,6.8,8.0,High
TMDB-14869,G.I. Joe: The Rise of Cobra,2021,141,Drama,Hindi,India,PG-13,0,22000000,6600000,9.2,7.8,8.1,High
TMDB-150540,Inside Out,2022,142,Comedy,Telugu,India,PG-13,0,23000000,6900000,8.4,10.0,8.5,High
TMDB-278927,The Jungle Book,2020,112,Comedy,Korean,France,PG-13,0,93000000,27900000,9.8,8.6,8.6,High
TMDB-10138,Iron Man 2,2003,152,Animation,Japanese,France,PG-13,0,28000000,8400000,9.8,10.0,9.1,High
TMDB-58595,Snow White and the Huntsman,2002,159,Horror,Spanish,France,PG-13,0,75000000,22500000,6.8,9.3,7.5,High
TMDB-102651,Maleficent,2007,116,Drama,Spanish,France,PG-13,0,32000000,9600000,6.8,10.0,7.8,High
TMDB-119450,Dawn of the Planet of the Apes,2001,169,Mystery,Hindi,India,PG-13,0,50000000,15000000,9.2,9.0,8.5,High
TMDB-79698,The Lovers,2007,142,Animation,Telugu,India,PG-13,0,8000000,2400000,8.4,7.3,7.5,High
TMDB-64686,47 Ronin,2002,95,Action,Korean,France,PG-13,0,51000000,15300000,6.8,7.9,7.0,Medium
TMDB-100402,Captain America: The Winter Soldier,2007,112,Animation,Hindi,India,PG-13,0,8000000,2400000,9.2,10.0,8.8,High
TMDB-10192,Shrek Forever After,2000,141,Thriller,Telugu,India,PG-13,0,97000000,29100000,9.2,9.2,8.6,High
TMDB-158852,Tomorrowland,2018,136,Thriller,Tamil,India,PG-13,0,67000000,20100000,9.2,10.0,8.8,High
TMDB-177572,Big Hero 6,2006,113,Documentary,Telugu,India,PG-13,0,79000000,23700000,7.6,10.0,8.1,High
TMDB-82690,Wreck-It Ralph,2005,157,Animation,Tamil,India,PG-13,0,78000000,23400000,6.8,10.0,7.8,High
TMDB-5255,The Polar Express,2007,159,Mystery,Japanese,France,PG-13,0,80000000,24000000,9.8,6.2,7.8,High
TMDB-47933,Independence Day: Resurgence,2007,121,Drama,Korean,France,PG-13,0,32000000,9600000,9.8,10.0,9.1,High
TMDB-10191,How to Train Your Dragon,2011,89,Mystery,Hindi,India,PG-13,0,60000000,18000000,8.4,6.6,7.3,Medium
TMDB-296,Terminator 3: Rise of the Machines,2020,140,Action,Korean,France,PG-13,0,21000000,6300000,9.2,6.7,7.7,High
TMDB-118340,Guardians of the Galaxy,2015,105,Romance,Hindi,India,PG-13,0,16000000,4800000,8.4,10.0,8.5,High
TMDB-315011,Shin Godzilla,2012,130,Action,Telugu,India,PG-13,0,61000000,18300000,6.8,10.0,7.8,High
TMDB-49051,The Hobbit: An Unexpected Journey,2008,163,Documentary,Tamil,India,PG-13,0,9000000,2700000,9.8,8.6,8.6,High
TMDB-9799,The Fast and the Furious,2013,156,Drama,French,France,PG-13,0,62000000,18600000,9.8,8.6,8.6,High
TMDB-4922,The Curious Case of Benjamin Button,2021,89,Mystery,Spanish,France,PG-13,0,70000000,21000000,9.8,9.4,8.9,High
TMDB-49538,X-Men: First Class,2007,122,Animation,French,France,PG-13,0,8000000,2400000,9.2,9.9,8.8,High
TMDB-131634,The Hunger Games: Mockingjay - Part 2,2012,87,Comedy,Telugu,India,PG-13,0,13000000,3900000,9.8,10.0,9.1,High
TMDB-27022,The Sorcerer's Apprentice,2017,85,Romance,Telugu,India,PG-13,0,66000000,19800000,9.8,6.7,8.0,High
TMDB-503,Poseidon,2011,102,Animation,German,France,PG-13,0,108000000,32400000,9.8,6.7,8.0,High
TMDB-241259,Alice Through the Looking Glass,2020,129,Horror,Tamil,India,PG-13,0,45000000,13500000,8.4,10.0,8.5,High
TMDB-810,Shrek the Third,2011,116,Drama,Tamil,India,PG-13,0,12000000,3600000,7.6,9.9,8.1,High
TMDB-68735,Warcraft,2019,124,Mystery,Tamil,India,PG-13,0,20000000,6000000,8.4,10.0,8.5,High
TMDB-87101,Terminator Genisys,2019,146,Drama,Korean,France,PG-13,0,92000000,27600000,7.6,8.8,7.7,High
TMDB-10140,The Chronicles of Narnia: The Voyage of the Dawn Treader,2014,107,Comedy,Korean,France,PG-13,0,63000000,18900000,9.8,7.3,8.2,High
TMDB-676,Pearl Harbor,2020,102,Comedy,English,USA,PG-13,0,93000000,27900000,9.8,10.0,9.1,High
TMDB-1858,Transformers,2017,165,Romance,German,France,PG-13,0,66000000,19800000,9.8,9.6,9.0,High
TMDB-1966,Alexander,2023,87,Animation,German,France,PG-13,0,48000000,14400000,9.8,10.0,9.1,High
TMDB-675,Harry Potter and the Order of the Phoenix,2013,109,Mystery,French,France,PG-13,0,110000000,33000000,8.4,10.0,8.5,High
TMDB-674,Harry Potter and the Goblet of Fire,2022,93,Documentary,English,USA,PG-13,0,119000000,35700000,9.8,10.0,9.1,High
TMDB-8960,Hancock,2010,156,Thriller,English,USA,PG-13,0,107000000,32100000,9.8,9.0,8.8,High
TMDB-6479,I Am Legend,2012,136,Thriller,Telugu,India,PG-13,0,37000000,11100000,9.8,6.6,7.9,High
TMDB-118,Charlie and the Chocolate Factory,2009,132,Animation,Tamil,India,PG-13,0,58000000,17400000,9.8,8.8,8.7,High
TMDB-2062,Ratatouille,2010,166,Thriller,French,France,PG-13,0,107000000,32100000,6.8,7.8,7.0,Medium
TMDB-272,Batman Begins,2007,110,Romance,German,France,PG-13,0,56000000,16800000,9.8,10.0,9.1,High
TMDB-10527,Madagascar: Escape 2 Africa,2009,147,Animation,Spanish,France,PG-13,0,58000000,17400000,9.2,10.0,8.8,High
TMDB-18360,Night at the Museum: Battle of the Smithsonian,2023,140,Romance,Hindi,India,PG-13,0,96000000,28800000,9.8,10.0,9.1,High
TMDB-2080,X-Men Origins: Wolverine,2001,147,Animation,Korean,France,PG-13,0,98000000,29400000,9.2,10.0,8.8,High
TMDB-605,The Matrix Revolutions,2009,160,Romance,French,France,PG-13,0,106000000,31800000,9.8,7.6,8.3,High
TMDB-109445,Frozen,2018,100,Action,German,France,PG-13,0,91000000,27300000,6.8,10.0,7.8,High
TMDB-604,The Matrix Reloaded,2019,96,Drama,Spanish,France,PG-13,0,92000000,27600000,9.8,10.0,9.1,High
TMDB-76338,Thor: The Dark World,2012,168,Documentary,Tamil,India,PG-13,0,109000000,32700000,7.6,10.0,8.1,High
TMDB-76341,Mad Max: Fury Road,2019,132,Animation,German,France,PG-13,0,68000000,20400000,9.8,10.0,9.1,High
TMDB-13448,Angels & Demons,2003,158,Sci-Fi,German,France,PG-13,0,4000000,1200000,9.8,10.0,9.1,High
TMDB-10195,Thor,2011,159,Mystery,Korean,France,PG-13,0,60000000,18000000,9.8,8.8,8.7,High
TMDB-13053,Bolt,2009,110,Romance,Japanese,France,PG-13,0,106000000,31800000,7.6,6.9,7.0,Medium
TMDB-19585,G-Force,2003,152,Animation,Hindi,India,R,0,28000000,8400000,6.8,7.5,6.9,Medium
TMDB-57165,Wrath of the Titans,2021,103,Sci-Fi,German,France,PG-13,0,94000000,28200000,9.8,7.2,8.1,High
TMDB-62213,Dark Shadows,2002,155,Action,Korean,France,PG-13,0,51000000,15300000,9.8,8.0,8.4,High
TMDB-177677,Mission: Impossible - Rogue Nation,2013,147,Animation,French,France,PG-13,0,38000000,11400000,8.4,10.0,8.5,High
TMDB-7978,The Wolfman,2008,92,Comedy,Tamil,India,PG-13,0,33000000,9900000,9.2,6.7,7.7,High
TMDB-5559,Bee Movie,2017,160,Romance,Spanish,France,PG-13,0,66000000,19800000,6.8,8.0,7.1,Medium
TMDB-49444,Kung Fu Panda 2,2022,86,Thriller,Japanese,France,PG-13,0,47000000,14100000,7.6,8.8,7.7,High
TMDB-10196,The Last Airbender,2019,125,Romance,Spanish,France,PG-13,0,116000000,34800000,9.8,7.5,8.2,High
TMDB-956,Mission: Impossible III,2002,110,Action,Spanish,France,PG-13,0,51000000,15300000,9.2,6.6,7.6,High
TMDB-117251,White House Down,2021,106,Drama,Spanish,France,PG-13,0,22000000,6600000,9.8,7.5,8.2,High
TMDB-50321,Mars Needs Moms,2007,133,Sci-Fi,English,USA,PG-13,0,104000000,31200000,8.4,6.4,7.2,Medium
TMDB-11619,Flushed Away,2023,100,Romance,Korean,France,PG-13,0,96000000,28800000,9.2,6.8,7.7,High
TMDB-266647,Pan,2006,115,Action,German,France,PG-13,0,31000000,9300000,9.8,7.3,8.2,High
TMDB-82703,Mr. Peabody & Sherman,2022,113,Documentary,French,France,PG-13,0,119000000,35700000,9.8,10.0,9.1,High
TMDB-652,Troy,2016,95,Action,French,France,PG-13,0,41000000,12300000,9.8,7.4,8.2,High
TMDB-80321,Madagascar 3: Europe's Most Wanted,2017,167,Animation,Telugu,India,PG-13,0,18000000,5400000,8.4,6.4,7.2,Medium
TMDB-36669,Die Another Day,2015,99,Mystery,Japanese,France,PG-13,0,40000000,12000000,9.8,7.5,8.2,High
TMDB-43074,Ghostbusters,2009,151,Drama,German,France,PG-13,0,82000000,24600000,9.2,10.0,8.8,High
TMDB-95,Armageddon,2022,132,Comedy,Japanese,France,PG-13,0,23000000,6900000,9.8,10.0,9.1,High
TMDB-608,Men in Black II,2005,86,Drama,Japanese,France,PG-13,0,102000000,30600000,9.8,7.8,8.3,High
TMDB-2310,Beowulf,2021,91,Drama,Tamil,India,PG-13,0,22000000,6600000,9.8,8.6,8.6,High
TMDB-140300,Kung Fu Panda 3,2016,162,Comedy,French,France,PG-13,0,113000000,33900000,7.6,9.1,7.8,High
TMDB-56292,Mission: Impossible - Ghost Protocol,2008,147,Comedy,Japanese,France,PG-13,0,33000000,9900000,9.2,6.9,7.8,High
TMDB-81188,Rise of the Guardians,2017,112,Animation,Spanish,France,R,0,18000000,5400000,6.8,6.9,6.7,Medium
TMDB-7552,Fun with Dick and Jane,2021,144,Mystery,German,France,PG-13,0,70000000,21000000,9.2,6.8,7.7,High
TMDB-616,The Last Samurai,2003,122,Animation,Spanish,France,PG-13,0,28000000,8400000,9.8,10.0,9.1,High
TMDB-147441,Exodus: Gods and Kings,2008,152,Comedy,French,France,PG-13,0,33000000,9900000,9.8,7.9,8.4,High
TMDB-13475,Star Trek,2021,115,Romance,French,France,PG-13,0,46000000,13800000,9.2,10.0,8.8,High
TMDB-557,Spider-Man,2007,120,Romance,Japanese,France,PG-13,0,56000000,16800000,9.8,10.0,9.1,High
TMDB-82702,How to Train Your Dragon 2,2019,152,Animation,Hindi,India,R,0,68000000,20400000,6.8,7.0,6.7,Medium
TMDB-205584,Gods of Egypt,2009,129,Mystery,Telugu,India,PG-13,0,10000000,3000000,9.8,9.9,9.1,High
TMDB-10048,Stealth,2011,105,Romance,Telugu,India,PG-13,0,36000000,10800000,9.8,7.8,8.3,High
TMDB-13183,Watchmen,2006,126,Thriller,Telugu,India,PG-13,0,7000000,2100000,9.8,9.2,8.8,High
TMDB-944,Lethal Weapon 4,2012,149,Horror,English,USA,PG-13,0,85000000,25500000,9.8,7.5,8.2,High
TMDB-1927,Hulk,2011,114,Mystery,German,France,PG-13,0,60000000,18000000,9.8,6.9,8.0,High
TMDB-72559,G.I. Joe: Retaliation,2005,139,Mystery,Japanese,France,PG-13,0,30000000,9000000,9.8,7.4,8.2,High
TMDB-7364,Sahara,2023,107,Animation,English,USA,PG-13,0,48000000,14400000,8.4,6.9,7.4,Medium
TMDB-2114,Final Fantasy: The Spirits Within,2007,168,Sci-Fi,Spanish,France,R,0,104000000,31200000,6.8,6.1,6.4,Medium
TMDB-1771,Captain America: The First Avenger,2003,140,Romance,English,USA,PG-13,0,76000000,22800000,9.2,10.0,8.8,High
TMDB-36643,The World Is Not Enough,2015,150,Romance,Japanese,France,PG-13,0,16000000,4800000,9.8,7.4,8.2,High
TMDB-8619,Master and Commander: The Far Side of the World,2022,118,Documentary,English,USA,PG-13,0,119000000,35700000,9.2,8.1,8.2,High
TMDB-50620,The Twilight Saga: Breaking Dawn - Part 2,2013,159,Mystery,English,USA,PG-13,0,110000000,33000000,9.8,10.0,9.1,High
TMDB-65759,Happy Feet Two,2010,130,Action,Telugu,India,PG-13,0,11000000,3300000,9.8,8.1,8.4,High
TMDB-1724,The Incredible Hulk,2001,150,Romance,French,France,PG-13,0,26000000,7800000,9.8,10.0,9.1,High
TMDB-267935,The BFG,2009,98,Sci-Fi,German,France,PG-13,0,34000000,10200000,9.8,7.8,8.3,High
TMDB-281957,The Revenant,2018,137,Comedy,English,USA,PG-13,0,43000000,12900000,9.8,7.3,8.2,High
TMDB-77950,Turbo,2021,132,Animation,German,France,R,0,118000000,35400000,6.8,6.4,6.5,Medium
TMDB-44896,Rango,2009,141,Drama,Japanese,France,PG-13,0,82000000,24600000,9.8,7.0,8.1,High
TMDB-270946,Penguins of Madagascar,2017,110,Romance,Japanese,France,PG-13,0,66000000,19800000,9.2,6.9,7.8,High
TMDB-2503,The Bourne Ultimatum,2014,162,Comedy,Spanish,France,PG-13,0,63000000,18900000,9.8,10.0,9.1,High
TMDB-9502,Kung Fu Panda,2007,149,Mystery,Hindi,India,PG-13,0,80000000,24000000,7.6,8.1,7.5,High
TMDB-102899,Ant-Man,2008,136,Thriller,German,France,PG-13,0,57000000,17100000,9.2,10.0,8.8,High
TMDB-101299,The Hunger Games: Catching Fire,2006,110,Action,Tamil,India,PG-13,0,31000000,9300000,9.8,10.0,9.1,High
TMDB-228161,Home,2001,97,Animation,English,USA,R,0,98000000,29400000,7.6,6.3,6.8,Medium
TMDB-74,War of the Worlds,2017,153,Sci-Fi,Telugu,India,PG-13,0,114000000,34200000,9.8,8.5,8.6,High
TMDB-8961,Bad Boys II,2019,97,Animation,German,France,PG-13,0,68000000,20400000,9.8,7.5,8.2,High
TMDB-417859,Puss in Boots,2022,169,Horror,Japanese,France,PG-13,0,95000000,28500000,7.6,8.0,7.4,Medium
TMDB-27576,Salt,2019,116,Drama,Hindi,India,PG-13,0,92000000,27600000,9.8,10.0,9.1,High
TMDB-86834,Noah,2009,110,Romance,Spanish,France,PG-13,0,106000000,31800000,9.8,7.2,8.1,High
TMDB-17578,The Adventures of Tintin,2015,130,Romance,Tamil,India,PG-13,0,16000000,4800000,9.8,6.9,8.0,High
TMDB-673,Harry Potter and the Prisoner of Azkaban,2023,93,Sci-Fi,Korean,France,PG-13,0,24000000,7200000,9.2,10.0,8.8,High
TMDB-6972,Australia,2011,148,Sci-Fi,Japanese,France,PG-13,0,84000000,25200000,9.2,10.0,8.8,High
TMDB-82700,After Earth,2003,132,Animation,Spanish,France,PG-13,0,28000000,8400000,9.8,7.3,8.2,High
TMDB-10567,Dinosaur,2002,121,Thriller,French,France,R,0,27000000,8100000,6.8,6.2,6.4,Medium
TMDB-181533,Night at the Museum: Secret of the Tomb,2000,157,Comedy,Hindi,India,PG-13,0,73000000,21900000,9.8,8.1,8.4,High
TMDB-38055,Megamind,2009,164,Mystery,Tamil,India,PG-13,0,10000000,3000000,6.8,7.8,7.0,Medium
TMDB-671,Harry Potter and the Philosopher's Stone,2016,137,Comedy,French,France,PG-13,0,113000000,33900000,9.8,10.0,9.1,High
TMDB-49524,R.I.P.D.,2005,120,Romance,Telugu,India,PG-13,0,6000000,1800000,9.8,9.2,8.8,High
TMDB-22,Pirates of the Caribbean: The Curse of the Black Pearl,2002,108,Documentary,Japanese,France,PG-13,0,99000000,29700000,9.8,10.0,9.1,High
TMDB-131631,The Hunger Games: Mockingjay - Part 1,2020,156,Thriller,Hindi,India,PG-13,0,117000000,35100000,9.8,10.0,9.1,High
TMDB-591,The Da Vinci Code,2000,152,Comedy,Tamil,India,PG-13,0,73000000,21900000,9.8,7.2,8.1,High
TMDB-172385,Rio 2,2022,144,Horror,French,France,PG-13,0,95000000,28500000,9.2,7.5,8.0,High
TMDB-36658,X2,2012,105,Action,English,USA,PG-13,0,61000000,18300000,9.8,8.7,8.7,High
TMDB-51497,Fast Five,2021,116,Drama,Tamil,India,PG-13,0,22000000,6600000,9.8,9.3,8.9,High
TMDB-58574,Sherlock Holmes: A Game of Shadows,2007,133,Sci-Fi,English,USA,PG-13,0,104000000,31200000,9.8,8.0,8.4,High
TMDB-18823,Clash of the Titans,2022,160,Action,Korean,France,PG-13,0,71000000,21300000,9.8,9.2,8.8,High
TMDB-861,Total Recall,2021,96,Drama,Tamil,India,PG-13,0,22000000,6600000,9.8,7.5,8.2,High
TMDB-1911,The 13th Warrior,2021,122,Animation,Tamil,India,PG-13,0,118000000,35400000,9.8,7.3,8.2,High
TMDB-49040,The Bourne Legacy,2009,104,Mystery,English,USA,PG-13,0,10000000,3000000,8.4,8.7,8.0,High
TMDB-415,Batman & Robin,2022,103,Documentary,Spanish,France,PG-13,0,119000000,35700000,9.8,6.7,8.0,High
TMDB-8871,How the Grinch Stole Christmas,2005,138,Sci-Fi,German,France,PG-13,0,54000000,16200000,9.8,7.0,8.1,High
TMDB-435,The Day After Tomorrow,2003,96,Drama,French,France,PG-13,0,52000000,15600000,9.8,8.2,8.5,High
TMDB-955,Mission: Impossible II,2005,99,Mystery,English,USA,PG-13,0,30000000,9000000,9.8,7.0,8.1,High
TMDB-2133,The Perfect Storm,2020,168,Documentary,English,USA,PG-13,0,69000000,20700000,9.8,8.4,8.5,High
TMDB-1979,Fantastic 4: Rise of the Silver Surfer,2020,128,Documentary,Tamil,India,PG-13,0,69000000,20700000,9.8,7.2,8.1,High
TMDB-87827,Life of Pi,2009,166,Drama,German,France,PG-13,0,82000000,24600000,9.8,7.5,8.2,High
TMDB-1250,Ghost Rider,2016,120,Action,Telugu,India,PG-13,0,41000000,12300000,7.6,7.3,7.2,Medium
TMDB-324668,Jason Bourne,2000,98,Documentary,Tamil,India,PG-13,0,49000000,14700000,9.8,10.0,9.1,High
TMDB-9471,Charlie's Angels: Full Throttle,2014,149,Horror,English,USA,PG-13,0,15000000,4500000,9.8,7.9,8.4,High
TMDB-70981,Prometheus,2022,133,Documentary,Telugu,India,PG-13,0,119000000,35700000,9.8,8.1,8.4,High
TMDB-10996,Stuart Little 2,2022,110,Action,Japanese,France,PG-13,0,71000000,21300000,9.8,6.7,8.0,High
TMDB-68724,Elysium,2000,149,Horror,Tamil,India,PG-13,0,25000000,7500000,8.4,7.9,7.7,High
TMDB-2789,The Chronicles of Riddick,2007,89,Mystery,Tamil,India,PG-13,0,80000000,24000000,9.2,7.3,7.9,High
TMDB-97020,RoboCop,2002,97,Comedy,Japanese,France,PG-13,0,3000000,900000,7.6,6.9,7.0,Medium
TMDB-7459,Speed Racer,2006,92,Comedy,French,France,PG-13,0,103000000,30900000,9.8,8.1,8.4,High
TMDB-42888,How Do You Know,2021,110,Romance,English,USA,PG-13,0,46000000,13800000,8.4,6.9,7.4,Medium
TMDB-37834,Knight and Day,2001,91,Drama,Tamil,India,PG-13,0,2000000,600000,9.8,7.3,8.2,High
TMDB-75612,Oblivion,2020,89,Horror,Spanish,France,PG-13,0,45000000,13500000,7.6,6.8,7.0,Medium
TMDB-1895,Star Wars: Episode III - Revenge of the Sith,2002,110,Action,French,France,PG-13,0,51000000,15300000,9.8,10.0,9.1,High
TMDB-1894,Star Wars: Episode II - Attack of the Clones,2023,96,Drama,English,USA,PG-13,0,72000000,21600000,9.8,10.0,9.1,High
TMDB-585,"Monsters, Inc.",2015,155,Romance,Telugu,India,PG-13,0,16000000,4800000,8.4,10.0,8.5,High
TMDB-76170,The Wolverine,2010,111,Thriller,Tamil,India,PG-13,0,107000000,32100000,9.8,7.6,8.3,High
TMDB-1893,Star Wars: Episode I - The Phantom Menace,2000,158,Documentary,Spanish,France,PG-13,0,49000000,14700000,9.8,10.0,9.1,High
TMDB-49519,The Croods,2011,146,Drama,Tamil,India,PG-13,0,12000000,3600000,8.4,6.0,7.1,Medium
TMDB-2395,Asterix at the Olympic Games,2002,167,Comedy,Tamil,India,PG-13,0,3000000,900000,6.8,8.1,7.1,Medium
TMDB-12100,Windtalkers,2008,127,Comedy,English,USA,PG-13,0,33000000,9900000,9.8,6.2,7.8,High
TMDB-290595,The Huntsman: Winter's War,2012,87,Comedy,French,France,PG-13,0,13000000,3900000,6.8,10.0,7.8,High
TMDB-98566,Teenage Mutant Ninja Turtles,2013,133,Sci-Fi,Tamil,India,PG-13,0,14000000,4200000,9.8,8.4,8.5,High
TMDB-49047,Gravity,2001,115,Romance,German,France,PG-13,0,26000000,7800000,9.2,5.8,7.4,Medium
TMDB-9619,Dante's Peak,2020,127,Comedy,French,France,PG-13,0,93000000,27900000,9.8,6.9,8.0,High
TMDB-308531,Teenage Mutant Ninja Turtles: Out of the Shadows,2014,145,Action,Spanish,France,PG-13,0,111000000,33300000,7.6,8.0,7.4,Medium
TMDB-166424,Fantastic Four,2002,141,Thriller,Tamil,India,PG-13,0,27000000,8100000,7.6,8.4,7.6,High
TMDB-1593,Night at the Museum,2006,105,Action,German,France,PG-13,0,31000000,9300000,9.8,7.5,8.2,High
TMDB-254128,San Andreas,2014,132,Comedy,Hindi,India,PG-13,0,63000000,18900000,8.4,10.0,8.5,High
TMDB-714,Tomorrow Never Dies,2000,134,Horror,Spanish,France,PG-13,0,25000000,7500000,9.2,9.1,8.5,High
TMDB-2024,The Patriot,2010,138,Documentary,Tamil,India,PG-13,0,59000000,17700000,9.8,7.5,8.2,High
TMDB-163,Ocean's Twelve,2005,115,Romance,German,France,PG-13,0,6000000,1800000,9.8,8.2,8.5,High
TMDB-787,Mr. & Mrs. Smith,2005,129,Mystery,German,France,PG-13,0,30000000,9000000,9.8,6.8,8.0,High
TMDB-262500,Insurgent,2021,154,Mystery,French,France,PG-13,0,70000000,21000000,9.8,7.9,8.4,High
TMDB-2567,The Aviator,2022,169,Horror,Tamil,India,PG-13,0,95000000,28500000,9.8,10.0,9.1,High
TMDB-38745,Gulliver's Travels,2020,154,Horror,German,France,PG-13,0,45000000,13500000,7.6,6.9,7.0,Medium
TMDB-40805,The Green Hornet,2006,87,Comedy,Japanese,France,PG-13,0,103000000,30900000,9.2,6.6,7.6,High
TMDB-53182,300: Rise of an Empire,2010,154,Horror,French,France,PG-13,0,35000000,10500000,6.8,10.0,7.8,High
TMDB-41513,The Smurfs,2002,88,Documentary,Korean,France,PG-13,0,99000000,29700000,9.8,8.5,8.6,High
TMDB-13700,Home on the Range,2018,121,Thriller,Hindi,India,R,0,67000000,20100000,6.8,7.5,6.9,Medium
TMDB-262504,Allegiant,2013,154,Mystery,Tamil,India,PG-13,0,110000000,33000000,9.8,9.1,8.8,High
TMDB-39254,Real Steel,2015,116,Drama,English,USA,PG-13,0,112000000,33600000,9.8,10.0,9.1,High
TMDB-77931,The Smurfs 2,2013,96,Drama,Tamil,India,PG-13,0,62000000,18600000,9.8,8.8,8.7,High
TMDB-1639,Speed 2: Cruise Control,2005,142,Animation,Korean,France,PG-13,0,78000000,23400000,9.8,6.9,8.0,High
TMDB-80274,Ender's Game,2018,87,Comedy,English,USA,PG-13,0,43000000,12900000,9.2,7.4,7.9,High
TMDB-1571,Live Free or Die Hard,2009,157,Animation,Telugu,India,PG-13,0,58000000,17400000,8.4,7.8,7.7,High
TMDB-120,The Lord of the Rings: The Fellowship of the Ring,2006,96,Thriller,German,France,PG-13,0,7000000,2100000,9.8,8.1,8.4,High
TMDB-10204,Around the World in 80 Days,2023,138,Sci-Fi,Korean,France,PG-13,0,24000000,7200000,9.8,8.1,8.4,High
TMDB-8489,Ali,2009,150,Romance,Japanese,France,PG-13,0,106000000,31800000,9.8,10.0,9.1,High
TMDB-10588,The Cat in the Hat,2009,135,Romance,Tamil,India,R,0,106000000,31800000,6.8,6.3,6.5,Medium
TMDB-2048,"I, Robot",2017,113,Sci-Fi,French,France,PG-13,0,114000000,34200000,9.8,7.5,8.2,High
TMDB-1495,Kingdom of Heaven,2012,114,Horror,Hindi,India,PG-13,0,85000000,25500000,9.8,7.4,8.2,High
TMDB-10137,Stuart Little,2007,163,Sci-Fi,Telugu,India,PG-13,0,104000000,31200000,9.8,7.2,8.1,High
TMDB-10198,The Princess and the Frog,2007,142,Animation,Korean,France,PG-13,0,8000000,2400000,8.4,7.8,7.7,High
TMDB-286217,The Martian,2003,162,Animation,Hindi,India,PG-13,0,28000000,8400000,9.8,10.0,9.1,High
TMDB-1635,The Island,2019,108,Sci-Fi,Spanish,France,PG-13,0,44000000,13200000,9.8,9.9,9.1,High
TMDB-24113,Town & Country,2011,118,Sci-Fi,Japanese,France,PG-13,0,84000000,25200000,9.8,6.2,7.8,High
TMDB-9679,Gone in Sixty Seconds,2008,114,Horror,Spanish,France,PG-13,0,105000000,31500000,8.4,7.8,7.7,High
TMDB-98,Gladiator,2005,108,Sci-Fi,Korean,France,PG-13,0,54000000,16200000,9.8,9.6,9.0,High
TMDB-180,Minority Report,2008,153,Documentary,Telugu,India,PG-13,0,9000000,2700000,9.8,7.8,8.3,High
TMDB-672,Harry Potter and the Chamber of Secrets,2018,141,Thriller,English,USA,PG-13,0,67000000,20100000,9.8,10.0,9.1,High
TMDB-36557,Casino Royale,2001,151,Drama,Hindi,India,PG-13,0,2000000,600000,9.8,10.0,9.1,High
TMDB-869,Planet of the Apes,2022,112,Comedy,French,France,PG-13,0,23000000,6900000,9.8,7.8,8.3,High
TMDB-280,Terminator 2: Judgment Day,2005,129,Mystery,Japanese,France,PG-13,0,30000000,9000000,9.8,10.0,9.1,High
TMDB-11322,Public Enemies,2016,154,Horror,Tamil,India,PG-13,0,65000000,19500000,9.8,10.0,9.1,High
TMDB-4982,American Gangster,2014,150,Action,Spanish,France,PG-13,0,111000000,33300000,9.8,10.0,9.1,High
TMDB-36955,True Lies,2022,127,Comedy,Hindi,India,PG-13,0,23000000,6900000,9.8,6.2,7.8,High
TMDB-18487,The Taking of Pelham 1 2 3,2005,145,Romance,French,France,PG-13,0,6000000,1800000,9.8,7.6,8.3,High
TMDB-39451,Little Fockers,2014,87,Comedy,French,France,PG-13,0,63000000,18900000,9.8,7.2,8.1,High
TMDB-27581,The Other Guys,2002,109,Horror,Korean,France,PG-13,0,75000000,22500000,9.8,8.5,8.6,High
TMDB-9268,Eraser,2010,130,Action,English,USA,PG-13,0,11000000,3300000,9.8,7.2,8.1,High
TMDB-68718,Django Unchained,2020,169,Horror,English,USA,PG-13,0,45000000,13500000,9.8,10.0,9.1,High
TMDB-10545,The Hunchback of Notre Dame,2002,103,Documentary,Telugu,India,PG-13,0,99000000,29700000,7.6,7.0,7.1,Medium
TMDB-11688,The Emperor's New Groove,2010,148,Documentary,French,France,PG-13,0,59000000,17700000,8.4,6.3,7.2,Medium
TMDB-76163,The Expendables 2,2016,118,Documentary,Japanese,France,PG-13,0,89000000,26700000,9.8,7.0,8.1,High
TMDB-2059,National Treasure,2015,141,Drama,French,France,PG-13,0,112000000,33600000,9.8,9.6,9.0,High
TMDB-2486,Eragon,2018,92,Comedy,Hindi,India,R,0,43000000,12900000,6.8,6.8,6.6,Medium
TMDB-16523,Where the Wild Things Are,2014,117,Comedy,Japanese,France,PG-13,0,63000000,18900000,9.2,7.0,7.8,High
TMDB-116711,Epic,2001,147,Animation,Korean,France,PG-13,0,98000000,29400000,8.4,8.0,7.8,High
TMDB-37710,The Tourist,2021,124,Mystery,Spanish,France,PG-13,0,70000000,21000000,7.6,10.0,8.1,High
TMDB-9946,End of Days,2018,113,Documentary,Hindi,India,PG-13,0,19000000,5700000,9.8,6.6,7.9,High
TMDB-1372,Blood Diamond,2009,130,Romance,German,France,PG-13,0,106000000,31800000,9.8,7.6,8.3,High
TMDB-106646,The Wolf of Wall Street,2016,88,Documentary,Korean,France,PG-13,0,89000000,26700000,9.8,10.0,9.1,High
TMDB-414,Batman Forever,2018,140,Action,Telugu,India,PG-13,0,91000000,27300000,9.8,7.0,8.1,High
TMDB-563,Starship Troopers,2005,128,Sci-Fi,French,France,PG-13,0,54000000,16200000,9.8,7.4,8.2,High
TMDB-83542,Cloud Atlas,2006,152,Comedy,German,France,PG-13,0,103000000,30900000,9.8,8.6,8.6,High
TMDB-41216,Legend of the Guardians: The Owls of Ga'Hoole,2002,129,Horror,Telugu,India,PG-13,0,75000000,22500000,9.8,7.6,8.3,High
TMDB-314,Catwoman,2006,97,Comedy,Spanish,France,PG-13,0,103000000,30900000,6.8,10.0,7.8,High
TMDB-184315,Hercules,2005,139,Mystery,Korean,France,PG-13,0,30000000,9000000,9.8,8.1,8.4,High
TMDB-9016,Treasure Planet,2017,163,Sci-Fi,German,France,PG-13,0,114000000,34200000,8.4,8.4,7.9,High
TMDB-18162,Land of the Lost,2011,126,Drama,French,France,PG-13,0,12000000,3600000,9.2,7.2,7.9,High
TMDB-138103,The Expendables 3,2019,88,Sci-Fi,Spanish,France,PG-13,0,44000000,13200000,6.8,8.7,7.3,Medium
TMDB-257088,Point Break,2018,96,Thriller,Spanish,France,R,0,67000000,20100000,6.8,6.7,6.6,Medium
TMDB-10214,Son of the Mask,2012,163,Documentary,Korean,France,R,0,109000000,32700000,7.6,5.8,6.6,Medium
TMDB-205775,In the Heart of the Sea,2003,106,Drama,English,USA,PG-13,0,52000000,15600000,9.8,8.1,8.4,High
TMDB-11692,The Adventures of Pluto Nash,2007,151,Drama,Hindi,India,PG-13,0,32000000,9600000,8.4,6.7,7.3,Medium
TMDB-22972,Green Zone,2008,147,Comedy,Hindi,India,PG-13,0,33000000,9900000,9.8,10.0,9.1,High
TMDB-227973,The Peanuts Movie,2022,124,Horror,Tamil,India,PG-13,0,95000000,28500000,7.6,6.7,7.0,Medium
TMDB-29193,The Spanish Prisoner,2013,127,Animation,French,France,R,0,38000000,11400000,7.6,5.7,6.6,Medium
TMDB-1734,The Mummy Returns,2016,119,Horror,French,France,PG-13,0,65000000,19500000,9.2,7.3,7.9,High
TMDB-3131,Gangs of New York,2005,151,Drama,Tamil,India,PG-13,0,102000000,30600000,9.8,8.5,8.6,High
TMDB-76758,The Flowers of War,2001,110,Romance,Japanese,France,PG-13,0,26000000,7800000,9.8,6.0,7.7,High
TMDB-9408,Surf's Up,2006,89,Horror,Japanese,France,R,0,55000000,16500000,6.8,6.8,6.6,Medium
TMDB-9890,The Stepford Wives,2014,165,Action,Japanese,France,PG-13,0,111000000,33300000,9.8,7.6,8.3,High
TMDB-855,Black Hawk Down,2002,106,Thriller,Spanish,France,PG-13,0,27000000,8100000,9.8,9.1,8.8,High
TMDB-77953,The Campaign,2000,169,Horror,Korean,France,PG-13,0,25000000,7500000,9.8,7.5,8.2,High
TMDB-18,The Fifth Element,2003,104,Mystery,German,France,PG-13,0,100000000,30000000,9.8,10.0,9.1,High
TMDB-37786,Sex and the City 2,2014,140,Action,Hindi,India,PG-13,0,111000000,33300000,6.8,8.8,7.3,Medium
TMDB-10501,The Road to El Dorado,2023,169,Mystery,Telugu,India,PG-13,0,120000000,36000000,8.4,6.4,7.2,Medium
TMDB-57800,Ice Age: Continental Drift,2023,94,Mystery,Hindi,India,PG-13,0,120000000,36000000,7.6,9.4,7.9,High
TMDB-150689,Cinderella,2011,92,Animation,Japanese,France,PG-13,0,108000000,32400000,9.8,10.0,9.1,High
TMDB-7980,The Lovely Bones,2009,153,Sci-Fi,Hindi,India,PG-13,0,34000000,10200000,9.8,7.0,8.1,High
TMDB-12,Finding Nemo,2014,108,Documentary,Korean,France,PG-13,0,39000000,11700000,9.2,7.9,8.1,High
TMDB-122,The Lord of the Rings: The Return of the King,2009,128,Sci-Fi,Spanish,France,PG-13,0,34000000,10200000,9.8,8.5,8.6,High
TMDB-121,The Lord of the Rings: The Two Towers,2023,140,Romance,Hindi,India,PG-13,0,96000000,28800000,9.8,9.1,8.8,High
TMDB-68737,Seventh Son,2020,131,Thriller,French,France,PG-13,0,117000000,35100000,7.6,9.2,7.8,High
TMDB-1995,Lara Croft: Tomb Raider,2011,132,Animation,Tamil,India,PG-13,0,108000000,32400000,9.8,7.8,8.3,High
TMDB-157353,Transcendence,2022,160,Action,Korean,France,PG-13,0,71000000,21300000,6.8,9.9,7.7,High
TMDB-331,Jurassic Park III,2016,138,Documentary,Spanish,France,PG-13,0,89000000,26700000,9.2,6.8,7.7,High
TMDB-61791,Rise of the Planet of the Apes,2012,110,Action,Hindi,India,PG-13,0,61000000,18300000,7.6,8.4,7.6,High
TMDB-8204,The Spiderwick Chronicles,2017,143,Sci-Fi,Korean,France,PG-13,0,114000000,34200000,9.8,6.1,7.7,High
TMDB-47964,A Good Day to Die Hard,2012,133,Documentary,German,France,PG-13,0,109000000,32700000,9.2,7.4,7.9,High
TMDB-10733,The Alamo,2021,118,Sci-Fi,Tamil,India,PG-13,0,94000000,28200000,9.2,7.4,7.9,High
TMDB-9806,The Incredibles,2006,163,Documentary,German,France,PG-13,0,79000000,23700000,9.2,10.0,8.8,High
TMDB-1408,Cutthroat Island,2019,107,Animation,Spanish,France,PG-13,0,68000000,20400000,9.8,8.7,8.7,High
TMDB-32657,Percy Jackson & the Olympians: The Lightning Thief,2004,147,Comedy,Hindi,India,PG-13,0,53000000,15900000,9.8,10.0,9.1,High
TMDB-607,Men in Black,2020,164,Horror,Tamil,India,PG-13,0,45000000,13500000,9.8,7.2,8.1,High
TMDB-863,Toy Story 2,2014,159,Horror,German,France,PG-13,0,15000000,4500000,9.2,7.9,8.1,High
TMDB-44048,Unstoppable,2011,125,Romance,Hindi,India,PG-13,0,36000000,10800000,9.8,7.4,8.2,High
TMDB-5175,Rush Hour 2,2007,115,Romance,Tamil,India,PG-13,0,56000000,16800000,9.8,6.9,8.0,High
TMDB-2655,What Lies Beneath,2005,164,Mystery,Japanese,France,PG-13,0,30000000,9000000,9.8,6.8,8.0,High
TMDB-22794,Cloudy with a Chance of Meatballs,2014,95,Action,Hindi,India,PG-13,0,111000000,33300000,9.2,9.9,8.8,High
TMDB-8355,Ice Age: Dawn of the Dinosaurs,2013,152,Animation,German,France,PG-13,0,38000000,11400000,9.2,8.2,8.2,High
TMDB-116745,The Secret Life of Walter Mitty,2007,87,Animation,Tamil,India,PG-13,0,8000000,2400000,9.8,6.6,7.9,High
TMDB-4327,Charlie's Angels,2013,96,Drama,Tamil,India,PG-13,0,62000000,18600000,9.8,6.9,8.0,High
TMDB-1422,The Departed,2007,93,Sci-Fi,Telugu,India,PG-13,0,104000000,31200000,9.8,10.0,9.1,High
TMDB-10674,Mulan,2009,142,Animation,German,France,R,0,58000000,17400000,6.8,7.5,6.9,Medium
TMDB-7446,Tropic Thunder,2010,149,Horror,Japanese,France,PG-13,0,35000000,10500000,9.8,10.0,9.1,High
TMDB-65754,The Girl with the Dragon Tattoo,2021,90,Romance,French,France,PG-13,0,46000000,13800000,9.8,10.0,9.1,High
TMDB-1572,Die Hard: With a Vengeance,2016,96,Thriller,Japanese,France,PG-13,0,17000000,5100000,9.8,7.0,8.1,High
TMDB-10528,Sherlock Holmes,2010,85,Action,Korean,France,PG-13,0,11000000,3300000,9.8,10.0,9.1,High
TMDB-271969,Ben-Hur,2005,124,Mystery,Korean,France,PG-13,0,30000000,9000000,9.2,7.3,7.9,High
TMDB-10865,Atlantis: The Lost Empire,2005,135,Romance,Hindi,India,PG-13,0,6000000,1800000,7.6,6.8,7.0,Medium
TMDB-258509,Alvin and the Chipmunks: The Road Chip,2014,168,Documentary,English,USA,PG-13,0,39000000,11700000,9.2,8.2,8.2,High
TMDB-2253,Valkyrie,2000,135,Action,French,France,PG-13,0,1000000,300000,9.8,9.2,8.8,High
TMDB-10661,You Don't Mess with the Zohan,2010,159,Horror,German,France,PG-13,0,35000000,10500000,9.8,10.0,9.1,High
TMDB-257344,Pixels,2018,124,Horror,Spanish,France,PG-13,0,115000000,34500000,9.8,10.0,9.1,High
TMDB-644,A.I. Artificial Intelligence,2021,87,Animation,German,France,PG-13,0,118000000,35400000,9.8,7.8,8.3,High
TMDB-10756,The Haunted Mansion,2011,103,Sci-Fi,Spanish,France,PG-13,0,84000000,25200000,9.8,8.0,8.4,High
TMDB-686,Contact,2001,166,Drama,English,USA,PG-13,0,2000000,600000,9.8,10.0,9.1,High
TMDB-9383,Hollow Man,2005,160,Romance,Korean,France,PG-13,0,6000000,1800000,9.8,6.2,7.8,High
TMDB-179,The Interpreter,2014,142,Comedy,Tamil,India,PG-13,0,63000000,18900000,9.8,7.5,8.2,High
TMDB-76285,Percy Jackson: Sea of Monsters,2010,136,Thriller,Tamil,India,PG-13,0,107000000,32100000,8.4,7.6,7.6,High
TMDB-1996,Lara Croft Tomb Raider: The Cradle of Life,2021,162,Animation,Hindi,India,PG-13,0,118000000,35400000,9.8,6.6,7.9,High
TMDB-291805,Now You See Me 2,2022,155,Action,Hindi,India,PG-13,0,71000000,21300000,9.8,10.0,9.1,High
TMDB-10003,The Saint,2008,136,Thriller,French,France,PG-13,0,57000000,17100000,9.8,8.4,8.5,High
TMDB-1535,Spy Game,2014,91,Thriller,Korean,France,PG-13,0,87000000,26100000,9.8,6.7,8.0,High
TMDB-2067,Mission to Mars,2001,109,Mystery,Tamil,India,PG-13,0,50000000,15000000,9.8,7.0,8.1,High
TMDB-46195,Rio,2007,110,Romance,French,France,PG-13,0,56000000,16800000,9.2,6.6,7.6,High
TMDB-2277,Bicentennial Man,2003,133,Sci-Fi,Spanish,France,PG-13,0,4000000,1200000,9.8,7.0,8.1,High
TMDB-10357,Volcano,2002,100,Action,Korean,France,PG-13,0,51000000,15300000,7.6,6.9,7.0,Medium
TMDB-4477,The Devil's Own,2008,154,Horror,German,France,PG-13,0,105000000,31500000,7.6,7.0,7.1,Medium
TMDB-8665,K-19: The Widowmaker,2013,122,Animation,Tamil,India,PG-13,0,38000000,11400000,8.4,8.5,8.0,High
TMDB-9387,Conan the Barbarian,2013,97,Animation,English,USA,PG-13,0,38000000,11400000,8.4,7.0,7.4,Medium
TMDB-921,Cinderella Man,2004,130,Action,Telugu,India,PG-13,0,101000000,30300000,9.8,10.0,9.1,High
TMDB-49852,The Nutcracker: The Untold Story,2007,127,Animation,German,France,R,0,8000000,2400000,7.6,6.4,6.9,Medium
TMDB-4464,Seabiscuit,2000,122,Comedy,English,USA,PG-13,0,73000000,21900000,8.4,6.4,7.2,Medium
TMDB-664,Twister,2012,93,Documentary,German,France,PG-13,0,109000000,32700000,9.8,6.9,8.0,High
TMDB-8358,Cast Away,2005,139,Mystery,Telugu,India,PG-13,0,30000000,9000000,9.8,6.7,8.0,High
TMDB-9836,Happy Feet,2016,94,Horror,German,France,PG-13,0,65000000,19500000,9.8,7.4,8.2,High
TMDB-2502,The Bourne Supremacy,2007,118,Sci-Fi,French,France,PG-13,0,104000000,31200000,9.8,10.0,9.1,High
TMDB-9772,Air Force One,2000,113,Documentary,French,France,PG-13,0,49000000,14700000,9.8,9.6,9.0,High
TMDB-161,Ocean's Eleven,2005,169,Mystery,English,USA,PG-13,0,30000000,9000000,9.8,7.8,8.3,High
TMDB-52451,The Three Musketeers,2012,151,Thriller,Tamil,India,PG-13,0,37000000,11100000,9.8,6.8,8.0,High
TMDB-76492,Hotel Transylvania,2012,167,Comedy,German,France,PG-13,0,13000000,3900000,8.4,7.9,7.7,High
TMDB-4523,Enchanted,2014,137,Comedy,Spanish,France,PG-13,0,63000000,18900000,7.6,6.8,7.0,Medium
TMDB-59961,Safe House,2018,132,Comedy,German,France,PG-13,0,43000000,12900000,8.4,7.0,7.4,Medium
TMDB-10481,102 Dalmatians,2021,124,Mystery,Hindi,India,R,0,70000000,21000000,7.6,5.6,6.6,Medium
TMDB-59108,Tower Heist,2006,156,Thriller,Tamil,India,PG-13,0,7000000,2100000,9.8,10.0,9.1,High
TMDB-1581,The Holiday,2018,130,Action,English,USA,PG-13,0,91000000,27300000,9.8,7.5,8.2,High
TMDB-9798,Enemy of the State,2012,135,Action,Korean,France,PG-13,0,61000000,18300000,9.8,10.0,9.1,High
TMDB-22897,It's Complicated,2010,147,Comedy,Telugu,India,PG-13,0,83000000,24900000,9.8,8.0,8.4,High
TMDB-298,Ocean's Thirteen,2010,129,Horror,English,USA,PG-13,0,35000000,10500000,9.8,8.0,8.4,High
TMDB-7484,Open Season,2016,95,Action,Korean,France,R,0,41000000,12300000,6.8,7.0,6.7,Medium
TMDB-157350,Divergent,2013,149,Mystery,Tamil,India,PG-13,0,110000000,33000000,9.2,7.5,8.0,High
TMDB-853,Enemy at the Gates,2015,101,Drama,Korean,France,PG-13,0,112000000,33600000,9.2,6.9,7.8,High
TMDB-10159,The Rundown,2016,107,Comedy,Telugu,India,PG-13,0,113000000,33900000,9.8,7.5,8.2,High
TMDB-9593,Last Action Hero,2015,147,Animation,Tamil,India,PG-13,0,88000000,26400000,9.8,7.6,8.3,High
TMDB-1904,Memoirs of a Geisha,2007,152,Animation,French,France,PG-13,0,8000000,2400000,9.8,7.5,8.2,High
TMDB-9615,The Fast and the Furious: Tokyo Drift,2002,103,Documentary,Hindi,India,PG-13,0,99000000,29700000,9.8,10.0,9.1,High
TMDB-51052,Arthur Christmas,2020,128,Documentary,German,France,PG-13,0,69000000,20700000,7.6,10.0,8.1,High
TMDB-297,Meet Joe Black,2010,152,Comedy,Telugu,India,PG-13,0,83000000,24900000,9.2,6.3,7.5,High
TMDB-9884,Collateral Damage,2006,122,Comedy,Spanish,France,PG-13,0,103000000,30900000,9.2,7.5,8.0,High
TMDB-16858,All That Jazz,2012,137,Comedy,English,USA,PG-13,0,13000000,3900000,7.6,7.9,7.4,Medium
TMDB-62764,Mirror Mirror,2005,137,Animation,Hindi,India,PG-13,0,78000000,23400000,9.2,9.0,8.5,High
TMDB-22538,Scott Pilgrim vs. the World,2021,122,Animation,Spanish,France,PG-13,0,118000000,35400000,9.2,8.6,8.3,High
TMDB-9341,The Core,2006,152,Comedy,Japanese,France,PG-13,0,103000000,30900000,9.2,10.0,8.8,High
TMDB-12107,Nutty Professor II: The Klumps,2021,101,Drama,Tamil,India,PG-13,0,22000000,6600000,9.8,7.3,8.2,High
TMDB-9637,Scooby-Doo,2019,160,Romance,Japanese,France,PG-13,0,116000000,34800000,9.8,6.3,7.8,High
TMDB-49049,Dredd,2002,88,Documentary,English,USA,PG-13,0,99000000,29700000,7.6,6.8,7.0,Medium
TMDB-9339,Click,2000,114,Horror,German,France,PG-13,0,25000000,7500000,9.8,7.9,8.4,High
TMDB-16281,Creepshow,2021,132,Animation,English,USA,PG-13,0,118000000,35400000,9.8,7.5,8.2,High
TMDB-39691,Cats & Dogs 2 : The Revenge of Kitty Galore,2020,168,Documentary,Korean,France,PG-13,0,69000000,20700000,8.4,7.2,7.5,High
TMDB-8247,Jumper,2009,137,Animation,German,France,PG-13,0,58000000,17400000,9.8,7.5,8.2,High
TMDB-11253,Hellboy II: The Golden Army,2000,157,Comedy,Tamil,India,PG-13,0,73000000,21900000,9.8,6.3,7.8,High
TMDB-1949,Zodiac,2008,92,Comedy,Tamil,India,PG-13,0,33000000,9900000,9.8,8.1,8.4,High
TMDB-8452,The 6th Day,2021,153,Sci-Fi,Spanish,France,PG-13,0,94000000,28200000,9.2,6.4,7.6,High
TMDB-310,Bruce Almighty,2019,89,Mystery,Korean,France,PG-13,0,20000000,6000000,9.8,6.3,7.8,High
TMDB-27578,The Expendables,2021,128,Sci-Fi,Spanish,France,PG-13,0,94000000,28200000,7.6,7.6,7.3,Medium
TMDB-954,Mission: Impossible,2011,112,Animation,Telugu,India,PG-13,0,108000000,32400000,9.8,8.6,8.6,High
TMDB-70160,The Hunger Games,2005,143,Sci-Fi,Telugu,India,PG-13,0,54000000,16200000,8.4,10.0,8.5,High
TMDB-45243,The Hangover Part II,2015,110,Romance,Spanish,France,PG-13,0,16000000,4800000,9.8,7.9,8.4,High
TMDB-364,Batman Returns,2007,117,Animation,French,France,PG-13,0,8000000,2400000,9.8,6.3,7.8,High
TMDB-7518,Over the Hedge,2017,89,Mystery,Hindi,India,PG-13,0,90000000,27000000,7.6,7.0,7.1,Medium
TMDB-11544,Lilo & Stitch,2008,113,Documentary,Tamil,India,PG-13,0,9000000,2700000,8.4,6.3,7.2,Medium
TMDB-9986,Charlotte's Web,2021,112,Animation,Hindi,India,PG-13,0,118000000,35400000,9.8,10.0,9.1,High
TMDB-8656,Deep Impact,2008,106,Thriller,Spanish,France,PG-13,0,57000000,17100000,8.4,8.1,7.8,High
TMDB-146216,RED 2,2011,161,Drama,Japanese,France,PG-13,0,12000000,3600000,9.2,10.0,8.8,High
TMDB-9291,The Longest Yard,2008,150,Action,Telugu,India,PG-13,0,81000000,24300000,9.8,8.8,8.7,High
TMDB-55301,Alvin and the Chipmunks: Chipwrecked,2000,90,Action,Hindi,India,PG-13,0,1000000,300000,9.2,6.3,7.5,High
TMDB-109418,Grown Ups 2,2021,156,Drama,Hindi,India,PG-13,0,22000000,6600000,9.8,10.0,9.1,High
TMDB-11665,Get Smart,2001,156,Drama,French,France,PG-13,0,2000000,600000,9.8,6.8,8.0,High
TMDB-6964,Something's Gotta Give,2010,158,Documentary,Korean,France,PG-13,0,59000000,17700000,9.8,6.3,7.8,High
TMDB-11324,Shutter Island,2022,125,Action,Korean,France,PG-13,0,71000000,21300000,9.8,8.1,8.4,High
TMDB-12193,Four Christmases,2021,158,Sci-Fi,German,France,PG-13,0,94000000,28200000,8.4,8.0,7.8,High
TMDB-9928,Robots,2023,106,Drama,German,France,PG-13,0,72000000,21600000,8.4,7.4,7.6,High
TMDB-754,Face/Off,2022,91,Thriller,French,France,PG-13,0,47000000,14100000,9.8,7.6,8.3,High
TMDB-10202,Bedtime Stories,2007,127,Animation,French,France,PG-13,0,8000000,2400000,9.8,10.0,9.1,High
TMDB-4147,Road to Perdition,2001,138,Sci-Fi,Hindi,India,PG-13,0,74000000,22200000,9.8,8.8,8.7,High
TMDB-50546,Just Go with It,2012,111,Thriller,German,France,PG-13,0,37000000,11100000,9.8,7.5,8.2,High
TMDB-1701,Con Air,2022,114,Horror,Korean,France,PG-13,0,95000000,28500000,9.8,10.0,9.1,High
TMDB-13027,Eagle Eye,2003,101,Drama,Korean,France,PG-13,0,52000000,15600000,9.2,7.4,7.9,High
TMDB-2289,Cold Mountain,2002,107,Comedy,German,France,PG-13,0,3000000,900000,8.4,7.8,7.7,High
TMDB-20504,The Book of Eli,2000,86,Thriller,German,France,PG-13,0,97000000,29100000,8.4,10.0,8.5,High
TMDB-9574,Flubber,2002,137,Comedy,French,France,PG-13,0,3000000,900000,9.8,6.9,8.0,High
TMDB-11618,The Haunting,2002,164,Horror,Telugu,India,PG-13,0,75000000,22500000,9.8,7.5,8.2,High
TMDB-2300,Space Jam,2022,157,Comedy,Hindi,India,PG-13,0,23000000,6900000,6.8,8.4,7.2,Medium
TMDB-12096,The Pink Panther,2008,165,Action,English,USA,PG-13,0,81000000,24300000,9.8,7.6,8.3,High
TMDB-10200,The Day the Earth Stood Still,2018,148,Documentary,German,France,PG-13,0,19000000,5700000,9.2,7.2,7.9,High
TMDB-8834,Conspiracy Theory,2009,98,Sci-Fi,Hindi,India,PG-13,0,34000000,10200000,9.8,7.0,8.1,High
TMDB-228150,Fury,2017,95,Romance,French,France,PG-13,0,66000000,19800000,9.8,7.4,8.2,High
TMDB-6068,Six Days Seven Nights,2003,153,Sci-Fi,Hindi,India,PG-13,0,4000000,1200000,9.8,10.0,9.1,High
TMDB-41515,Yogi Bear,2002,129,Horror,Tamil,India,PG-13,0,75000000,22500000,7.6,6.7,7.0,Medium
TMDB-9023,Spirit: Stallion of the Cimarron,2004,102,Comedy,French,France,R,0,53000000,15900000,6.8,6.8,6.6,Medium
TMDB-38317,Zookeeper,2007,147,Animation,Japanese,France,PG-13,0,8000000,2400000,9.8,7.6,8.3,High
TMDB-2157,Lost in Space,2004,147,Comedy,Spanish,France,PG-13,0,53000000,15900000,9.8,7.4,8.2,High
TMDB-14462,The Manchurian Candidate,2020,108,Documentary,Telugu,India,PG-13,0,69000000,20700000,9.8,8.5,8.6,High
TMDB-161795,Déjà Vu,2019,129,Mystery,French,France,R,0,20000000,6000000,6.8,6.3,6.5,Medium
TMDB-159824,Hotel Transylvania 2,2020,117,Comedy,Korean,France,PG-13,0,93000000,27900000,8.4,7.6,7.6,High
TMDB-49948,Fantasia 2000,2020,131,Thriller,Telugu,India,R,0,117000000,35100000,6.8,6.4,6.5,Medium
TMDB-2135,The Time Machine,2020,94,Horror,Hindi,India,PG-13,0,45000000,13500000,8.4,8.2,7.9,High
TMDB-9822,Mighty Joe Young,2004,109,Horror,Spanish,France,PG-13,0,5000000,1500000,8.4,6.9,7.4,Medium
TMDB-9705,Swordfish,2012,167,Comedy,German,France,PG-13,0,13000000,3900000,8.4,10.0,8.5,High
TMDB-1656,The Legend of Zorro,2008,124,Horror,Hindi,India,PG-13,0,105000000,31500000,9.8,7.0,8.1,High
TMDB-12159,What Dreams May Come,2020,141,Thriller,French,France,R,0,117000000,35100000,6.8,7.2,6.8,Medium
TMDB-9678,Little Nicky,2003,117,Animation,German,France,PG-13,0,28000000,8400000,9.2,7.4,7.9,High
TMDB-4442,The Brothers Grimm,2008,126,Thriller,Japanese,France,PG-13,0,57000000,17100000,9.8,7.4,8.2,High
TMDB-75,Mars Attacks!,2005,163,Sci-Fi,German,France,PG-13,0,54000000,16200000,9.8,7.6,8.3,High
TMDB-330770,Evolution,2002,166,Thriller,German,France,R,0,27000000,8100000,6.8,5.8,6.3,Medium
TMDB-9433,The Edge,2001,167,Animation,Tamil,India,PG-13,0,98000000,29400000,9.8,5.7,7.6,High
TMDB-19959,Surrogates,2012,106,Thriller,Hindi,India,PG-13,0,37000000,11100000,9.2,10.0,8.8,High
TMDB-11973,Thirteen Days,2009,98,Sci-Fi,Japanese,France,PG-13,0,34000000,10200000,9.8,5.7,7.6,High
TMDB-11228,Daylight,2008,139,Horror,Telugu,India,PG-13,0,105000000,31500000,9.8,7.2,8.1,High
TMDB-77951,Walking With Dinosaurs,2013,155,Romance,Korean,France,R,0,86000000,25800000,7.6,6.4,6.9,Medium
TMDB-5491,Battlefield Earth,2015,113,Sci-Fi,Korean,France,R,0,64000000,19200000,6.8,6.9,6.7,Medium
TMDB-10715,Looney Tunes: Back in Action,2006,85,Action,French,France,PG-13,0,31000000,9300000,9.8,10.0,9.1,High
TMDB-10197,Nine,2013,163,Sci-Fi,French,France,PG-13,0,14000000,4200000,9.8,6.7,8.0,High
TMDB-9562,Timeline,2016,120,Action,Spanish,France,PG-13,0,41000000,12300000,9.8,6.9,8.0,High
TMDB-9922,The Postman,2016,105,Action,French,France,PG-13,0,41000000,12300000,8.4,8.0,7.8,High
TMDB-9447,Babe: Pig in the City,2000,141,Thriller,French,France,PG-13,0,97000000,29100000,9.8,7.5,8.2,High
TMDB-274854,The Last Witch Hunter,2008,164,Horror,Spanish,France,PG-13,0,105000000,31500000,8.4,7.6,7.6,High
TMDB-8870,Red Planet,2013,109,Mystery,Telugu,India,R,0,110000000,33000000,6.8,6.1,6.4,Medium
TMDB-9992,Arthur and the Invisibles,2001,104,Mystery,Tamil,India,PG-13,0,50000000,15000000,9.8,8.2,8.5,High
TMDB-36970,Oceans,2021,87,Animation,Tamil,India,R,0,118000000,35400000,7.6,6.0,6.7,Medium
TMDB-10077,A Sound of Thunder,2022,169,Horror,Spanish,France,PG-13,0,95000000,28500000,9.8,7.4,8.2,High
TMDB-76649,Pompeii,2012,131,Thriller,Tamil,India,PG-13,0,37000000,11100000,9.8,9.3,8.9,High
TMDB-293644,Top Cat Begins,2018,123,Documentary,German,France,R,0,19000000,5700000,6.8,5.7,6.3,Medium
TMDB-453,A Beautiful Mind,2017,100,Romance,German,France,PG-13,0,66000000,19800000,9.8,9.6,9.0,High
TMDB-8587,The Lion King,2022,93,Documentary,French,France,PG-13,0,119000000,35700000,6.8,8.4,7.2,Medium
TMDB-72545,Journey 2: The Mysterious Island,2010,148,Documentary,German,France,PG-13,0,59000000,17700000,8.4,6.2,7.2,Medium
TMDB-109451,Cloudy with a Chance of Meatballs 2,2020,102,Comedy,Korean,France,R,0,93000000,27900000,6.8,6.8,6.6,Medium
TMDB-9533,Red Dragon,2020,88,Documentary,French,France,PG-13,0,69000000,20700000,9.8,6.7,8.0,High
TMDB-2023,Hidalgo,2020,163,Documentary,Telugu,India,PG-13,0,69000000,20700000,9.2,6.9,7.8,High
TMDB-71880,Jack and Jill,2007,160,Romance,Korean,France,PG-13,0,56000000,16800000,9.8,7.5,8.2,High
TMDB-584,2 Fast 2 Furious,2017,155,Romance,Telugu,India,PG-13,0,66000000,19800000,9.8,9.8,9.0,High
TMDB-309809,The Little Prince,2016,112,Comedy,Spanish,France,PG-13,0,113000000,33900000,7.6,7.4,7.2,Medium
TMDB-4858,The Invasion,2006,151,Thriller,German,France,PG-13,0,7000000,2100000,7.6,7.0,7.1,Medium
TMDB-17711,The Adventures of Rocky & Bullwinkle,2017,124,Mystery,Hindi,India,R,0,90000000,27000000,6.8,7.4,6.9,Medium
TMDB-328111,The Secret Life of Pets,2001,145,Romance,Hindi,India,PG-13,0,26000000,7800000,6.8,8.7,7.3,Medium
TMDB-8698,The League of Extraordinary Gentlemen,2004,90,Action,French,France,PG-13,0,101000000,30300000,7.6,9.0,7.8,High
TMDB-93456,Despicable Me 2,2010,99,Horror,Japanese,France,PG-13,0,35000000,10500000,7.6,9.7,8.0,High
TMDB-602,Independence Day,2023,145,Romance,Hindi,India,PG-13,0,96000000,28800000,9.8,10.0,9.1,High
TMDB-330,The Lost World: Jurassic Park,2017,153,Sci-Fi,Spanish,France,PG-13,0,114000000,34200000,9.8,7.8,8.3,High
TMDB-953,Madagascar,2020,103,Documentary,Telugu,India,PG-13,0,69000000,20700000,9.2,7.5,8.0,High
TMDB-9693,Children of Men,2015,134,Mystery,Japanese,France,PG-13,0,40000000,12000000,9.2,10.0,8.8,High
TMDB-36657,X-Men,2000,158,Documentary,Hindi,India,PG-13,0,49000000,14700000,9.8,7.3,8.2,High
TMDB-8909,Wanted,2003,109,Mystery,English,USA,PG-13,0,100000000,30000000,9.2,7.2,7.9,High
TMDB-9802,The Rock,2015,141,Drama,Korean,France,PG-13,0,112000000,33600000,9.8,8.0,8.4,High
TMDB-950,Ice Age: The Meltdown,2001,129,Mystery,German,France,PG-13,0,50000000,15000000,9.2,10.0,8.8,High
TMDB-1824,50 First Dates,2012,128,Documentary,Telugu,India,PG-13,0,109000000,32700000,9.8,10.0,9.1,High
TMDB-2976,Hairspray,2013,162,Animation,English,USA,PG-13,0,38000000,11400000,9.8,10.0,9.1,High
TMDB-11026,Exorcist: The Beginning,2012,106,Thriller,Korean,France,PG-13,0,37000000,11100000,9.8,8.1,8.4,High
TMDB-332,Inspector Gadget,2005,155,Romance,Hindi,India,R,0,6000000,1800000,6.8,6.9,6.7,Medium
TMDB-75656,Now You See Me,2001,128,Sci-Fi,Korean,France,PG-13,0,74000000,22200000,9.8,7.2,8.1,High
TMDB-38365,Grown Ups,2023,101,Drama,Japanese,France,PG-13,0,72000000,21600000,9.8,7.4,8.2,High
TMDB-594,The Terminal,2005,96,Drama,Korean,France,PG-13,0,102000000,30600000,9.8,7.8,8.3,High
TMDB-15189,Hotel for Dogs,2022,151,Thriller,French,France,PG-13,0,47000000,14100000,8.4,6.9,7.4,Medium
TMDB-11678,Vertical Limit,2014,87,Comedy,Telugu,India,PG-13,0,63000000,18900000,9.8,7.2,8.1,High
TMDB-6538,Charlie Wilson's War,2016,169,Horror,French,France,PG-13,0,65000000,19500000,9.8,7.0,8.1,High
TMDB-10555,Shark Tale,2012,115,Action,English,USA,PG-13,0,61000000,18300000,7.6,6.9,7.0,Medium
TMDB-1125,Dreamgirls,2020,104,Horror,Japanese,France,PG-13,0,45000000,13500000,9.8,7.8,8.3,High
TMDB-4551,Be Cool,2009,112,Animation,English,USA,PG-13,0,58000000,17400000,9.8,10.0,9.1,High
TMDB-612,Munich,2014,85,Action,Spanish,France,PG-13,0,111000000,33300000,9.8,7.3,8.2,High
TMDB-9567,Tears of the Sun,2003,118,Sci-Fi,Korean,France,PG-13,0,4000000,1200000,9.8,8.7,8.7,High
TMDB-37821,Killers,2005,137,Animation,English,USA,PG-13,0,78000000,23400000,9.8,9.1,8.8,High
TMDB-203801,The Man from U.N.C.L.E.,2015,118,Sci-Fi,German,France,PG-13,0,64000000,19200000,9.8,8.2,8.5,High
TMDB-2539,Spanglish,2018,121,Thriller,Telugu,India,PG-13,0,67000000,20100000,8.4,6.7,7.3,Medium
TMDB-9297,Monster House,2013,89,Mystery,Telugu,India,PG-13,0,110000000,33000000,7.6,7.0,7.1,Medium
TMDB-3172,Bandits,2012,166,Thriller,Telugu,India,PG-13,0,37000000,11100000,9.8,6.2,7.8,High
TMDB-6520,First Knight,2005,116,Drama,French,France,PG-13,0,102000000,30600000,9.2,6.9,7.8,High
TMDB-1439,Anna and the King,2007,111,Drama,German,France,PG-13,0,32000000,9600000,9.8,8.8,8.7,High
TMDB-37958,Immortals,2016,143,Documentary,Korean,France,PG-13,0,89000000,26700000,9.2,8.1,8.2,High
TMDB-2026,Hostage,2011,99,Mystery,Spanish,France,R,0,60000000,18000000,6.8,6.7,6.6,Medium
TMDB-7450,Titan A.E.,2001,125,Romance,English,USA,R,0,26000000,7800000,7.6,6.0,6.7,Medium
TMDB-11375,Hollywood Homicide,2014,143,Documentary,Tamil,India,PG-13,0,39000000,11700000,9.2,9.2,8.6,High
TMDB-9425,Soldier,2008,131,Thriller,Spanish,France,PG-13,0,57000000,17100000,9.8,7.3,8.2,High
TMDB-25769,Carriers,2020,111,Thriller,Hindi,India,R,0,117000000,35100000,6.8,6.6,6.6,Medium
TMDB-23685,Monkeybone,2000,124,Horror,German,France,PG-13,0,25000000,7500000,7.6,10.0,8.1,High
TMDB-11866,Flight of the Phoenix,2007,125,Romance,Telugu,India,PG-13,0,56000000,16800000,9.2,6.9,7.8,High
TMDB-9741,Unbreakable,2013,124,Mystery,Telugu,India,PG-13,0,110000000,33000000,9.8,9.8,9.0,High
TMDB-211672,Minions,2001,136,Drama,French,France,R,0,2000000,600000,6.8,7.0,6.7,Medium
TMDB-23629,Sucker Punch,2018,127,Comedy,German,France,PG-13,0,43000000,12900000,9.8,9.2,8.8,High
TMDB-8688,Snake Eyes,2021,142,Animation,Korean,France,PG-13,0,118000000,35400000,9.8,7.8,8.3,High
TMDB-10153,Sphere,2017,137,Animation,Korean,France,PG-13,0,18000000,5400000,9.8,6.4,7.9,High
TMDB-153518,The Angry Birds Movie,2015,155,Romance,Tamil,India,PG-13,0,16000000,4800000,6.8,8.8,7.3,Medium
TMDB-8676,Fool's Gold,2009,127,Animation,German,France,PG-13,0,58000000,17400000,9.8,7.0,8.1,High
TMDB-20829,Funny People,2021,116,Drama,Spanish,France,PG-13,0,22000000,6600000,9.8,10.0,9.1,High
TMDB-4349,The Kingdom,2019,151,Drama,Korean,France,PG-13,0,92000000,27600000,9.8,7.3,8.2,High
TMDB-9718,Talladega Nights: The Ballad of Ricky Bobby,2012,146,Thriller,Telugu,India,PG-13,0,37000000,11100000,9.8,7.9,8.4,High
TMDB-10808,Dr. Dolittle 2,2004,145,Action,Telugu,India,PG-13,0,101000000,30300000,9.2,10.0,8.8,High
TMDB-197,Braveheart,2012,98,Documentary,Japanese,France,PG-13,0,109000000,32700000,8.4,10.0,8.5,High
TMDB-25,Jarhead,2011,121,Drama,German,France,PG-13,0,12000000,3600000,9.8,7.4,8.2,High
TMDB-35,The Simpsons Movie,2014,167,Comedy,Spanish,France,R,0,63000000,18900000,6.8,7.5,6.9,Medium
TMDB-11086,The Majestic,2017,86,Drama,Korean,France,PG-13,0,42000000,12600000,9.2,7.0,7.8,High
TMDB-10477,Driven,2017,120,Romance,Spanish,France,PG-13,0,66000000,19800000,9.8,7.0,8.1,High
TMDB-1997,Two Brothers,2014,97,Comedy,Korean,France,PG-13,0,63000000,18900000,9.2,6.8,7.7,High
TMDB-6947,The Village,2000,169,Horror,Hindi,India,PG-13,0,25000000,7500000,9.8,6.9,8.0,High
TMDB-3050,Doctor Dolittle,2014,101,Thriller,Tamil,India,PG-13,0,87000000,26100000,9.2,6.4,7.6,High
TMDB-2675,Signs,2011,128,Sci-Fi,Japanese,France,PG-13,0,84000000,25200000,9.8,6.8,8.0,High
TMDB-809,Shrek 2,2004,96,Thriller,Tamil,India,PG-13,0,77000000,23100000,9.8,8.0,8.4,High
TMDB-920,Cars,2021,125,Romance,Japanese,France,PG-13,0,46000000,13800000,9.2,10.0,8.8,High
TMDB-4806,Runaway Bride,2022,91,Thriller,Spanish,France,PG-13,0,47000000,14100000,9.8,7.2,8.1,High
TMDB-7451,xXx,2008,160,Action,Telugu,India,PG-13,0,81000000,24300000,9.8,7.4,8.2,High
TMDB-228165,The SpongeBob Movie: Sponge Out of Water,2010,132,Comedy,Telugu,India,PG-13,0,83000000,24900000,6.8,10.0,7.8,High
TMDB-3595,Ransom,2010,167,Comedy,Telugu,India,PG-13,0,83000000,24900000,9.8,9.6,9.0,High
TMDB-16869,Inglourious Basterds,2019,155,Romance,French,France,PG-13,0,116000000,34800000,9.8,10.0,9.1,High
TMDB-879,Hook,2016,133,Documentary,Hindi,India,PG-13,0,89000000,26700000,9.8,8.6,8.6,High
TMDB-1573,Die Hard 2,2011,110,Romance,Spanish,France,PG-13,0,36000000,10800000,9.8,10.0,9.1,High
TMDB-9257,S.W.A.T.,2010,121,Thriller,German,France,PG-13,0,107000000,32100000,7.6,6.9,7.0,Medium
TMDB-1903,Vanilla Sky,2014,124,Horror,Japanese,France,PG-13,0,15000000,4500000,9.8,6.7,8.0,High
TMDB-9697,Lady in the Water,2015,131,Drama,Hindi,India,PG-13,0,112000000,33600000,9.8,6.8,8.0,High
TMDB-395,AVP: Alien vs. Predator,2006,150,Action,German,France,PG-13,0,31000000,9300000,9.8,8.0,8.4,High
TMDB-23398,Alvin and the Chipmunks: The Squeakquel,2006,163,Documentary,Korean,France,PG-13,0,79000000,23700000,9.2,7.0,7.8,High
TMDB-10590,We Were Soldiers,2005,101,Drama,Japanese,France,PG-13,0,102000000,30600000,9.2,10.0,8.8,High
TMDB-117263,Olympus Has Fallen,2012,149,Horror,German,France,PG-13,0,85000000,25500000,9.8,7.6,8.3,High
TMDB-200,Star Trek: Insurrection,2021,102,Animation,Hindi,India,PG-13,0,118000000,35400000,9.2,6.3,7.5,High
TMDB-44943,Battle: Los Angeles,2015,168,Sci-Fi,Tamil,India,PG-13,0,64000000,19200000,9.8,10.0,9.1,High
TMDB-587,Big Fish,2015,115,Romance,Spanish,France,PG-13,0,16000000,4800000,9.8,10.0,9.1,High
TMDB-10395,Wolf,2009,90,Romance,Korean,France,PG-13,0,106000000,31800000,9.8,6.8,8.0,High
TMDB-57212,War Horse,2017,169,Mystery,Korean,France,PG-13,0,90000000,27000000,9.8,8.8,8.7,High
TMDB-152760,The Monuments Men,2010,164,Horror,English,USA,PG-13,0,35000000,10500000,9.8,7.6,8.3,High
TMDB-2756,The Abyss,2014,116,Thriller,Telugu,India,PG-13,0,87000000,26100000,9.8,7.4,8.2,High
TMDB-33909,Wall Street: Money Never Sleeps,2008,142,Comedy,French,France,PG-13,0,33000000,9900000,9.8,7.4,8.2,High
TMDB-49017,Dracula Untold,2006,135,Action,Korean,France,PG-13,0,31000000,9300000,6.8,7.8,7.0,Medium
TMDB-9882,The Siege,2022,108,Documentary,German,France,PG-13,0,119000000,35700000,9.8,6.7,8.0,High
TMDB-2270,Stardust,2018,160,Action,German,France,PG-13,0,91000000,27300000,9.2,10.0,8.8,High
TMDB-978,Seven Years in Tibet,2018,107,Comedy,German,France,PG-13,0,43000000,12900000,9.2,6.2,7.5,High
TMDB-44564,The Dilemma,2007,99,Mystery,Telugu,India,PG-13,0,80000000,24000000,9.8,10.0,9.1,High
TMDB-3132,Bad Company,2023,139,Mystery,Hindi,India,PG-13,0,120000000,36000000,9.8,7.0,8.1,High
TMDB-8814,Doom,2002,110,Action,Korean,France,PG-13,0,51000000,15300000,9.8,6.8,8.0,High
TMDB-8427,I Spy,2003,163,Sci-Fi,Korean,France,PG-13,0,4000000,1200000,9.2,6.1,7.5,High
TMDB-52520,Underworld: Awakening,2005,137,Animation,French,France,PG-13,0,78000000,23400000,6.8,8.7,7.3,Medium
TMDB-80585,Rock of Ages,2001,127,Animation,French,France,PG-13,0,98000000,29400000,9.8,10.0,9.1,High
TMDB-10592,Hart's War,2015,111,Drama,Japanese,France,PG-13,0,112000000,33600000,8.4,7.4,7.6,High
TMDB-49021,Killer Elite,2021,119,Mystery,English,USA,R,0,70000000,21000000,6.8,7.2,6.8,Medium
TMDB-11535,Rollerball,2017,151,Drama,English,USA,PG-13,0,42000000,12600000,9.8,10.0,9.1,High
TMDB-10550,Ballistic: Ecks vs. Sever,2005,118,Sci-Fi,Telugu,India,R,0,54000000,16200000,6.8,5.6,6.2,Medium
TMDB-11258,Hard Rain,2018,129,Horror,Hindi,India,R,0,115000000,34500000,7.6,6.2,6.8,Medium
TMDB-12610,Osmosis Jones,2001,137,Animation,Hindi,India,PG-13,0,98000000,29400000,9.8,6.0,7.7,High
TMDB-59981,Legends of Oz: Dorothy's Return,2014,169,Horror,English,USA,R,0,15000000,4500000,6.8,6.4,6.5,Medium
TMDB-201088,Blackhat,2010,112,Comedy,German,France,PG-13,0,83000000,24900000,9.8,7.3,8.2,High
TMDB-5137,Sky Captain and the World of Tomorrow,2001,115,Romance,French,France,R,0,26000000,7800000,6.8,6.3,6.5,Medium
TMDB-3093,Basic Instinct 2,2009,155,Romance,Tamil,India,PG-13,0,106000000,31800000,9.2,9.4,8.6,High
TMDB-107846,Escape Plan,2004,122,Comedy,Hindi,India,PG-13,0,53000000,15900000,9.2,9.3,8.6,High
TMDB-188207,The Legend of Hercules,2011,104,Mystery,Korean,France,PG-13,0,60000000,18000000,9.8,7.3,8.2,High
TMDB-4614,The Sum of All Fears,2019,91,Drama,French,France,R,0,92000000,27600000,6.8,7.5,6.9,Medium
TMDB-24021,The Twilight Saga: Eclipse,2018,159,Horror,Tamil,India,PG-13,0,115000000,34500000,8.4,10.0,8.5,High
TMDB-11371,The Score,2006,165,Action,English,USA,PG-13,0,31000000,9300000,9.8,7.9,8.4,High
TMDB-20352,Despicable Me,2023,144,Mystery,Tamil,India,PG-13,0,120000000,36000000,7.6,9.0,7.8,High
TMDB-11517,Money Train,2020,135,Action,Hindi,India,R,0,21000000,6300000,6.8,6.8,6.6,Medium
TMDB-214756,Ted 2,2015,160,Romance,Telugu,India,PG-13,0,16000000,4800000,8.4,10.0,8.5,High
TMDB-26428,Agora,2016,116,Thriller,Tamil,India,PG-13,0,17000000,5100000,9.2,10.0,8.8,High
TMDB-9824,Mystery Men,2020,131,Thriller,Spanish,France,PG-13,0,117000000,35100000,6.8,8.1,7.1,Medium
TMDB-48988,Hall Pass,2016,118,Documentary,Hindi,India,PG-13,0,89000000,26700000,9.8,6.6,7.9,High
TMDB-9008,The Insider,2008,157,Comedy,Korean,France,PG-13,0,33000000,9900000,9.8,10.0,9.1,High
TMDB-300673,The Finest Hours,2021,107,Animation,German,France,PG-13,0,118000000,35400000,9.2,7.6,8.0,High
TMDB-12113,Body of Lies,2013,107,Animation,German,France,PG-13,0,38000000,11400000,9.8,7.3,8.2,High
TMDB-38778,Dinner for Schmucks,2003,136,Drama,French,France,PG-13,0,52000000,15600000,9.8,7.4,8.2,High
TMDB-72331,Abraham Lincoln: Vampire Hunter,2005,112,Animation,Korean,France,PG-13,0,78000000,23400000,9.2,9.3,8.6,High
TMDB-1844,Entrapment,2007,85,Romance,Korean,France,PG-13,0,56000000,16800000,9.2,7.5,8.0,High
TMDB-846,The X Files,2016,90,Action,Telugu,India,PG-13,0,41000000,12300000,9.2,10.0,8.8,High
TMDB-9703,The Last Legion,2013,106,Drama,Telugu,India,R,0,62000000,18600000,6.8,6.9,6.7,Medium
TMDB-857,Saving Private Ryan,2005,138,Sci-Fi,Spanish,France,PG-13,0,54000000,16200000,9.8,9.6,9.0,High
TMDB-136797,Need for Speed,2007,90,Romance,Japanese,France,PG-13,0,56000000,16800000,6.8,10.0,7.8,High
TMDB-3981,What Women Want,2009,149,Mystery,English,USA,PG-13,0,10000000,3000000,9.8,10.0,9.1,High
TMDB-425,Ice Age,2008,157,Comedy,German,France,PG-13,0,33000000,9900000,8.4,7.2,7.5,High
TMDB-6171,Dreamcatcher,2011,121,Drama,Hindi,India,PG-13,0,12000000,3600000,9.8,6.9,8.0,High
TMDB-72976,Lincoln,2015,92,Animation,Spanish,France,PG-13,0,88000000,26400000,9.8,10.0,9.1,High
TMDB-603,The Matrix,2013,153,Sci-Fi,English,USA,PG-13,0,14000000,4200000,9.8,9.3,8.9,High
TMDB-568,Apollo 13,2009,151,Drama,Spanish,France,PG-13,0,82000000,24600000,9.8,8.2,8.5,High
TMDB-9021,The Santa Clause 2,2012,134,Horror,Hindi,India,R,0,85000000,25500000,7.6,6.6,6.9,Medium
TMDB-82695,Les Misérables,2002,161,Thriller,Tamil,India,PG-13,0,27000000,8100000,8.4,10.0,8.5,High
TMDB-9489,You've Got Mail,2006,123,Documentary,Japanese,France,PG-13,0,79000000,23700000,8.4,6.9,7.4,Medium
TMDB-12133,Step Brothers,2009,101,Drama,English,USA,PG-13,0,82000000,24600000,9.8,6.9,8.0,High
TMDB-9342,The Mask of Zorro,2009,155,Romance,Tamil,India,PG-13,0,106000000,31800000,9.8,7.9,8.4,High
TMDB-41733,Due Date,2003,113,Sci-Fi,Tamil,India,PG-13,0,4000000,1200000,9.8,7.2,8.1,High
TMDB-227306,Unbroken,2012,128,Documentary,Spanish,France,PG-13,0,109000000,32700000,8.4,10.0,8.5,High
TMDB-5551,Space Cowboys,2019,102,Animation,Korean,France,PG-13,0,68000000,20400000,9.8,6.9,8.0,High
TMDB-9350,Cliffhanger,2011,134,Mystery,Japanese,France,PG-13,0,60000000,18000000,9.8,6.8,8.0,High
TMDB-9208,Broken Arrow,2014,161,Thriller,Telugu,India,PG-13,0,87000000,26100000,9.8,6.8,8.0,High
TMDB-4244,The Kid,2003,122,Animation,German,France,PG-13,0,28000000,8400000,9.8,10.0,9.1,High
TMDB-1852,World Trade Center,2021,137,Animation,German,France,PG-13,0,118000000,35400000,9.8,7.6,8.3,High
TMDB-11820,Mona Lisa Smile,2010,119,Horror,Telugu,India,PG-13,0,35000000,10500000,9.8,7.6,8.3,High
TMDB-76493,The Dictator,2003,112,Animation,French,France,PG-13,0,28000000,8400000,9.8,6.8,8.0,High
TMDB-345,Eyes Wide Shut,2014,108,Documentary,Korean,France,PG-13,0,39000000,11700000,9.8,7.0,8.1,High
TMDB-196867,Annie,2018,147,Comedy,Tamil,India,PG-13,0,43000000,12900000,8.4,9.8,8.4,High
TMDB-256591,Focus,2014,130,Action,Spanish,France,PG-13,0,111000000,33300000,8.4,9.4,8.3,High
TMDB-59962,This Means War,2015,95,Romance,Spanish,France,PG-13,0,16000000,4800000,9.8,10.0,9.1,High
TMDB-36648,Blade: Trinity,2013,137,Animation,English,USA,PG-13,0,38000000,11400000,7.6,7.4,7.2,Medium
TMDB-1880,Red Dawn,2011,163,Sci-Fi,Telugu,India,PG-13,0,84000000,25200000,8.4,7.2,7.5,High
TMDB-9440,Primary Colors,2019,86,Drama,Spanish,France,PG-13,0,92000000,27600000,9.8,7.0,8.1,High
TMDB-71679,Resident Evil: Retribution,2002,98,Documentary,English,USA,PG-13,0,99000000,29700000,9.8,8.1,8.4,High
TMDB-10483,Death Race,2013,136,Drama,Telugu,India,PG-13,0,62000000,18600000,9.8,6.6,7.9,High
TMDB-11412,The Long Kiss Goodnight,2007,120,Romance,German,France,PG-13,0,56000000,16800000,9.8,6.8,8.0,High
TMDB-11983,Proof of Life,2007,151,Drama,German,France,PG-13,0,32000000,9600000,9.8,6.1,7.7,High
TMDB-6795,Zathura: A Space Adventure,2005,92,Animation,German,France,PG-13,0,78000000,23400000,9.8,6.3,7.8,High
TMDB-550,Fight Club,2021,91,Drama,English,USA,PG-13,0,22000000,6600000,9.8,10.0,9.1,High
TMDB-11170,We Are Marshall,2017,142,Animation,Spanish,France,PG-13,0,18000000,5400000,9.8,6.0,7.7,High
TMDB-9292,Hudson Hawk,2022,145,Action,Hindi,India,PG-13,0,71000000,21300000,8.4,6.0,7.1,Medium
TMDB-10783,Lucky Numbers,2013,160,Romance,Japanese,France,PG-13,0,86000000,25800000,8.4,6.8,7.4,Medium
TMDB-100241,"I, Frankenstein",2006,163,Documentary,French,France,R,0,79000000,23700000,6.8,7.6,6.9,Medium
TMDB-257,Oliver Twist,2016,151,Thriller,Japanese,France,PG-13,0,17000000,5100000,9.8,9.1,8.8,High
TMDB-9947,Elektra,2012,112,Comedy,Spanish,France,PG-13,0,13000000,3900000,9.2,7.4,7.9,High
TMDB-189,Sin City: A Dame to Kill For,2004,150,Action,Tamil,India,PG-13,0,101000000,30300000,9.8,10.0,9.1,High
TMDB-12618,Random Hearts,2019,157,Animation,Tamil,India,PG-13,0,68000000,20400000,9.8,7.9,8.4,High
TMDB-253412,Everest,2005,102,Animation,German,France,PG-13,0,78000000,23400000,8.4,9.3,8.2,High
TMDB-1427,Perfume: The Story of a Murderer,2022,118,Documentary,Tamil,India,PG-13,0,119000000,35700000,9.8,7.9,8.4,High
TMDB-818,Austin Powers in Goldmember,2022,92,Comedy,German,France,PG-13,0,23000000,6900000,9.8,10.0,9.1,High
TMDB-16577,Astro Boy,2021,144,Mystery,German,France,PG-13,0,70000000,21000000,9.2,6.8,7.7,High
TMDB-329,Jurassic Park,2001,151,Drama,English,USA,PG-13,0,2000000,600000,9.8,8.2,8.5,High
TMDB-12160,Wyatt Earp,2012,91,Thriller,Hindi,India,PG-13,0,37000000,11100000,9.8,7.9,8.4,High
TMDB-9331,Clear and Present Danger,2016,117,Comedy,Tamil,India,PG-13,0,113000000,33900000,9.8,7.2,8.1,High
TMDB-300168,Dragon Blade,2004,97,Comedy,Tamil,India,PG-13,0,53000000,15900000,7.6,9.4,7.9,High
TMDB-9072,Little Man,2010,142,Comedy,Japanese,France,PG-13,0,83000000,24900000,9.2,5.7,7.3,Medium
TMDB-3536,U-571,2021,130,Romance,Hindi,India,PG-13,0,46000000,13800000,9.2,6.3,7.5,High
TMDB-9087,The American President,2002,109,Horror,Japanese,France,PG-13,0,75000000,22500000,9.8,7.2,8.1,High
TMDB-12177,The Love Guru,2021,96,Drama,Tamil,India,R,0,22000000,6600000,6.8,7.3,6.8,Medium
TMDB-12138,3000 Miles to Graceland,2013,167,Animation,German,France,R,0,38000000,11400000,6.8,6.6,6.6,Medium
TMDB-273248,The Hateful Eight,2017,103,Sci-Fi,Telugu,India,PG-13,0,114000000,34200000,9.8,7.2,8.1,High
TMDB-9955,Blades of Glory,2021,169,Mystery,Tamil,India,PG-13,0,70000000,21000000,7.6,8.5,7.6,High
TMDB-50359,Hop,2022,97,Comedy,Hindi,India,PG-13,0,23000000,6900000,9.8,6.3,7.8,High
TMDB-1271,300,2016,99,Horror,Tamil,India,PG-13,0,65000000,19500000,9.8,10.0,9.1,High
TMDB-693,Meet the Fockers,2012,90,Action,Korean,France,PG-13,0,61000000,18300000,9.8,7.3,8.2,High
TMDB-14306,Marley & Me,2003,102,Animation,French,France,PG-13,0,28000000,8400000,9.2,9.3,8.6,High
TMDB-497,The Green Mile,2022,134,Horror,German,France,PG-13,0,95000000,28500000,9.2,9.0,8.5,High
TMDB-11199,Wild Hogs,2017,93,Sci-Fi,French,France,PG-13,0,114000000,34200000,9.2,7.0,7.8,High
TMDB-9982,Chicken Little,2007,93,Sci-Fi,French,France,PG-13,0,104000000,31200000,8.4,7.9,7.7,High
TMDB-210577,Gone Girl,2015,104,Mystery,English,USA,PG-13,0,40000000,12000000,9.8,10.0,9.1,High
TMDB-2501,The Bourne Identity,2017,114,Mystery,German,France,PG-13,0,90000000,27000000,9.8,10.0,9.1,High
TMDB-710,GoldenEye,2013,147,Animation,Japanese,France,PG-13,0,38000000,11400000,9.8,7.4,8.2,High
TMDB-2275,The General's Daughter,2010,141,Thriller,French,France,PG-13,0,107000000,32100000,9.8,6.9,8.0,High
TMDB-37165,The Truman Show,2012,130,Action,English,USA,PG-13,0,61000000,18300000,9.2,8.0,8.1,High
TMDB-9837,The Prince of Egypt,2020,114,Horror,French,France,PG-13,0,45000000,13500000,8.4,7.6,7.6,High
TMDB-10708,Daddy Day Care,2019,147,Animation,German,France,PG-13,0,68000000,20400000,9.2,10.0,8.8,High
TMDB-136400,2 Guns,2002,150,Action,Korean,France,PG-13,0,51000000,15300000,8.4,10.0,8.5,High
TMDB-10992,Cats & Dogs,2009,101,Drama,English,USA,R,0,82000000,24600000,7.6,6.0,6.7,Medium
TMDB-9654,The Italian Job,2006,162,Comedy,English,USA,PG-13,0,103000000,30900000,9.8,7.6,8.3,High
TMDB-2642,Two Weeks Notice,2009,133,Sci-Fi,Korean,France,PG-13,0,34000000,10200000,8.4,8.1,7.8,High
TMDB-8916,Antz,2014,168,Documentary,Hindi,India,PG-13,0,39000000,11700000,9.2,7.2,7.9,High
TMDB-19899,Couples Retreat,2013,146,Drama,Japanese,France,R,0,62000000,18600000,6.8,7.2,6.8,Medium
TMDB-2119,Days of Thunder,2015,159,Mystery,German,France,PG-13,0,40000000,12000000,9.8,6.4,7.9,High
TMDB-9641,Cheaper by the Dozen 2,2012,127,Comedy,Tamil,India,PG-13,0,13000000,3900000,9.8,7.6,8.3,High
TMDB-294254,Maze Runner: The Scorch Trials,2000,111,Thriller,French,France,PG-13,0,97000000,29100000,7.6,9.4,7.9,High
TMDB-38167,Eat Pray Love,2016,167,Comedy,Japanese,France,PG-13,0,113000000,33900000,7.6,7.3,7.2,Medium
TMDB-5994,The Family Man,2019,108,Sci-Fi,Tamil,India,PG-13,0,44000000,13200000,9.8,6.3,7.8,High
TMDB-39514,RED,2011,141,Drama,Japanese,France,PG-13,0,12000000,3600000,9.8,8.5,8.6,High
TMDB-9563,Any Given Sunday,2010,168,Documentary,Spanish,France,PG-13,0,59000000,17700000,9.8,10.0,9.1,High
TMDB-547,The Horse Whisperer,2009,106,Drama,German,France,PG-13,0,82000000,24600000,9.8,7.5,8.2,High
TMDB-1538,Collateral,2018,140,Action,French,France,PG-13,0,91000000,27300000,9.8,7.4,8.2,High
TMDB-9334,The Scorpion King,2004,167,Comedy,German,France,PG-13,0,53000000,15900000,9.8,7.2,8.1,High
TMDB-11128,Ladder 49,2008,139,Horror,Korean,France,PG-13,0,105000000,31500000,8.4,6.2,7.2,Medium
TMDB-75780,Jack Reacher,2020,155,Action,Japanese,France,PG-13,0,21000000,6300000,8.4,10.0,8.5,High
TMDB-8914,Deep Blue Sea,2002,133,Documentary,Korean,France,PG-13,0,99000000,29700000,9.8,7.2,8.1,High
TMDB-13576,This Is It,2009,150,Romance,Telugu,India,PG-13,0,106000000,31800000,9.8,6.2,7.8,High
TMDB-39538,Contagion,2012,87,Comedy,English,USA,PG-13,0,13000000,3900000,9.8,7.2,8.1,High
TMDB-10628,Kangaroo Jack,2012,125,Action,Tamil,India,R,0,61000000,18300000,7.6,5.8,6.6,Medium
TMDB-14836,Coraline,2006,159,Horror,French,France,R,0,55000000,16500000,7.6,6.0,6.7,Medium
TMDB-8645,The Happening,2004,96,Thriller,Spanish,France,PG-13,0,77000000,23100000,9.8,7.6,8.3,High
TMDB-9509,Man on Fire,2001,109,Mystery,Hindi,India,PG-13,0,50000000,15000000,9.8,6.4,7.9,High
TMDB-10067,The Shaggy Dog,2019,159,Mystery,English,USA,PG-13,0,20000000,6000000,9.8,7.5,8.2,High
TMDB-9384,Starsky & Hutch,2018,98,Documentary,Telugu,India,PG-13,0,19000000,5700000,9.8,10.0,9.1,High
TMDB-9279,Jingle All the Way,2010,115,Action,French,France,PG-13,0,11000000,3300000,9.8,7.4,8.2,High
TMDB-1487,Hellboy,2009,163,Sci-Fi,English,USA,PG-13,0,34000000,10200000,9.8,7.5,8.2,High
TMDB-9422,A Civil Action,2022,140,Action,English,USA,PG-13,0,71000000,21300000,7.6,7.3,7.2,Medium
TMDB-77174,ParaNorman,2011,133,Sci-Fi,Korean,France,R,0,84000000,25200000,6.8,7.5,6.9,Medium
TMDB-4824,The Jackal,2016,85,Action,Tamil,India,PG-13,0,41000000,12300000,9.2,10.0,8.8,High
TMDB-9620,Paycheck,2000,88,Documentary,German,France,PG-13,0,49000000,14700000,9.8,10.0,9.1,High
TMDB-9302,Up Close & Personal,2006,143,Documentary,Tamil,India,PG-13,0,79000000,23700000,8.4,6.4,7.2,Medium
TMDB-10199,The Tale of Despereaux,2009,126,Drama,Spanish,France,R,0,82000000,24600000,6.8,7.2,6.8,Medium
TMDB-10771,The Tuxedo,2017,94,Mystery,Tamil,India,R,0,90000000,27000000,6.8,6.8,6.6,Medium
TMDB-3512,Under Siege 2: Dark Territory,2007,94,Mystery,Spanish,France,R,0,80000000,24000000,6.8,6.4,6.5,Medium
TMDB-137094,Jack Ryan: Shadow Recruit,2005,139,Mystery,German,France,PG-13,0,30000000,9000000,9.8,8.5,8.6,High
TMDB-274479,Joy,2014,145,Action,Telugu,India,PG-13,0,111000000,33300000,9.8,10.0,9.1,High
TMDB-267860,London Has Fallen,2009,110,Romance,French,France,PG-13,0,106000000,31800000,6.8,8.5,7.2,Medium
TMDB-8078,Alien: Resurrection,2013,111,Drama,German,France,PG-13,0,62000000,18600000,9.8,8.1,8.4,High
TMDB-7485,Shooter,2003,94,Mystery,French,France,PG-13,0,100000000,30000000,9.8,6.9,8.0,High
TMDB-170687,The Boxtrolls,2001,98,Sci-Fi,Hindi,India,R,0,74000000,22200000,6.8,7.2,6.8,Medium
TMDB-6435,Practical Magic,2000,120,Action,English,USA,PG-13,0,1000000,300000,8.4,6.3,7.2,Medium
TMDB-137106,The Lego Movie,2009,127,Animation,Tamil,India,PG-13,0,58000000,17400000,9.2,9.2,8.6,High
TMDB-10040,Miss Congeniality 2: Armed and Fabulous,2015,118,Sci-Fi,Tamil,India,PG-13,0,64000000,19200000,8.4,6.7,7.3,Medium
TMDB-6278,Reign of Fire,2019,140,Romance,Tamil,India,PG-13,0,116000000,34800000,9.2,6.8,7.7,High
TMDB-82682,Gangster Squad,2002,106,Thriller,Spanish,France,PG-13,0,27000000,8100000,8.4,9.8,8.4,High
TMDB-17610,Year One,2006,120,Action,Japanese,France,PG-13,0,31000000,9300000,9.8,7.9,8.4,High
TMDB-22954,Invictus,2000,147,Comedy,Japanese,France,PG-13,0,73000000,21900000,9.8,10.0,9.1,High
TMDB-16995,State of Play,2022,133,Documentary,Hindi,India,PG-13,0,119000000,35700000,8.4,7.6,7.6,High
TMDB-16558,Duplicity,2023,103,Sci-Fi,English,USA,PG-13,0,24000000,7200000,8.4,9.0,8.1,High
TMDB-9849,My Favorite Martian,2004,110,Action,French,France,PG-13,0,101000000,30300000,9.8,6.0,7.7,High
TMDB-5820,The Sentinel,2012,128,Documentary,French,France,PG-13,0,109000000,32700000,7.6,6.8,7.0,Medium
TMDB-16866,Planet 51,2018,155,Action,English,USA,R,0,91000000,27300000,6.8,7.2,6.8,Medium
TMDB-201,Star Trek: Nemesis,2017,136,Drama,Telugu,India,PG-13,0,42000000,12600000,7.6,7.2,7.1,Medium
TMDB-11775,Intolerable Cruelty,2017,114,Mystery,English,USA,PG-13,0,90000000,27000000,9.8,10.0,9.1,High
TMDB-87825,Trouble with the Curve,2018,163,Documentary,Spanish,France,PG-13,0,19000000,5700000,6.8,10.0,7.8,High
TMDB-12201,Edge of Darkness,2001,113,Sci-Fi,Hindi,India,PG-13,0,74000000,22200000,9.8,7.4,8.2,High
TMDB-11015,The Relic,2014,107,Comedy,Japanese,France,PG-13,0,63000000,18900000,9.8,8.2,8.5,High
TMDB-9932,Analyze That,2001,92,Animation,Telugu,India,PG-13,0,98000000,29400000,9.8,6.2,7.8,High
TMDB-13389,Righteous Kill,2023,139,Mystery,Hindi,India,PG-13,0,120000000,36000000,8.4,9.0,8.1,High
TMDB-8838,Mercury Rising,2001,131,Drama,French,France,PG-13,0,2000000,600000,9.2,8.0,8.1,High
TMDB-17332,The Soloist,2006,143,Documentary,Hindi,India,PG-13,0,79000000,23700000,9.8,6.4,7.9,High
TMDB-4958,The Legend of Bagger Vance,2010,125,Action,French,France,PG-13,0,11000000,3300000,9.8,6.6,7.9,High
TMDB-786,Almost Famous,2023,164,Mystery,Hindi,India,PG-13,0,120000000,36000000,9.8,10.0,9.1,High
TMDB-9513,Garfield: A Tail of Two Kitties,2019,146,Drama,Telugu,India,PG-13,0,92000000,27600000,9.8,7.4,8.2,High
TMDB-11679,xXx: State of the Union,2021,133,Sci-Fi,French,France,PG-13,0,94000000,28200000,9.8,6.8,8.0,High
TMDB-38321,Priest,2011,118,Sci-Fi,Spanish,France,R,0,84000000,25200000,7.6,6.3,6.8,Medium
TMDB-14411,Sinbad: Legend of the Seven Seas,2018,133,Documentary,Telugu,India,R,0,19000000,5700000,7.6,6.6,6.9,Medium
TMDB-8413,Event Horizon,2009,104,Mystery,French,France,PG-13,0,10000000,3000000,9.8,6.8,8.0,High
TMDB-10052,Dragonfly,2008,113,Documentary,Hindi,India,PG-13,0,9000000,2700000,9.8,7.8,8.3,High
TMDB-9676,The Black Dahlia,2013,129,Mystery,Spanish,France,PG-13,0,110000000,33000000,9.8,7.3,8.2,High
TMDB-9664,Flyboys,2017,119,Mystery,Spanish,France,R,0,90000000,27000000,6.8,6.9,6.7,Medium
TMDB-2100,The Last Castle,2013,108,Sci-Fi,German,France,PG-13,0,14000000,4200000,9.8,6.3,7.8,High
TMDB-10384,Supernova,2012,130,Action,Japanese,France,PG-13,0,61000000,18300000,9.2,6.4,7.6,High
TMDB-137321,Winter's Tale,2010,155,Action,Telugu,India,PG-13,0,11000000,3300000,6.8,9.0,7.4,Medium
TMDB-123553,The Mortal Instruments: City of Bones,2022,138,Documentary,Hindi,India,PG-13,0,119000000,35700000,7.6,7.6,7.3,Medium
TMDB-11260,Meet Dave,2022,159,Horror,Tamil,India,PG-13,0,95000000,28500000,9.8,6.9,8.0,High
TMDB-9009,Dark Water,2010,136,Thriller,German,France,PG-13,0,107000000,32100000,8.4,6.4,7.2,Medium
TMDB-11374,Edtv,2011,116,Drama,German,France,PG-13,0,12000000,3600000,9.8,10.0,9.1,High
TMDB-2309,Inkheart,2012,165,Action,Telugu,India,PG-13,0,61000000,18300000,9.2,7.4,7.9,High
TMDB-8285,The Spirit,2003,154,Mystery,Korean,France,R,0,100000000,30000000,6.8,6.8,6.6,Medium
TMDB-210860,Mortdecai,2006,103,Documentary,Hindi,India,PG-13,0,79000000,23700000,9.8,6.7,8.0,High
TMDB-2312,In the Name of the King: A Dungeon Siege Tale,2016,89,Horror,French,France,PG-13,0,65000000,19500000,9.8,7.3,8.2,High
TMDB-9839,Beyond Borders,2004,130,Action,Hindi,India,PG-13,0,101000000,30300000,9.8,10.0,9.1,High
TMDB-381902,The Monkey King 2,2003,119,Mystery,German,France,R,0,100000000,30000000,6.8,6.3,6.5,Medium
TMDB-13922,The Great Raid,2005,117,Animation,German,France,PG-13,0,78000000,23400000,9.2,10.0,8.8,High
TMDB-293660,Deadpool,2002,146,Thriller,Telugu,India,PG-13,0,27000000,8100000,6.8,10.0,7.8,High
TMDB-9713,Holy Man,2011,124,Mystery,Spanish,France,PG-13,0,60000000,18000000,9.8,5.6,7.6,High
TMDB-190859,American Sniper,2012,153,Documentary,Japanese,France,PG-13,0,109000000,32700000,9.8,10.0,9.1,High
TMDB-257445,Goosebumps,2009,144,Mystery,English,USA,PG-13,0,10000000,3000000,7.6,10.0,8.1,High
TMDB-9007,Just Like Heaven,2007,87,Animation,English,USA,PG-13,0,8000000,2400000,9.8,10.0,9.1,High
TMDB-889,The Flintstones in Viva Rock Vegas,2011,112,Animation,Tamil,India,PG-13,0,108000000,32400000,9.8,6.7,8.0,High
TMDB-1370,Rambo III,2012,93,Documentary,Tamil,India,R,0,109000000,32700000,6.8,6.9,6.7,Medium
TMDB-4942,Leatherheads,2003,106,Drama,Hindi,India,PG-13,0,52000000,15600000,9.8,6.7,8.0,High
TMDB-347969,The Ridiculous 6,2022,137,Comedy,German,France,PG-13,0,23000000,6900000,9.8,10.0,9.1,High
TMDB-24438,Did You Hear About the Morgans?,2000,152,Comedy,French,France,PG-13,0,73000000,21900000,8.4,6.9,7.4,Medium
TMDB-116741,The Internship,2003,150,Romance,Korean,France,PG-13,0,76000000,22800000,9.8,10.0,9.1,High
TMDB-35791,Resident Evil: Afterlife,2019,125,Romance,Hindi,India,PG-13,0,116000000,34800000,9.8,6.8,8.0,High
TMDB-72431,Red Tails,2005,137,Animation,Hindi,India,R,0,78000000,23400000,6.8,6.9,6.7,Medium
TMDB-1813,The Devil's Advocate,2009,102,Animation,Korean,France,PG-13,0,58000000,17400000,9.8,10.0,9.1,High
TMDB-87428,That's My Boy,2015,125,Romance,French,France,PG-13,0,16000000,4800000,9.2,8.4,8.3,High
TMDB-8840,DragonHeart,2020,151,Thriller,Japanese,France,PG-13,0,117000000,35100000,9.8,7.2,8.1,High
TMDB-10589,After the Sunset,2004,121,Thriller,French,France,PG-13,0,77000000,23100000,9.8,9.2,8.8,High
TMDB-71676,Ghost Rider: Spirit of Vengeance,2006,115,Action,Hindi,India,PG-13,0,31000000,9300000,9.2,6.3,7.5,High
TMDB-1722,Captain Corelli's Mandolin,2020,94,Horror,French,France,PG-13,0,45000000,13500000,9.8,6.6,7.9,High
TMDB-10022,The Pacifier,2001,133,Sci-Fi,Spanish,France,PG-13,0,74000000,22200000,9.8,10.0,9.1,High
TMDB-11358,Walking Tall,2021,138,Sci-Fi,Hindi,India,PG-13,0,94000000,28200000,7.6,10.0,8.1,High
TMDB-13,Forrest Gump,2001,98,Sci-Fi,German,France,PG-13,0,74000000,22200000,9.8,10.0,9.1,High
TMDB-6477,Alvin and the Chipmunks,2021,101,Drama,Tamil,India,PG-13,0,22000000,6600000,9.8,6.9,8.0,High
TMDB-1597,Meet the Parents,2013,161,Drama,Spanish,France,PG-13,0,62000000,18600000,9.8,7.3,8.2,High
TMDB-10530,Pocahontas,2003,159,Mystery,German,France,R,0,100000000,30000000,6.8,6.9,6.7,Medium
TMDB-1924,Superman,2016,96,Thriller,Tamil,India,PG-13,0,17000000,5100000,9.8,10.0,9.1,High
TMDB-9327,The Nutty Professor,2018,168,Documentary,Hindi,India,PG-13,0,19000000,5700000,9.8,7.5,8.2,High
TMDB-8488,Hitch,2008,96,Thriller,Korean,France,PG-13,0,57000000,17100000,9.8,7.0,8.1,High
TMDB-10603,George of the Jungle,2016,106,Thriller,French,France,PG-13,0,17000000,5100000,9.2,10.0,8.8,High
TMDB-8273,American Wedding,2007,139,Mystery,English,USA,PG-13,0,80000000,24000000,8.4,6.8,7.4,Medium
TMDB-109424,Captain Phillips,2000,159,Horror,Hindi,India,PG-13,0,25000000,7500000,9.8,7.0,8.1,High
TMDB-35056,Date Night,2021,130,Romance,Korean,France,PG-13,0,46000000,13800000,9.8,8.5,8.6,High
TMDB-8839,Casper,2007,95,Romance,Tamil,India,PG-13,0,56000000,16800000,9.2,9.1,8.5,High
TMDB-156022,The Equalizer,2003,120,Romance,Korean,France,PG-13,0,76000000,22800000,9.8,9.6,9.0,High
TMDB-7303,Maid in Manhattan,2001,156,Drama,Japanese,France,PG-13,0,2000000,600000,9.8,7.2,8.1,High
TMDB-8963,Crimson Tide,2003,150,Romance,English,USA,PG-13,0,76000000,22800000,9.8,7.2,8.1,High
TMDB-1402,The Pursuit of Happyness,2003,112,Animation,Telugu,India,PG-13,0,28000000,8400000,9.2,10.0,8.8,High
TMDB-9315,Flightplan,2018,105,Action,Telugu,India,PG-13,0,91000000,27300000,9.8,6.8,8.0,High
TMDB-8984,Disclosure,2009,139,Mystery,Japanese,France,PG-13,0,10000000,3000000,9.8,6.4,7.9,High
TMDB-795,City of Angels,2007,85,Romance,Japanese,France,PG-13,0,56000000,16800000,9.2,6.9,7.8,High
TMDB-24,Kill Bill: Vol. 1,2001,156,Drama,English,USA,PG-13,0,2000000,600000,9.8,9.3,8.9,High
TMDB-11353,Bowfinger,2015,166,Drama,English,USA,PG-13,0,112000000,33600000,9.8,10.0,9.1,High
TMDB-393,Kill Bill: Vol. 2,2000,88,Documentary,Telugu,India,PG-13,0,49000000,14700000,9.8,8.2,8.5,High
TMDB-9618,Tango & Cash,2023,168,Sci-Fi,Korean,France,PG-13,0,24000000,7200000,7.6,6.9,7.0,Medium
TMDB-9374,Death Becomes Her,2005,141,Drama,Tamil,India,PG-13,0,102000000,30600000,9.8,7.4,8.2,High
TMDB-8584,Shanghai Noon,2001,142,Animation,Tamil,India,PG-13,0,98000000,29400000,8.4,7.6,7.6,High
TMDB-2320,Executive Decision,2016,147,Comedy,French,France,PG-13,0,113000000,33900000,7.6,7.2,7.1,Medium
TMDB-58224,Mr. Popper's Penguins,2016,138,Documentary,Hindi,India,PG-13,0,89000000,26700000,9.8,7.0,8.1,High
TMDB-1729,The Forbidden Kingdom,2008,124,Horror,Tamil,India,PG-13,0,105000000,31500000,9.8,6.8,8.0,High
TMDB-175574,Free Birds,2003,90,Romance,German,France,PG-13,0,76000000,22800000,7.6,7.0,7.1,Medium
TMDB-8077,Alien³,2008,146,Thriller,Korean,France,PG-13,0,57000000,17100000,9.8,8.0,8.4,High
TMDB-8818,Evita,2019,113,Sci-Fi,Hindi,India,PG-13,0,44000000,13200000,8.4,6.4,7.2,Medium
TMDB-8195,Ronin,2005,141,Drama,French,France,PG-13,0,102000000,30600000,9.8,9.0,8.8,High
TMDB-10586,The Ghost and the Darkness,2012,163,Documentary,English,USA,PG-13,0,109000000,32700000,9.8,6.8,8.0,High
TMDB-116149,Paddington,2001,152,Animation,Japanese,France,PG-13,0,98000000,29400000,6.8,10.0,7.8,High
TMDB-80035,The Watch,2013,103,Sci-Fi,Tamil,India,PG-13,0,14000000,4200000,7.6,7.3,7.2,Medium
TMDB-10632,The Hunted,2020,141,Thriller,Japanese,France,PG-13,0,117000000,35100000,9.8,5.6,7.6,High
TMDB-12117,Instinct,2014,142,Comedy,Telugu,India,PG-13,0,63000000,18900000,9.8,8.2,8.5,High
TMDB-1792,Stuck on You,2012,143,Documentary,French,France,PG-13,0,109000000,32700000,9.8,9.8,9.0,High
TMDB-13260,Semi-Pro,2018,147,Comedy,Hindi,India,R,0,43000000,12900000,6.8,6.9,6.7,Medium
TMDB-72197,The Pirates! In an Adventure with Scientists!,2007,167,Animation,German,France,R,0,8000000,2400000,6.8,6.6,6.6,Medium
TMDB-3580,Changeling,2008,105,Action,Japanese,France,PG-13,0,81000000,24300000,9.8,10.0,9.1,High
TMDB-12123,Chain Reaction,2013,156,Drama,Tamil,India,PG-13,0,62000000,18600000,9.2,10.0,8.8,High
TMDB-9566,The Fan,2010,94,Horror,English,USA,PG-13,0,35000000,10500000,9.8,6.2,7.8,High
TMDB-9833,The Phantom of the Opera,2000,127,Comedy,Hindi,India,PG-13,0,73000000,21900000,9.8,6.1,7.7,High
TMDB-4517,Elizabeth: The Golden Age,2015,127,Animation,Hindi,India,PG-13,0,88000000,26400000,8.4,7.6,7.6,High
TMDB-8202,Æon Flux,2014,117,Comedy,Korean,France,PG-13,0,63000000,18900000,7.6,10.0,8.1,High
TMDB-16072,Gods and Generals,2012,138,Documentary,Japanese,France,PG-13,0,109000000,32700000,7.6,7.5,7.2,Medium
TMDB-34314,Turbulence,2003,150,Romance,English,USA,PG-13,0,76000000,22800000,6.8,10.0,7.8,High
TMDB-19724,Imagine That,2007,118,Sci-Fi,Tamil,India,PG-13,0,104000000,31200000,7.6,7.5,7.2,Medium
TMDB-145220,Muppets Most Wanted,2021,118,Sci-Fi,Korean,France,PG-13,0,94000000,28200000,8.4,10.0,8.5,High
TMDB-14623,Thunderbirds,2018,166,Thriller,Telugu,India,PG-13,0,67000000,20100000,9.2,8.4,8.3,High
TMDB-42297,Burlesque,2001,103,Sci-Fi,Spanish,France,PG-13,0,74000000,22200000,6.8,9.0,7.4,Medium
TMDB-2841,A Very Long Engagement,2013,104,Mystery,Korean,France,PG-13,0,110000000,33000000,9.8,10.0,9.1,High
TMDB-802,Lolita,2003,109,Mystery,Tamil,India,PG-13,0,100000000,30000000,9.8,6.3,7.8,High
TMDB-10375,D-Tox,2000,124,Horror,German,France,R,0,25000000,7500000,7.6,6.4,6.9,Medium
TMDB-36586,Blade II,2018,93,Documentary,Telugu,India,PG-13,0,19000000,5700000,9.8,10.0,9.1,High
TMDB-11321,Seven Pounds,2016,121,Thriller,Spanish,France,PG-13,0,17000000,5100000,9.2,7.0,7.8,High
TMDB-70074,Bullet to the Head,2016,135,Action,German,France,PG-13,0,41000000,12300000,9.2,7.3,7.9,High
TMDB-242,The Godfather: Part III,2002,138,Documentary,German,France,PG-13,0,99000000,29700000,9.8,9.6,9.0,High
TMDB-9621,Elizabethtown,2012,130,Action,Tamil,India,PG-13,0,61000000,18300000,9.8,6.6,7.9,High
TMDB-1819,"You, Me and Dupree",2013,125,Romance,Tamil,India,PG-13,0,86000000,25800000,9.2,6.7,7.7,High
TMDB-8536,Superman II,2022,130,Action,Hindi,India,PG-13,0,71000000,21300000,9.8,10.0,9.1,High
TMDB-8046,Gigli,2000,123,Documentary,Japanese,France,PG-13,0,49000000,14700000,9.2,7.2,7.9,High
TMDB-1717,All the King's Men,2004,109,Horror,Tamil,India,R,0,5000000,1500000,7.6,6.4,6.9,Medium
TMDB-479,Shaft,2006,122,Comedy,Telugu,India,PG-13,0,103000000,30900000,9.8,6.4,7.9,High
TMDB-9444,Anastasia,2007,110,Romance,Japanese,France,R,0,56000000,16800000,7.6,6.4,6.9,Medium
TMDB-824,Moulin Rouge!,2014,95,Action,Japanese,France,PG-13,0,111000000,33300000,9.2,10.0,8.8,High
TMDB-11456,Domestic Disturbance,2023,157,Animation,Korean,France,PG-13,0,48000000,14400000,9.2,6.1,7.5,High
TMDB-261023,Black Mass,2014,103,Documentary,German,France,PG-13,0,39000000,11700000,8.4,10.0,8.5,High
TMDB-3683,Flags of Our Fathers,2006,87,Comedy,Japanese,France,PG-13,0,103000000,30900000,9.8,8.4,8.5,High
TMDB-22803,Law Abiding Citizen,2017,165,Romance,Tamil,India,PG-13,0,66000000,19800000,9.8,7.4,8.2,High
TMDB-285923,Grindhouse,2023,159,Mystery,French,France,PG-13,0,120000000,36000000,9.8,8.8,8.7,High
TMDB-39437,Beloved,2004,97,Comedy,Hindi,India,PG-13,0,53000000,15900000,9.8,6.1,7.7,High
TMDB-1950,Lucky You,2016,127,Comedy,English,USA,PG-13,0,113000000,33900000,9.8,6.0,7.7,High
TMDB-640,Catch Me If You Can,2002,101,Thriller,Telugu,India,PG-13,0,27000000,8100000,9.8,10.0,9.1,High
TMDB-97630,Zero Dark Thirty,2009,127,Animation,Tamil,India,PG-13,0,58000000,17400000,8.4,8.7,8.0,High
TMDB-9767,The Break-Up,2002,165,Action,Spanish,France,PG-13,0,51000000,15300000,9.2,6.9,7.8,High
TMDB-11631,Mamma Mia!,2009,156,Drama,Telugu,India,PG-13,0,82000000,24600000,7.6,8.1,7.5,High
TMDB-32856,Valentine's Day,2003,116,Drama,German,France,PG-13,0,52000000,15600000,9.8,7.8,8.3,High
TMDB-6519,The Dukes of Hazzard,2008,135,Action,German,France,PG-13,0,81000000,24300000,9.2,7.6,8.0,High
TMDB-8741,The Thin Red Line,2004,102,Comedy,German,France,PG-13,0,53000000,15900000,9.2,8.1,8.2,High
TMDB-49520,The Change-Up,2017,159,Mystery,French,France,PG-13,0,90000000,27000000,9.2,7.3,7.9,High
TMDB-1850,Man on the Moon,2018,87,Comedy,Hindi,India,PG-13,0,43000000,12900000,8.4,7.0,7.4,Medium
TMDB-524,Casino,2018,163,Documentary,English,USA,PG-13,0,19000000,5700000,9.8,10.0,9.1,High
TMDB-26389,From Paris with Love,2023,134,Mystery,Japanese,France,PG-13,0,120000000,36000000,9.2,8.0,8.1,High
TMDB-11817,Bulletproof Monk,2010,135,Action,Japanese,France,R,0,11000000,3300000,6.8,6.8,6.6,Medium
TMDB-2123,"Me, Myself & Irene",2019,145,Romance,Japanese,France,PG-13,0,116000000,34800000,9.8,6.9,8.0,High
TMDB-9907,Barnyard,2022,142,Comedy,French,France,PG-13,0,23000000,6900000,9.2,7.4,7.9,High
TMDB-9969,Deck the Halls,2021,168,Sci-Fi,Spanish,France,PG-13,0,94000000,28200000,9.8,7.5,8.2,High
TMDB-18239,The Twilight Saga: New Moon,2020,125,Action,French,France,PG-13,0,21000000,6300000,9.8,9.4,8.9,High
TMDB-808,Shrek,2020,135,Action,Spanish,France,PG-13,0,21000000,6300000,9.8,8.5,8.6,High
TMDB-38050,The Adjustment Bureau,2001,118,Sci-Fi,Korean,France,R,0,74000000,22200000,6.8,7.4,6.9,Medium
TMDB-8367,Robin Hood: Prince of Thieves,2006,140,Action,French,France,PG-13,0,31000000,9300000,9.8,9.2,8.8,High
TMDB-9390,Jerry Maguire,2021,150,Romance,Hindi,India,PG-13,0,46000000,13800000,9.8,7.8,8.3,High
TMDB-72105,Ted,2010,145,Action,Telugu,India,PG-13,0,11000000,3300000,8.4,10.0,8.5,High
TMDB-2898,As Good as It Gets,2000,136,Thriller,French,France,PG-13,0,97000000,29100000,8.4,10.0,8.5,High
TMDB-10312,Patch Adams,2016,138,Documentary,Tamil,India,PG-13,0,89000000,26700000,9.8,8.4,8.5,High
TMDB-109443,Anchorman 2: The Legend Continues,2003,101,Drama,Hindi,India,PG-13,0,52000000,15600000,9.8,8.2,8.5,High
TMDB-2022,Mr. Deeds,2001,145,Romance,Tamil,India,PG-13,0,26000000,7800000,9.2,6.6,7.6,High
TMDB-37686,Super 8,2013,113,Sci-Fi,French,France,PG-13,0,14000000,4200000,9.2,7.9,8.1,High
TMDB-462,Erin Brockovich,2012,156,Thriller,Hindi,India,PG-13,0,37000000,11100000,9.8,6.2,7.8,High
TMDB-9919,How to Lose a Guy in 10 Days,2006,106,Thriller,French,France,PG-13,0,7000000,2100000,9.8,7.6,8.3,High
TMDB-187017,22 Jump Street,2002,98,Documentary,French,France,PG-13,0,99000000,29700000,9.2,8.0,8.1,High
TMDB-628,Interview with the Vampire,2016,162,Comedy,Korean,France,PG-13,0,113000000,33900000,9.8,6.8,8.0,High
TMDB-10201,Yes Man,2023,93,Sci-Fi,Korean,France,PG-13,0,24000000,7200000,9.2,7.4,7.9,High
TMDB-302699,Central Intelligence,2022,108,Documentary,Korean,France,PG-13,0,119000000,35700000,8.4,9.4,8.3,High
TMDB-9441,Stepmom,2014,101,Thriller,Korean,France,PG-13,0,87000000,26100000,9.8,6.2,7.8,High
TMDB-274167,Daddy's Home,2017,147,Animation,English,USA,PG-13,0,18000000,5400000,9.2,7.5,8.0,High
TMDB-224141,Into the Woods,2008,158,Documentary,French,France,PG-13,0,9000000,2700000,9.8,7.3,8.2,High
TMDB-388,Inside Man,2005,103,Sci-Fi,Japanese,France,PG-13,0,54000000,16200000,9.8,10.0,9.1,High
TMDB-2112,Payback,2020,139,Horror,Telugu,India,PG-13,0,45000000,13500000,9.8,6.7,8.0,High
TMDB-10329,Congo,2020,151,Thriller,English,USA,PG-13,0,117000000,35100000,9.2,7.5,8.0,High
TMDB-74465,We Bought a Zoo,2022,153,Documentary,Spanish,France,PG-13,0,119000000,35700000,9.8,6.8,8.0,High
TMDB-13811,Knowing,2010,109,Horror,English,USA,PG-13,0,35000000,10500000,9.8,7.0,8.1,High
TMDB-6877,Failure to Launch,2009,107,Animation,German,France,PG-13,0,58000000,17400000,8.4,6.4,7.2,Medium
TMDB-10320,The Ring Two,2006,122,Comedy,German,France,R,0,103000000,30900000,6.8,7.0,6.7,Medium
TMDB-50646,"Crazy, Stupid, Love.",2004,93,Documentary,French,France,PG-13,0,29000000,8700000,8.4,8.4,7.9,High
TMDB-8920,Garfield,2007,159,Mystery,German,France,PG-13,0,80000000,24000000,9.2,6.7,7.7,High
TMDB-13673,Christmas with the Kranks,2005,160,Romance,Telugu,India,PG-13,0,6000000,1800000,7.6,7.0,7.1,Medium
TMDB-60308,Moneyball,2021,150,Romance,Hindi,India,PG-13,0,46000000,13800000,7.6,10.0,8.1,High
TMDB-6950,Outbreak,2010,133,Documentary,English,USA,PG-13,0,59000000,17700000,9.8,6.7,8.0,High
TMDB-225574,Non-Stop,2008,141,Thriller,German,France,PG-13,0,57000000,17100000,9.8,8.4,8.5,High
TMDB-13836,Race to Witch Mountain,2007,115,Romance,German,France,PG-13,0,56000000,16800000,9.8,10.0,9.1,High
TMDB-752,V for Vendetta,2020,108,Documentary,French,France,PG-13,0,69000000,20700000,9.2,10.0,8.8,High
TMDB-6038,Shanghai Knights,2015,111,Drama,English,USA,PG-13,0,112000000,33600000,9.2,10.0,8.8,High
TMDB-9975,Curious George,2021,139,Mystery,Japanese,France,PG-13,0,70000000,21000000,6.8,7.8,7.0,Medium
TMDB-11451,Herbie Fully Loaded,2002,123,Documentary,Tamil,India,PG-13,0,99000000,29700000,7.6,6.9,7.0,Medium
TMDB-12103,Don't Say a Word,2005,140,Romance,Spanish,France,PG-13,0,6000000,1800000,9.8,6.9,8.0,High
TMDB-60304,Hansel & Gretel: Witch Hunters,2000,99,Horror,Tamil,India,PG-13,0,25000000,7500000,7.6,7.8,7.4,Medium
TMDB-2251,Unfaithful,2012,152,Comedy,Korean,France,PG-13,0,13000000,3900000,9.2,6.4,7.6,High
TMDB-46529,I Am Number Four,2002,147,Comedy,Hindi,India,PG-13,0,3000000,900000,9.2,10.0,8.8,High
TMDB-231,Syriana,2004,143,Documentary,Telugu,India,PG-13,0,29000000,8700000,7.6,8.7,7.7,High
TMDB-300671,13 Hours: The Secret Soldiers of Benghazi,2000,153,Documentary,Korean,France,PG-13,0,49000000,14700000,9.8,9.0,8.8,High
TMDB-228326,The Book of Life,2002,117,Comedy,Japanese,France,PG-13,0,3000000,900000,6.8,8.4,7.2,Medium
TMDB-9754,Firewall,2002,101,Thriller,Korean,France,PG-13,0,27000000,8100000,8.4,7.3,7.5,High
TMDB-66,Absolute Power,2001,159,Mystery,Korean,France,PG-13,0,50000000,15000000,9.8,6.3,7.8,High
TMDB-4421,G.I. Jane,2014,164,Horror,Japanese,France,PG-13,0,15000000,4500000,9.8,6.7,8.0,High
TMDB-2649,The Game,2016,139,Horror,Japanese,France,PG-13,0,65000000,19500000,9.8,10.0,9.1,High
TMDB-588,Silent Hill,2012,102,Comedy,Telugu,India,R,0,13000000,3900000,6.8,6.9,6.7,Medium
TMDB-10393,The Replacements,2023,167,Animation,Tamil,India,PG-13,0,48000000,14400000,8.4,6.8,7.4,Medium
TMDB-71552,American Reunion,2012,111,Thriller,Hindi,India,PG-13,0,37000000,11100000,7.6,7.6,7.3,Medium
TMDB-9631,The Negotiator,2017,120,Romance,Korean,France,PG-13,0,66000000,19800000,9.8,10.0,9.1,High
TMDB-216282,Into the Storm,2013,91,Drama,German,France,PG-13,0,62000000,18600000,7.6,10.0,8.1,High
TMDB-306,Beverly Hills Cop III,2013,148,Sci-Fi,German,France,PG-13,0,14000000,4200000,9.8,7.8,8.3,High
TMDB-928,Gremlins 2: The New Batch,2009,90,Romance,English,USA,PG-13,0,106000000,31800000,9.8,8.2,8.5,High
TMDB-205587,The Judge,2007,111,Drama,Telugu,India,PG-13,0,32000000,9600000,9.2,6.9,7.8,High
TMDB-6623,The Peacemaker,2005,111,Drama,Hindi,India,PG-13,0,102000000,30600000,8.4,7.8,7.7,High
TMDB-1577,Resident Evil: Apocalypse,2001,87,Animation,Tamil,India,PG-13,0,98000000,29400000,6.8,10.0,7.8,High
TMDB-9801,Bridget Jones: The Edge of Reason,2009,141,Drama,Spanish,France,PG-13,0,82000000,24600000,6.8,10.0,7.8,High
TMDB-2116,Out of Time,2009,123,Sci-Fi,French,France,PG-13,0,34000000,10200000,8.4,6.4,7.2,Medium
TMDB-9624,On Deadly Ground,2022,165,Action,Tamil,India,R,0,71000000,21300000,6.8,6.2,6.4,Medium
TMDB-14199,The Adventures of Sharkboy and Lavagirl,2021,134,Mystery,Hindi,India,PG-13,0,70000000,21000000,9.8,6.0,7.7,High
TMDB-1907,The Beach,2011,166,Drama,Japanese,France,PG-13,0,12000000,3600000,9.8,6.9,8.0,High
TMDB-4599,Raising Helen,2023,141,Drama,Japanese,France,PG-13,0,72000000,21600000,9.8,8.4,8.5,High
TMDB-22832,Ninja Assassin,2001,98,Sci-Fi,Spanish,France,PG-13,0,74000000,22200000,9.2,9.6,8.7,High
TMDB-10390,For Love of the Game,2006,165,Action,French,France,PG-13,0,31000000,9300000,9.8,5.8,7.6,High
TMDB-9879,Striptease,2023,128,Sci-Fi,Telugu,India,PG-13,0,24000000,7200000,7.6,7.2,7.1,Medium
TMDB-38579,Marmaduke,2014,167,Comedy,Tamil,India,PG-13,0,63000000,18900000,8.4,7.2,7.5,High
TMDB-44603,Hereafter,2010,149,Horror,Tamil,India,PG-13,0,35000000,10500000,9.8,8.1,8.4,High
TMDB-11892,Murder by Numbers,2020,122,Comedy,Telugu,India,PG-13,0,93000000,27900000,7.6,8.1,7.5,High
TMDB-9691,Assassins,2005,151,Drama,Hindi,India,PG-13,0,102000000,30600000,9.8,7.0,8.1,High
TMDB-1248,Hannibal Rising,2006,99,Horror,Spanish,France,PG-13,0,55000000,16500000,7.6,7.0,7.1,Medium
TMDB-12220,The Story of Us,2019,125,Romance,English,USA,PG-13,0,116000000,34800000,9.8,7.0,8.1,High
TMDB-72710,The Host,2008,137,Comedy,Spanish,France,PG-13,0,33000000,9900000,9.8,9.3,8.9,High
TMDB-10782,Basic,2004,111,Thriller,Japanese,France,PG-13,0,77000000,23100000,9.8,7.0,8.1,High
TMDB-9573,Blood Work,2000,116,Thriller,Tamil,India,PG-13,0,97000000,29100000,9.8,7.2,8.1,High
TMDB-4959,The International,2006,93,Documentary,German,France,PG-13,0,79000000,23700000,9.8,9.3,8.9,High
TMDB-10061,Escape from L.A.,2021,161,Drama,Tamil,India,PG-13,0,22000000,6600000,9.8,7.0,8.1,High
TMDB-10386,The Iron Giant,2015,129,Mystery,Japanese,France,PG-13,0,40000000,12000000,9.2,8.5,8.3,High
TMDB-421,The Life Aquatic with Steve Zissou,2023,134,Mystery,German,France,PG-13,0,120000000,36000000,9.8,6.9,8.0,High
TMDB-316152,Free State of Jones,2006,124,Horror,Tamil,India,PG-13,0,55000000,16500000,8.4,9.6,8.3,High
TMDB-11615,The Life of David Gale,2023,101,Drama,German,France,PG-13,0,72000000,21600000,8.4,10.0,8.5,High
TMDB-13498,Man of the House,2013,143,Sci-Fi,Spanish,France,PG-13,0,14000000,4200000,9.8,7.5,8.2,High
TMDB-241554,Run All Night,2009,167,Animation,French,France,PG-13,0,58000000,17400000,9.8,7.2,8.1,High
TMDB-2252,Eastern Promises,2008,166,Thriller,Spanish,France,PG-13,0,57000000,17100000,9.8,7.3,8.2,High
TMDB-11968,Into the Blue,2007,154,Mystery,Telugu,India,PG-13,0,80000000,24000000,9.2,6.1,7.5,High
TMDB-10047,The Messenger: The Story of Joan of Arc,2019,108,Sci-Fi,Korean,France,PG-13,0,44000000,13200000,9.8,8.8,8.7,High
TMDB-38319,Your Highness,2004,157,Comedy,Korean,France,PG-13,0,53000000,15900000,9.8,8.2,8.5,High
TMDB-69668,Dream House,2000,89,Horror,English,USA,PG-13,0,25000000,7500000,8.4,7.4,7.6,High
TMDB-9770,Mad City,2021,107,Animation,English,USA,PG-13,0,118000000,35400000,7.6,6.8,7.0,Medium
TMDB-11212,Baby's Day Out,2009,121,Drama,Spanish,France,R,0,82000000,24600000,7.6,6.0,6.7,Medium
TMDB-10533,The Scarlet Letter,2001,95,Romance,Hindi,India,PG-13,0,26000000,7800000,8.4,6.3,7.2,Medium
TMDB-38363,Fair Game,2021,129,Mystery,Korean,France,PG-13,0,70000000,21000000,9.8,7.2,8.1,High
TMDB-9923,Domino,2011,112,Animation,French,France,PG-13,0,108000000,32400000,9.8,8.1,8.4,High
TMDB-11863,Jade,2015,146,Drama,Korean,France,PG-13,0,112000000,33600000,9.8,7.5,8.2,High
TMDB-18501,Gamer,2016,124,Horror,Telugu,India,PG-13,0,65000000,19500000,9.2,8.5,8.3,High
TMDB-109491,Beautiful Creatures,2022,119,Horror,Hindi,India,PG-13,0,95000000,28500000,9.8,10.0,9.1,High
TMDB-9275,Death to Smoochy,2014,113,Documentary,Tamil,India,PG-13,0,39000000,11700000,8.4,6.2,7.2,Medium
TMDB-329833,Zoolander 2,2019,123,Sci-Fi,Korean,France,PG-13,0,44000000,13200000,9.8,10.0,9.1,High
TMDB-12634,The Big Bounce,2022,141,Thriller,English,USA,PG-13,0,47000000,14100000,7.6,6.8,7.0,Medium
TMDB-10416,What Planet Are You From?,2015,124,Mystery,German,France,PG-13,0,40000000,12000000,9.8,6.4,7.9,High
TMDB-47327,Drive Angry,2007,93,Sci-Fi,Tamil,India,PG-13,0,104000000,31200000,9.2,10.0,8.8,High
TMDB-15268,Street Fighter: The Legend of Chun-Li,2020,100,Action,Telugu,India,PG-13,0,21000000,6300000,9.8,5.8,7.6,High
TMDB-10796,The One,2011,143,Sci-Fi,German,France,PG-13,0,84000000,25200000,9.2,7.3,7.9,High
TMDB-9548,The Adventures of Ford Fairlane,2011,156,Drama,Hindi,India,PG-13,0,12000000,3600000,9.8,10.0,9.1,High
TMDB-18947,The Boat That Rocked,2020,167,Comedy,Telugu,India,PG-13,0,93000000,27900000,8.4,8.6,8.0,High
TMDB-1900,Traffic,2002,120,Action,Telugu,India,PG-13,0,51000000,15300000,9.8,8.5,8.6,High
TMDB-89,Indiana Jones and the Last Crusade,2013,106,Drama,English,USA,PG-13,0,62000000,18600000,9.8,10.0,9.1,High
TMDB-96724,Anna Karenina,2006,158,Documentary,German,France,PG-13,0,79000000,23700000,9.8,10.0,9.1,High
TMDB-198184,Chappie,2012,118,Documentary,English,USA,PG-13,0,109000000,32700000,8.4,10.0,8.5,High
TMDB-9481,The Bone Collector,2018,145,Action,Hindi,India,PG-13,0,91000000,27300000,9.8,7.5,8.2,High
TMDB-4547,Panic Room,2023,113,Sci-Fi,Telugu,India,PG-13,0,24000000,7200000,9.8,6.9,8.0,High
TMDB-53953,The Tooth Fairy,2022,169,Horror,Spanish,France,R,0,95000000,28500000,6.8,6.8,6.6,Medium
TMDB-6415,Three Kings,2008,140,Action,German,France,PG-13,0,81000000,24300000,9.8,7.0,8.1,High
TMDB-181283,Child 44,2010,146,Thriller,Telugu,India,PG-13,0,107000000,32100000,8.4,7.9,7.7,High
TMDB-9896,Rat Race,2016,97,Comedy,Korean,France,PG-13,0,113000000,33900000,9.2,7.4,7.9,High
TMDB-167,K-PAX,2006,135,Action,Japanese,France,PG-13,0,31000000,9300000,9.2,8.6,8.3,High
TMDB-11232,Kate & Leopold,2001,165,Romance,French,France,PG-13,0,26000000,7800000,9.8,6.9,8.0,High
TMDB-1636,Bedazzled,2007,118,Sci-Fi,English,USA,PG-13,0,104000000,31200000,9.8,6.3,7.8,High
TMDB-2148,The Cotton Club,2022,117,Comedy,Spanish,France,PG-13,0,23000000,6900000,9.8,8.8,8.7,High
TMDB-5176,3:10 to Yuma,2020,121,Thriller,Spanish,France,PG-13,0,117000000,35100000,9.8,10.0,9.1,High
TMDB-260346,Taken 3,2017,168,Sci-Fi,Tamil,India,PG-13,0,114000000,34200000,8.4,10.0,8.5,High
TMDB-1389,Out of Sight,2000,148,Documentary,Telugu,India,PG-13,0,49000000,14700000,9.8,6.9,8.0,High
TMDB-9894,The Cable Guy,2021,159,Mystery,Tamil,India,PG-13,0,70000000,21000000,9.8,7.0,8.1,High
TMDB-7504,Earth,2017,155,Romance,English,USA,R,0,66000000,19800000,7.6,6.2,6.8,Medium
TMDB-8592,Dick Tracy,2011,112,Animation,Korean,France,PG-13,0,108000000,32400000,8.4,8.0,7.8,High
TMDB-913,The Thomas Crown Affair,2000,144,Horror,Japanese,France,PG-13,0,25000000,7500000,9.8,6.6,7.9,High
TMDB-11091,Riding in Cars with Boys,2007,85,Romance,Tamil,India,PG-13,0,56000000,16800000,9.2,7.0,7.8,High
TMDB-1368,First Blood,2020,113,Documentary,German,France,PG-13,0,69000000,20700000,6.8,7.8,7.0,Medium
TMDB-593,Solaris,2020,133,Documentary,French,France,R,0,69000000,20700000,6.8,6.2,6.4,Medium
TMDB-5393,Happily N'Ever After,2022,104,Horror,German,France,R,0,95000000,28500000,6.8,7.0,6.7,Medium
TMDB-9095,Mary Reilly,2015,111,Drama,German,France,PG-13,0,112000000,33600000,9.8,6.3,7.8,High
TMDB-8874,My Best Friend's Wedding,2006,115,Action,Japanese,France,PG-13,0,31000000,9300000,6.8,7.8,7.0,Medium
TMDB-11467,America's Sweethearts,2021,126,Drama,Telugu,India,PG-13,0,22000000,6600000,7.6,9.6,8.0,High
TMDB-320,Insomnia,2003,155,Romance,Spanish,France,PG-13,0,76000000,22800000,9.8,8.0,8.4,High
TMDB-199,Star Trek: First Contact,2014,140,Action,Korean,France,PG-13,0,111000000,33300000,9.2,6.7,7.7,High
TMDB-20533,Jonah Hex,2000,104,Horror,German,France,PG-13,0,25000000,7500000,7.6,8.1,7.5,High
TMDB-10684,Courage Under Fire,2008,93,Documentary,French,France,PG-13,0,9000000,2700000,9.8,7.4,8.2,High
TMDB-1624,Liar Liar,2022,136,Thriller,Telugu,India,PG-13,0,47000000,14100000,9.8,6.6,7.9,High
TMDB-325789,The Infiltrator,2023,93,Sci-Fi,Korean,France,PG-13,0,24000000,7200000,8.4,7.5,7.6,High
TMDB-113464,Inchon,2001,94,Mystery,Telugu,India,PG-13,0,50000000,15000000,9.2,6.7,7.7,High
TMDB-888,The Flintstones,2000,125,Action,Hindi,India,PG-13,0,1000000,300000,9.8,6.8,8.0,High
TMDB-82675,Taken 2,2000,148,Documentary,English,USA,PG-13,0,49000000,14700000,8.4,8.7,8.0,High
TMDB-4256,Scary Movie 3,2020,89,Horror,Korean,France,PG-13,0,45000000,13500000,9.8,7.0,8.1,High
TMDB-1493,Miss Congeniality,2005,163,Sci-Fi,Telugu,India,PG-13,0,54000000,16200000,9.8,7.0,8.1,High
TMDB-88751,Journey to the Center of the Earth,2008,95,Action,Tamil,India,R,0,81000000,24300000,7.6,6.2,6.8,Medium
TMDB-11130,The Princess Diaries 2: Royal Engagement,2017,104,Mystery,English,USA,PG-13,0,90000000,27000000,9.8,7.4,8.2,High
TMDB-9944,The Pelican Brief,2020,167,Comedy,Japanese,France,R,0,93000000,27900000,7.6,6.4,6.9,Medium
TMDB-10731,The Client,2001,88,Sci-Fi,French,France,PG-13,0,74000000,22200000,9.8,6.8,8.0,High
TMDB-7350,The Bucket List,2022,98,Documentary,Telugu,India,PG-13,0,119000000,35700000,9.8,7.6,8.3,High
TMDB-9869,Patriot Games,2002,116,Thriller,Hindi,India,PG-13,0,27000000,8100000,9.8,8.1,8.4,High
TMDB-4379,Monster-in-Law,2003,127,Animation,Korean,France,PG-13,0,28000000,8400000,9.8,7.2,8.1,High
TMDB-146233,Prisoners,2016,110,Action,Spanish,France,PG-13,0,41000000,12300000,8.4,9.1,8.2,High
TMDB-2034,Training Day,2006,119,Horror,Japanese,France,PG-13,0,55000000,16500000,9.8,6.7,8.0,High
TMDB-926,Galaxy Quest,2010,160,Action,Tamil,India,PG-13,0,11000000,3300000,9.2,7.5,8.0,High
TMDB-4248,Scary Movie 2,2011,165,Romance,Japanese,France,PG-13,0,36000000,10800000,9.2,6.8,7.7,High
TMDB-64328,The Muppets,2016,129,Horror,Tamil,India,PG-13,0,65000000,19500000,8.4,10.0,8.5,High
TMDB-36647,Blade,2004,85,Action,Japanese,France,PG-13,0,101000000,30300000,7.6,10.0,8.1,High
TMDB-7214,Coach Carter,2003,109,Mystery,Korean,France,PG-13,0,100000000,30000000,8.4,6.2,7.2,Medium
TMDB-1537,Changing Lanes,2022,91,Thriller,Tamil,India,PG-13,0,47000000,14100000,8.4,6.3,7.2,Medium
TMDB-9360,Anaconda,2017,144,Mystery,Tamil,India,R,0,90000000,27000000,7.6,6.2,6.8,Medium
TMDB-6282,Coyote Ugly,2016,109,Horror,Japanese,France,PG-13,0,65000000,19500000,7.6,7.4,7.2,Medium
TMDB-508,Love Actually,2017,90,Romance,Spanish,France,PG-13,0,66000000,19800000,8.4,9.7,8.4,High
TMDB-9487,A Bug's Life,2014,160,Action,Korean,France,PG-13,0,111000000,33300000,9.2,6.9,7.8,High
TMDB-768,From Hell,2015,97,Animation,Telugu,India,PG-13,0,88000000,26400000,8.4,8.1,7.8,High
TMDB-2636,The Specialist,2012,157,Comedy,English,USA,R,0,13000000,3900000,7.6,6.4,6.9,Medium
TMDB-10478,Tin Cup,2011,85,Romance,Hindi,India,PG-13,0,36000000,10800000,9.2,6.4,7.6,High
TMDB-27983,"Yours, Mine and Ours",2022,153,Documentary,German,France,R,0,119000000,35700000,6.8,6.1,6.4,Medium
TMDB-9981,Kicking & Screaming,2023,112,Animation,Korean,France,PG-13,0,48000000,14400000,8.4,7.4,7.6,High
TMDB-7453,The Hitchhiker's Guide to the Galaxy,2008,128,Documentary,Hindi,India,R,0,9000000,2700000,6.8,7.4,6.9,Medium
TMDB-15045,Fat Albert,2016,169,Horror,Tamil,India,R,0,65000000,19500000,7.6,6.6,6.9,Medium
TMDB-7737,Resident Evil: Extinction,2012,109,Horror,Korean,France,PG-13,0,85000000,25500000,9.2,6.7,7.7,High
TMDB-232672,Blended,2002,139,Horror,Telugu,India,PG-13,0,75000000,22500000,9.8,8.7,8.7,High
TMDB-17379,Last Holiday,2014,169,Horror,Tamil,India,PG-13,0,15000000,4500000,9.8,5.8,7.6,High
TMDB-8987,The River Wild,2015,112,Animation,Hindi,India,PG-13,0,88000000,26400000,9.8,6.2,7.8,High
TMDB-11359,The Indian in the Cupboard,2002,120,Action,English,USA,PG-13,0,51000000,15300000,9.8,6.2,7.8,High
TMDB-82525,Savages,2011,106,Drama,German,France,PG-13,0,12000000,3600000,9.8,6.8,8.0,High
TMDB-9759,Cellular,2022,87,Comedy,Spanish,France,PG-13,0,23000000,6900000,9.8,7.3,8.2,High
TMDB-9486,Johnny English,2019,117,Animation,Spanish,France,PG-13,0,68000000,20400000,9.2,7.0,7.8,High
TMDB-9906,The Ant Bully,2003,161,Drama,German,France,PG-13,0,52000000,15600000,7.6,7.4,7.2,Medium
TMDB-841,Dune,2021,141,Drama,English,USA,PG-13,0,22000000,6600000,9.8,7.5,8.2,High
TMDB-4688,Across the Universe,2009,113,Sci-Fi,Hindi,India,PG-13,0,34000000,10200000,8.4,8.2,7.9,High
TMDB-4148,Revolutionary Road,2000,141,Thriller,Hindi,India,PG-13,0,97000000,29100000,9.8,7.3,8.2,High
TMDB-2207,16 Blocks,2014,150,Action,Telugu,India,PG-13,0,111000000,33300000,9.8,7.5,8.2,High
TMDB-9381,Babylon A.D.,2021,146,Drama,Hindi,India,PG-13,0,22000000,6600000,7.6,7.3,7.2,Medium
TMDB-9625,The Glimmer Man,2020,101,Thriller,German,France,R,0,117000000,35100000,6.8,6.4,6.5,Medium
TMDB-9304,Multiplicity,2012,143,Documentary,English,USA,PG-13,0,109000000,32700000,9.8,8.5,8.6,High
TMDB-20856,Aliens in the Attic,2018,121,Thriller,German,France,PG-13,0,67000000,20100000,8.4,7.2,7.5,High
TMDB-5955,The Pledge,2000,117,Comedy,French,France,PG-13,0,73000000,21900000,7.6,6.9,7.0,Medium
TMDB-9899,The Producers,2023,124,Mystery,German,France,R,0,120000000,36000000,6.8,7.5,6.9,Medium
TMDB-9826,The Phantom,2011,161,Drama,Tamil,India,PG-13,0,12000000,3600000,9.2,6.8,7.7,High
TMDB-21355,All the Pretty Horses,2014,119,Horror,English,USA,R,0,15000000,4500000,7.6,6.0,6.7,Medium
TMDB-10858,Nixon,2004,164,Horror,Tamil,India,PG-13,0,5000000,1500000,9.8,9.1,8.8,High
TMDB-11439,The Ghost Writer,2001,157,Animation,English,USA,PG-13,0,98000000,29400000,9.8,9.0,8.8,High
TMDB-9457,Deep Rising,2015,108,Sci-Fi,Korean,France,PG-13,0,64000000,19200000,9.2,6.8,7.7,High
TMDB-12412,Miracle at St. Anna,2001,107,Animation,English,USA,PG-13,0,98000000,29400000,9.8,8.0,8.4,High
TMDB-1494,Curse of the Golden Flower,2018,142,Comedy,French,France,PG-13,0,43000000,12900000,9.8,6.0,7.7,High
TMDB-13184,Bangkok Dangerous,2005,85,Romance,Korean,France,R,0,6000000,1800000,7.6,6.2,6.8,Medium
TMDB-2185,Big Trouble,2022,115,Action,Spanish,France,PG-13,0,71000000,21300000,9.8,9.0,8.8,High
TMDB-6639,Love in the Time of Cholera,2015,89,Mystery,English,USA,PG-13,0,40000000,12000000,9.8,6.7,8.0,High
TMDB-38153,Shadow Conspiracy,2023,162,Animation,German,France,PG-13,0,48000000,14400000,8.4,6.8,7.4,Medium
TMDB-58233,Johnny English Reborn,2007,141,Drama,Korean,France,PG-13,0,32000000,9600000,8.4,8.8,8.1,High
TMDB-116977,Foodfight!,2023,153,Sci-Fi,French,France,R,0,24000000,7200000,6.8,7.5,6.9,Medium
TMDB-68734,Argo,2015,89,Mystery,German,France,PG-13,0,40000000,12000000,7.6,10.0,8.1,High
TMDB-5503,The Fugitive,2003,99,Mystery,Japanese,France,PG-13,0,100000000,30000000,9.2,10.0,8.8,High
TMDB-27573,The Bounty Hunter,2022,109,Horror,Spanish,France,PG-13,0,95000000,28500000,9.8,7.2,8.1,High
TMDB-819,Sleepers,2009,166,Drama,Spanish,France,PG-13,0,82000000,24600000,9.8,7.5,8.2,High
TMDB-1369,Rambo: First Blood Part II,2004,99,Horror,German,France,PG-13,0,5000000,1500000,8.4,7.3,7.5,High
TMDB-9623,The Juror,2002,147,Comedy,German,France,PG-13,0,3000000,900000,7.6,6.8,7.0,Medium
TMDB-10895,Pinocchio,2002,142,Comedy,Japanese,France,R,0,3000000,900000,6.8,6.4,6.5,Medium
TMDB-10935,Heaven's Gate,2022,118,Documentary,German,France,PG-13,0,119000000,35700000,7.6,7.8,7.4,Medium
TMDB-834,Underworld: Evolution,2004,146,Thriller,German,France,PG-13,0,77000000,23100000,8.4,7.0,7.4,Medium
TMDB-228066,Victor Frankenstein,2017,85,Romance,Japanese,France,PG-13,0,66000000,19800000,8.4,6.9,7.4,Medium
TMDB-711,Finding Forrester,2022,146,Thriller,English,USA,PG-13,0,47000000,14100000,9.8,6.6,7.9,High
TMDB-10468,28 Days,2004,86,Thriller,German,France,PG-13,0,77000000,23100000,9.2,8.2,8.2,High
TMDB-10027,Unleashed,2017,104,Mystery,Telugu,India,PG-13,0,90000000,27000000,9.8,7.8,8.3,High
TMDB-11812,The Sweetest Thing,2000,106,Thriller,Hindi,India,PG-13,0,97000000,29100000,8.4,6.3,7.2,Medium
TMDB-37233,The Firm,2013,115,Romance,Spanish,France,PG-13,0,86000000,25800000,9.8,7.6,8.3,High
TMDB-37950,Charlie St. Cloud,2020,168,Documentary,Tamil,India,PG-13,0,69000000,20700000,9.2,8.0,8.1,High
TMDB-27582,The Mechanic,2022,101,Thriller,German,France,PG-13,0,47000000,14100000,9.8,7.0,8.1,High
TMDB-64688,21 Jump Street,2014,122,Comedy,Japanese,France,PG-13,0,63000000,18900000,9.2,7.3,7.9,High
TMDB-509,Notting Hill,2003,100,Romance,German,France,PG-13,0,76000000,22800000,8.4,8.2,7.9,High
TMDB-7443,Chicken Run,2009,129,Mystery,German,France,PG-13,0,10000000,3000000,7.6,6.7,7.0,Medium
TMDB-5966,Along Came Polly,2014,97,Comedy,Japanese,France,PG-13,0,63000000,18900000,8.4,8.1,7.8,High
TMDB-11066,Boomerang,2004,108,Documentary,Tamil,India,PG-13,0,29000000,8700000,8.4,6.6,7.3,Medium
TMDB-136795,The Heat,2017,143,Sci-Fi,English,USA,PG-13,0,114000000,34200000,9.2,7.8,8.1,High
TMDB-8095,Cleopatra,2009,103,Sci-Fi,Tamil,India,PG-13,0,34000000,10200000,6.8,7.8,7.0,Medium
TMDB-87826,Here Comes the Boom,2015,89,Mystery,Telugu,India,PG-13,0,40000000,12000000,9.8,6.7,8.0,High
TMDB-11560,High Crimes,2003,107,Animation,English,USA,PG-13,0,28000000,8400000,8.4,9.3,8.2,High
TMDB-25189,The Mirror Has Two Faces,2012,85,Action,German,France,PG-13,0,61000000,18300000,8.4,6.0,7.1,Medium
TMDB-2637,The Mothman Prophecies,2011,168,Sci-Fi,Spanish,France,PG-13,0,84000000,25200000,8.4,9.0,8.1,High
TMDB-18480,Brüno,2012,140,Action,French,France,PG-13,0,61000000,18300000,9.8,6.3,7.8,High
TMDB-709,Licence to Kill,2005,156,Drama,Tamil,India,PG-13,0,102000000,30600000,9.8,7.3,8.2,High
TMDB-49730,Red Riding Hood,2021,159,Mystery,Telugu,India,PG-13,0,70000000,21000000,9.8,7.6,8.3,High
TMDB-2749,15 Minutes,2021,101,Drama,German,France,PG-13,0,22000000,6600000,7.6,10.0,8.1,High
TMDB-9607,Super Mario Bros.,2002,150,Action,Spanish,France,R,0,51000000,15300000,6.8,6.2,6.4,Medium
TMDB-1830,Lord of War,2015,109,Mystery,Korean,France,PG-13,0,40000000,12000000,9.8,7.4,8.2,High
TMDB-79,Hero,2022,155,Action,French,France,PG-13,0,71000000,21300000,9.8,8.2,8.5,High
TMDB-54054,One for the Money,2019,159,Mystery,Hindi,India,PG-13,0,20000000,6000000,7.6,7.0,7.1,Medium
TMDB-228967,The Interview,2009,141,Drama,Telugu,India,PG-13,0,82000000,24600000,7.6,9.6,8.0,High
TMDB-46528,The Warrior's Way,2008,155,Action,Tamil,India,R,0,81000000,24300000,6.8,6.6,6.6,Medium
TMDB-27936,Micmacs,2000,111,Thriller,French,France,PG-13,0,97000000,29100000,9.8,6.4,7.9,High
TMDB-65,8 Mile,2021,126,Drama,Hindi,India,PG-13,0,22000000,6600000,9.8,7.3,8.2,High
TMDB-280391,Why I Did (Not) Eat My Father,2022,151,Thriller,Spanish,France,R,0,47000000,14100000,6.8,7.0,6.7,Medium
TMDB-9476,A Knight's Tale,2019,143,Sci-Fi,French,France,PG-13,0,44000000,13200000,9.8,6.9,8.0,High
TMDB-10610,The Medallion,2023,165,Romance,Korean,France,PG-13,0,96000000,28800000,6.8,7.8,7.0,Medium
TMDB-745,The Sixth Sense,2005,112,Animation,Korean,France,PG-13,0,78000000,23400000,9.8,10.0,9.1,High
TMDB-49527,Man on a Ledge,2006,154,Horror,Telugu,India,PG-13,0,55000000,16500000,6.8,10.0,7.8,High
TMDB-73937,The Big Year,2021,87,Animation,English,USA,PG-13,0,118000000,35400000,9.2,7.2,7.9,High
TMDB-1885,The Karate Kid,2010,145,Action,Hindi,India,R,0,11000000,3300000,7.6,6.2,6.8,Medium
TMDB-168672,American Hustle,2021,126,Drama,English,USA,PG-13,0,22000000,6600000,9.8,8.7,8.7,High
TMDB-18240,The Proposal,2008,110,Action,Hindi,India,PG-13,0,81000000,24300000,9.8,10.0,9.1,High
TMDB-10398,Double Jeopardy,2018,134,Horror,Korean,France,PG-13,0,115000000,34500000,9.2,6.0,7.4,Medium
TMDB-165,Back to the Future Part II,2014,118,Documentary,Japanese,France,PG-13,0,39000000,11700000,9.8,10.0,9.1,High
TMDB-240832,Lucy,2014,100,Action,Japanese,France,PG-13,0,111000000,33300000,9.8,10.0,9.1,High
TMDB-216015,Fifty Shades of Grey,2016,93,Documentary,Tamil,India,PG-13,0,89000000,26700000,7.6,7.0,7.1,Medium
TMDB-12279,Spy Kids 3-D: Game Over,2023,106,Drama,Korean,France,PG-13,0,72000000,21600000,9.8,9.0,8.8,High
TMDB-1645,A Time to Kill,2016,93,Documentary,French,France,PG-13,0,89000000,26700000,9.8,7.8,8.3,High
TMDB-11007,Cheaper by the Dozen,2000,146,Thriller,Korean,France,PG-13,0,97000000,29100000,9.8,7.0,8.1,High
TMDB-193756,Lone Survivor,2005,130,Romance,Spanish,France,PG-13,0,6000000,1800000,9.8,10.0,9.1,High
TMDB-11287,A League of Their Own,2006,87,Comedy,Hindi,India,PG-13,0,103000000,30900000,9.2,8.2,8.2,High
TMDB-259693,The Conjuring 2,2013,169,Mystery,French,France,PG-13,0,110000000,33000000,9.8,8.6,8.6,High
TMDB-37799,The Social Network,2012,98,Documentary,Korean,France,PG-13,0,109000000,32700000,9.8,10.0,9.1,High
TMDB-10184,He's Just Not That Into You,2007,121,Drama,Korean,France,PG-13,0,32000000,9600000,9.2,9.9,8.8,High
TMDB-4257,Scary Movie 4,2001,127,Animation,English,USA,PG-13,0,98000000,29400000,9.8,7.4,8.2,High
TMDB-4234,Scream 3,2018,98,Documentary,German,France,PG-13,0,19000000,5700000,9.8,7.8,8.3,High
TMDB-196,Back to the Future Part III,2011,118,Sci-Fi,Japanese,France,PG-13,0,84000000,25200000,9.8,10.0,9.1,High
TMDB-257091,Get Hard,2016,132,Comedy,English,USA,PG-13,0,113000000,33900000,6.8,8.7,7.3,Medium
TMDB-6114,Dracula,2004,130,Action,Japanese,France,PG-13,0,101000000,30300000,9.8,8.5,8.6,High
TMDB-24803,Julie & Julia,2012,102,Comedy,German,France,PG-13,0,13000000,3900000,8.4,6.8,7.4,Medium
TMDB-109410,42,2003,150,Romance,Korean,France,PG-13,0,76000000,22800000,9.8,7.6,8.3,High
TMDB-1213,The Talented Mr. Ripley,2012,142,Comedy,Hindi,India,PG-13,0,13000000,3900000,8.4,10.0,8.5,High
TMDB-100042,Dumb and Dumber To,2013,121,Drama,Tamil,India,PG-13,0,62000000,18600000,9.8,10.0,9.1,High
TMDB-9036,Eight Below,2000,129,Horror,German,France,PG-13,0,25000000,7500000,9.2,5.8,7.4,Medium
TMDB-257211,The Intern,2008,111,Thriller,Spanish,France,PG-13,0,57000000,17100000,9.8,8.0,8.4,High
TMDB-323675,Ride Along 2,2004,153,Documentary,German,France,PG-13,0,29000000,8700000,9.8,10.0,9.1,High
TMDB-9361,The Last of the Mohicans,2023,98,Sci-Fi,French,France,PG-13,0,24000000,7200000,9.8,6.8,8.0,High
TMDB-1677,Ray,2015,123,Sci-Fi,English,USA,PG-13,0,64000000,19200000,9.8,7.9,8.4,High
TMDB-187,Sin City,2013,131,Drama,Korean,France,PG-13,0,62000000,18600000,9.8,10.0,9.1,High
TMDB-7461,Vantage Point,2004,148,Documentary,French,France,PG-13,0,29000000,8700000,7.6,8.5,7.6,High
TMDB-16538,"I Love You, Man",2010,115,Action,Spanish,France,PG-13,0,11000000,3300000,8.4,10.0,8.5,High
TMDB-9889,Shallow Hal,2003,160,Romance,English,USA,PG-13,0,76000000,22800000,9.8,7.3,8.2,High
TMDB-820,JFK,2018,130,Action,Japanese,France,PG-13,0,91000000,27300000,9.8,10.0,9.1,High
TMDB-11565,Big Momma's House 2,2007,169,Mystery,Korean,France,PG-13,0,80000000,24000000,9.8,6.0,7.7,High
TMDB-6073,The Mexican,2018,166,Thriller,Telugu,India,PG-13,0,67000000,20100000,9.8,6.7,8.0,High
TMDB-16996,17 Again,2007,119,Mystery,Japanese,France,PG-13,0,80000000,24000000,9.2,10.0,8.8,High
TMDB-193610,The Other Woman,2000,154,Horror,Telugu,India,PG-13,0,25000000,7500000,9.2,6.9,7.8,High
TMDB-19912,The Final Destination,2004,102,Comedy,German,France,PG-13,0,53000000,15900000,9.8,6.6,7.9,High
TMDB-296098,Bridge of Spies,2006,108,Documentary,Hindi,India,PG-13,0,79000000,23700000,9.8,10.0,9.1,High
TMDB-8007,Behind Enemy Lines,2001,109,Mystery,English,USA,PG-13,0,50000000,15000000,9.2,7.3,7.9,High
TMDB-32823,Get Him to the Greek,2007,143,Sci-Fi,Telugu,India,PG-13,0,104000000,31200000,9.8,8.0,8.4,High
TMDB-4380,Shall We Dance?,2011,85,Romance,Korean,France,PG-13,0,36000000,10800000,9.8,7.2,8.1,High
TMDB-11551,Small Soldiers,2020,98,Documentary,Korean,France,PG-13,0,69000000,20700000,9.8,7.8,8.3,High
TMDB-10336,Spawn,2007,152,Animation,English,USA,R,0,8000000,2400000,6.8,6.2,6.4,Medium
TMDB-11362,The Count of Monte Cristo,2005,90,Romance,Telugu,India,PG-13,0,6000000,1800000,9.8,6.2,7.8,High
TMDB-50348,The Lincoln Lawyer,2006,126,Thriller,English,USA,PG-13,0,7000000,2100000,8.4,7.5,7.6,High
TMDB-48138,Unknown,2008,127,Comedy,German,France,PG-13,0,33000000,9900000,9.8,7.2,8.1,High
TMDB-1124,The Prestige,2006,168,Documentary,Spanish,France,PG-13,0,79000000,23700000,9.8,9.9,9.1,High
TMDB-227159,Horrible Bosses 2,2001,93,Sci-Fi,Telugu,India,PG-13,0,74000000,22200000,9.2,7.3,7.9,High
TMDB-68179,Escape from Planet Earth,2007,132,Animation,English,USA,R,0,8000000,2400000,6.8,7.0,6.7,Medium
TMDB-1579,Apocalypto,2002,92,Comedy,German,France,PG-13,0,3000000,900000,8.4,9.7,8.4,High
TMDB-708,The Living Daylights,2022,169,Horror,Japanese,France,PG-13,0,95000000,28500000,9.8,10.0,9.1,High
TMDB-34851,Predators,2009,98,Sci-Fi,Telugu,India,PG-13,0,34000000,10200000,8.4,6.4,7.2,Medium
TMDB-9930,Legal Eagles,2021,119,Mystery,Hindi,India,PG-13,0,70000000,21000000,9.8,8.5,8.6,High
TMDB-1586,Secret Window,2014,139,Horror,Japanese,France,PG-13,0,15000000,4500000,9.8,6.7,8.0,High
TMDB-2044,The Lake House,2017,126,Drama,English,USA,R,0,42000000,12600000,6.8,7.4,6.9,Medium
TMDB-9913,The Skeleton Key,2009,102,Animation,Spanish,France,PG-13,0,58000000,17400000,9.2,7.4,7.9,High
TMDB-71864,The Odd Life of Timothy Green,2010,144,Horror,French,France,PG-13,0,35000000,10500000,7.6,7.8,7.4,Medium
TMDB-10761,Made of Honor,2000,168,Documentary,Korean,France,R,0,49000000,14700000,6.8,7.6,6.9,Medium
TMDB-209451,Jersey Boys,2009,158,Sci-Fi,English,USA,PG-13,0,34000000,10200000,9.8,10.0,9.1,High
TMDB-11975,The Rainmaker,2022,165,Action,Tamil,India,PG-13,0,71000000,21300000,9.8,8.1,8.4,High
TMDB-4970,Gothika,2004,147,Comedy,German,France,R,0,53000000,15900000,7.6,6.3,6.8,Medium
TMDB-11831,Amistad,2020,112,Comedy,German,France,PG-13,0,93000000,27900000,9.8,7.9,8.4,High
TMDB-9096,Medicine Man,2020,139,Horror,English,USA,PG-13,0,45000000,13500000,9.8,6.2,7.8,High
TMDB-440,Aliens vs Predator: Requiem,2004,121,Thriller,French,France,PG-13,0,77000000,23100000,7.6,9.8,8.0,High
TMDB-11011,Ri¢hie Ri¢h,2004,101,Thriller,Hindi,India,PG-13,0,77000000,23100000,9.8,6.2,7.8,High
TMDB-10641,Autumn in New York,2018,109,Horror,Korean,France,R,0,115000000,34500000,6.8,6.3,6.5,Medium
TMDB-11172,Music and Lyrics,2001,165,Romance,Tamil,India,PG-13,0,26000000,7800000,8.4,10.0,8.5,High
TMDB-39513,Paul,2018,142,Comedy,Tamil,India,PG-13,0,43000000,12900000,8.4,7.0,7.4,Medium
TMDB-82687,The Guilt Trip,2012,139,Horror,Korean,France,PG-13,0,85000000,25500000,9.8,6.9,8.0,High
TMDB-41446,Scream 4,2006,163,Documentary,Hindi,India,PG-13,0,79000000,23700000,9.8,7.9,8.4,High
TMDB-8224,8MM,2022,114,Horror,Japanese,France,PG-13,0,95000000,28500000,9.8,6.9,8.0,High
TMDB-10537,The Doors,2017,86,Drama,English,USA,PG-13,0,42000000,12600000,9.8,8.5,8.6,High
TMDB-225886,Sex Tape,2023,139,Mystery,Korean,France,PG-13,0,120000000,36000000,9.2,8.4,8.3,High
TMDB-10385,Hanging Up,2022,122,Comedy,Japanese,France,PG-13,0,23000000,6900000,6.8,7.8,7.0,Medium
TMDB-55779,Final Destination 5,2002,101,Thriller,Telugu,India,R,0,27000000,8100000,7.6,6.3,6.8,Medium
TMDB-10154,Mickey Blue Eyes,2021,164,Mystery,English,USA,R,0,70000000,21000000,6.8,6.7,6.6,Medium
TMDB-10647,Pay It Forward,2020,110,Action,German,France,PG-13,0,21000000,6300000,8.4,6.9,7.4,Medium
TMDB-11431,Fever Pitch,2003,130,Romance,French,France,PG-13,0,76000000,22800000,9.8,8.6,8.6,High
TMDB-8457,Drillbit Taylor,2006,126,Thriller,Tamil,India,PG-13,0,7000000,2100000,9.2,9.9,8.8,High
TMDB-188161,A Million Ways to Die in the West,2022,111,Thriller,Korean,France,PG-13,0,47000000,14100000,8.4,10.0,8.5,High
TMDB-8850,The Shadow,2010,142,Comedy,Japanese,France,PG-13,0,83000000,24900000,9.2,7.9,8.1,High
TMDB-64685,Extremely Loud & Incredibly Close,2020,150,Action,German,France,PG-13,0,21000000,6300000,9.8,7.5,8.2,High
TMDB-38357,Morning Glory,2016,98,Documentary,Japanese,France,PG-13,0,89000000,26700000,8.4,6.9,7.4,Medium
TMDB-10060,Get Rich or Die Tryin',2017,124,Mystery,Hindi,India,PG-13,0,90000000,27000000,8.4,7.5,7.6,High
TMDB-11398,The Art of War,2000,109,Horror,Telugu,India,R,0,25000000,7500000,7.6,5.8,6.6,Medium
TMDB-1833,Rent,2005,91,Drama,Korean,France,PG-13,0,102000000,30600000,9.8,6.6,7.9,High
TMDB-10391,Bless the Child,2016,143,Documentary,French,France,PG-13,0,89000000,26700000,9.8,6.8,8.0,High
TMDB-8970,The Out-of-Towners,2002,147,Comedy,Hindi,India,PG-13,0,3000000,900000,9.2,6.3,7.5,High
TMDB-9306,The Island of Dr. Moreau,2020,119,Horror,German,France,PG-13,0,45000000,13500000,9.8,7.0,8.1,High
TMDB-11370,The Musketeer,2001,108,Sci-Fi,English,USA,PG-13,0,74000000,22200000,9.8,6.8,8.0,High
TMDB-12184,The Other Boleyn Girl,2002,119,Horror,Spanish,France,PG-13,0,75000000,22500000,7.6,8.4,7.6,High
TMDB-1921,Sweet November,2006,139,Horror,Spanish,France,R,0,55000000,16500000,6.8,6.8,6.6,Medium
TMDB-1683,The Reaping,2006,111,Thriller,Korean,France,PG-13,0,7000000,2100000,9.8,6.8,8.0,High
TMDB-203,Mean Streets,2013,101,Drama,Japanese,France,PG-13,0,62000000,18600000,9.8,6.8,8.0,High
TMDB-11858,Renaissance Man,2002,128,Documentary,Hindi,India,PG-13,0,99000000,29700000,9.2,6.4,7.6,High
TMDB-62835,Colombiana,2013,126,Drama,French,France,PG-13,0,62000000,18600000,8.4,7.2,7.5,High
TMDB-18937,Quest for Camelot,2015,133,Sci-Fi,English,USA,R,0,64000000,19200000,7.6,6.6,6.9,Medium
TMDB-13536,City By The Sea,2002,91,Thriller,Korean,France,PG-13,0,27000000,8100000,9.2,6.0,7.4,Medium
TMDB-15556,At First Sight,2008,106,Thriller,French,France,PG-13,0,57000000,17100000,9.2,6.4,7.6,High
TMDB-10718,Torque,2022,94,Horror,Spanish,France,PG-13,0,95000000,28500000,7.6,8.7,7.7,High
TMDB-11062,City Hall,2003,102,Animation,English,USA,PG-13,0,28000000,8400000,9.2,5.8,7.4,Medium
TMDB-10802,Showgirls,2009,121,Drama,English,USA,PG-13,0,82000000,24600000,9.8,7.8,8.3,High
TMDB-1887,Marie Antoinette,2017,141,Drama,Spanish,France,PG-13,0,42000000,12600000,9.2,7.6,8.0,High
TMDB-6071,Kiss of Death,2005,125,Romance,English,USA,R,0,6000000,1800000,7.6,6.2,6.8,Medium
TMDB-10461,Get Carter,2014,92,Comedy,Telugu,India,PG-13,0,63000000,18900000,8.4,6.8,7.4,Medium
TMDB-80278,The Impossible,2006,120,Action,Telugu,India,PG-13,0,31000000,9300000,7.6,7.0,7.1,Medium
TMDB-12704,Ishtar,2004,85,Action,Korean,France,R,0,101000000,30300000,6.8,6.3,6.5,Medium
TMDB-10315,Fantastic Mr. Fox,2012,154,Horror,English,USA,PG-13,0,85000000,25500000,9.8,8.6,8.6,High
TMDB-16643,Life or Something Like It,2003,121,Drama,Telugu,India,PG-13,0,52000000,15600000,9.8,6.4,7.9,High
TMDB-2687,Memoirs of an Invisible Man,2014,139,Horror,Hindi,India,PG-13,0,15000000,4500000,9.8,6.4,7.9,High
TMDB-11025,New York Minute,2009,88,Sci-Fi,Telugu,India,PG-13,0,34000000,10200000,9.2,6.9,7.8,High
TMDB-8849,Alfie,2011,109,Mystery,English,USA,R,0,60000000,18000000,6.8,7.0,6.7,Medium
TMDB-78698,Big Miracle,2018,137,Comedy,Tamil,India,PG-13,0,43000000,12900000,9.2,9.6,8.7,High
TMDB-30943,The Deep End of the Ocean,2009,116,Drama,English,USA,R,0,82000000,24600000,6.8,6.8,6.6,Medium
TMDB-9544,FearDotCom,2017,150,Romance,English,USA,PG-13,0,66000000,19800000,7.6,7.4,7.2,Medium
TMDB-24418,Cirque du Freak: The Vampire's Assistant,2020,167,Comedy,German,France,PG-13,0,93000000,27900000,9.8,7.9,8.4,High
TMDB-7288,Duplex,2009,116,Drama,Hindi,India,PG-13,0,82000000,24600000,8.4,8.1,7.8,High
TMDB-14655,Soul Men,2014,167,Comedy,Spanish,France,PG-13,0,63000000,18900000,9.8,6.7,8.0,High
TMDB-24575,Raise the Titanic,2004,108,Documentary,French,France,R,0,29000000,8700000,7.6,6.1,6.8,Medium
TMDB-10366,Universal Soldier: The Return,2020,119,Horror,German,France,R,0,45000000,13500000,6.8,6.4,6.5,Medium
TMDB-19898,Pandorum,2004,113,Documentary,English,USA,PG-13,0,29000000,8700000,7.6,7.9,7.4,Medium
TMDB-4965,Impostor,2023,138,Sci-Fi,Tamil,India,PG-13,0,24000000,7200000,9.8,6.3,7.8,High
TMDB-15074,Extreme Ops,2001,121,Drama,French,France,R,0,2000000,600000,7.6,6.2,6.8,Medium
TMDB-56715,Just Visiting,2010,124,Horror,Hindi,India,PG-13,0,35000000,10500000,8.4,6.6,7.3,Medium
TMDB-1272,Sunshine,2013,87,Animation,Hindi,India,PG-13,0,38000000,11400000,9.8,6.4,7.9,High
TMDB-72358,A Thousand Words,2012,160,Action,German,France,PG-13,0,61000000,18300000,9.8,10.0,9.1,High
TMDB-20542,Delgo,2001,140,Romance,French,France,R,0,26000000,7800000,6.8,6.8,6.6,Medium
TMDB-266396,The Gunman,2000,160,Action,Tamil,India,PG-13,0,1000000,300000,9.2,8.4,8.3,High
TMDB-9978,Stormbreaker,2021,99,Mystery,English,USA,PG-13,0,70000000,21000000,7.6,7.4,7.2,Medium
TMDB-8271,Disturbia,2012,127,Comedy,German,France,PG-13,0,13000000,3900000,9.2,6.8,7.7,High
TMDB-10428,Hackers,2007,128,Sci-Fi,Japanese,France,PG-13,0,104000000,31200000,9.2,8.0,8.1,High
TMDB-5353,The Hunting Party,2012,89,Horror,Hindi,India,PG-13,0,85000000,25500000,8.4,6.3,7.2,Medium
TMDB-11934,The Hudsucker Proxy,2012,99,Horror,Korean,France,PG-13,0,85000000,25500000,9.8,7.9,8.4,High
TMDB-14392,The Warlords,2001,142,Animation,Hindi,India,R,0,98000000,29400000,6.8,7.5,6.9,Medium
TMDB-19495,Nomad: The Warrior,2015,163,Sci-Fi,Hindi,India,R,0,64000000,19200000,6.8,6.1,6.4,Medium
TMDB-110415,Snowpiercer,2022,96,Thriller,English,USA,PG-13,0,47000000,14100000,7.6,10.0,8.1,High
TMDB-77459,A Monster in Paris,2007,153,Sci-Fi,Telugu,India,R,0,104000000,31200000,6.8,6.1,6.4,Medium
TMDB-26486,The Last Shot,2013,111,Drama,Japanese,France,PG-13,0,62000000,18600000,6.8,10.0,7.8,High
TMDB-9495,The Crow,2017,165,Romance,Telugu,India,PG-13,0,66000000,19800000,9.8,6.9,8.0,High
TMDB-24420,The Time Traveler's Wife,2010,107,Comedy,Hindi,India,PG-13,0,83000000,24900000,9.8,9.1,8.8,High
TMDB-1257,Because I Said So,2011,127,Animation,Japanese,France,PG-13,0,108000000,32400000,8.4,6.9,7.4,Medium
TMDB-62214,Frankenweenie,2023,128,Sci-Fi,German,France,PG-13,0,24000000,7200000,9.8,6.2,7.8,High
TMDB-16320,Serenity,2014,124,Horror,Spanish,France,PG-13,0,15000000,4500000,8.4,10.0,8.5,High
TMDB-8842,Against the Ropes,2022,144,Horror,Japanese,France,R,0,95000000,28500000,6.8,5.8,6.3,Medium
TMDB-9531,Superman III,2004,153,Documentary,Japanese,France,PG-13,0,29000000,8700000,9.8,6.2,7.8,High
TMDB-64807,Grudge Match,2010,101,Thriller,Tamil,India,PG-13,0,107000000,32100000,9.8,7.0,8.1,High
TMDB-12289,Red Cliff,2012,169,Horror,Korean,France,PG-13,0,85000000,25500000,9.8,8.4,8.5,High
TMDB-11529,Sweet Home Alabama,2008,137,Comedy,French,France,PG-13,0,33000000,9900000,9.8,6.9,8.0,High
TMDB-20943,The Ugly Truth,2023,101,Drama,Hindi,India,PG-13,0,72000000,21600000,9.8,10.0,9.1,High
TMDB-9099,Sgt. Bilko,2020,159,Horror,English,USA,PG-13,0,45000000,13500000,9.2,6.7,7.7,High
TMDB-9488,Spy Kids 2: The Island of Lost Dreams,2012,116,Thriller,Tamil,India,PG-13,0,37000000,11100000,9.8,8.4,8.5,High
TMDB-193,Star Trek: Generations,2003,120,Romance,German,France,R,0,76000000,22800000,6.8,7.0,6.7,Medium
TMDB-44865,The Grandmaster,2015,158,Sci-Fi,German,France,PG-13,0,64000000,19200000,8.4,6.7,7.3,Medium
TMDB-55787,Water for Elephants,2018,92,Comedy,Hindi,India,PG-13,0,43000000,12900000,9.8,7.4,8.2,High
TMDB-257932,Dragon Nest: Warriors' Dawn,2011,131,Drama,Korean,France,R,0,12000000,3600000,6.8,6.1,6.4,Medium
TMDB-10400,The Hurricane,2022,138,Documentary,German,France,PG-13,0,119000000,35700000,9.8,10.0,9.1,High
TMDB-1957,Enough,2008,131,Thriller,English,USA,PG-13,0,57000000,17100000,9.8,7.9,8.4,High
TMDB-10833,Heartbreakers,2002,103,Documentary,Spanish,France,R,0,99000000,29700000,6.8,6.8,6.6,Medium
TMDB-256961,Paul Blart: Mall Cop 2,2016,99,Horror,Hindi,India,PG-13,0,65000000,19500000,9.8,10.0,9.1,High
TMDB-5852,Angel Eyes,2016,143,Documentary,French,France,PG-13,0,89000000,26700000,7.6,8.2,7.5,High
TMDB-12312,Joe Somebody,2002,122,Comedy,Tamil,India,PG-13,0,3000000,900000,8.4,6.8,7.4,Medium
TMDB-622,The Ninth Gate,2023,165,Romance,French,France,PG-13,0,96000000,28800000,9.8,7.8,8.3,High
TMDB-11306,Extreme Measures,2000,103,Documentary,German,France,PG-13,0,49000000,14700000,9.8,10.0,9.1,High
TMDB-12508,Rock Star,2007,143,Sci-Fi,Spanish,France,PG-13,0,104000000,31200000,9.8,6.9,8.0,High
TMDB-25793,Precious,2016,103,Documentary,Hindi,India,PG-13,0,89000000,26700000,7.6,7.6,7.3,Medium
TMDB-10534,White Squall,2012,85,Action,Hindi,India,PG-13,0,61000000,18300000,9.8,6.8,8.0,High
TMDB-1091,The Thing,2014,107,Comedy,English,USA,PG-13,0,63000000,18900000,9.8,6.4,7.9,High
TMDB-87421,Riddick,2004,132,Comedy,Hindi,India,PG-13,0,53000000,15900000,9.2,6.9,7.8,High
TMDB-10871,Switchback,2023,113,Sci-Fi,Telugu,India,R,0,24000000,7200000,7.6,6.4,6.9,Medium
TMDB-13503,Texas Rangers,2010,149,Horror,Tamil,India,PG-13,0,35000000,10500000,9.8,6.9,8.0,High
TMDB-13600,City of Ember,2016,110,Action,Telugu,India,PG-13,0,41000000,12300000,7.6,7.5,7.2,Medium
TMDB-68722,The Master,2019,123,Sci-Fi,Japanese,France,PG-13,0,44000000,13200000,9.8,8.4,8.5,High
TMDB-14324,Virgin Territory,2020,91,Thriller,Japanese,France,R,0,117000000,35100000,7.6,6.4,6.9,Medium
TMDB-14325,The Express,2011,92,Animation,French,France,PG-13,0,108000000,32400000,9.8,6.0,7.7,High
TMDB-299687,The 5th Wave,2008,136,Thriller,French,France,PG-13,0,57000000,17100000,6.8,9.2,7.5,High
TMDB-312221,Creed,2005,114,Mystery,Japanese,France,PG-13,0,30000000,9000000,7.6,10.0,8.1,High
TMDB-23168,The Town,2000,114,Horror,French,France,PG-13,0,25000000,7500000,7.6,10.0,8.1,High
TMDB-76494,What to Expect When You're Expecting,2002,159,Horror,Telugu,India,PG-13,0,75000000,22500000,9.8,8.6,8.6,High
TMDB-4944,Burn After Reading,2012,162,Comedy,German,France,PG-13,0,13000000,3900000,9.8,10.0,9.1,High
TMDB-10488,Nim's Island,2007,110,Romance,Japanese,France,PG-13,0,56000000,16800000,6.8,7.8,7.0,Medium
TMDB-96721,Rush,2020,106,Thriller,Hindi,India,PG-13,0,117000000,35100000,9.8,8.0,8.4,High
TMDB-334,Magnolia,2005,129,Mystery,Korean,France,PG-13,0,30000000,9000000,9.8,8.5,8.6,High
TMDB-23742,Cop Out,2000,147,Comedy,English,USA,PG-13,0,73000000,21900000,9.8,7.8,8.3,High
TMDB-259694,How to Be Single,2019,142,Animation,German,France,R,0,68000000,20400000,6.8,7.5,6.9,Medium
TMDB-62837,Dolphin Tale,2010,115,Action,French,France,PG-13,0,11000000,3300000,8.4,7.2,7.5,High
TMDB-8966,Twilight,2018,141,Thriller,German,France,PG-13,0,67000000,20100000,9.8,8.1,8.4,High
TMDB-8470,John Q,2022,92,Comedy,Korean,France,PG-13,0,23000000,6900000,9.2,6.8,7.7,High
TMDB-11001,Blue Streak,2002,167,Comedy,Japanese,France,PG-13,0,3000000,900000,9.8,10.0,9.1,High
TMDB-138832,We're the Millers,2011,148,Sci-Fi,Hindi,India,PG-13,0,84000000,25200000,8.4,7.0,7.4,Medium
TMDB-16911,The Inhabited Island,2005,98,Sci-Fi,Spanish,France,R,0,54000000,16200000,6.8,6.8,6.6,Medium
TMDB-2163,Breakdown,2016,85,Action,Hindi,India,PG-13,0,41000000,12300000,9.2,6.8,7.7,High
TMDB-36670,Never Say Never Again,2018,127,Comedy,Japanese,France,PG-13,0,43000000,12900000,7.6,9.4,7.9,High
TMDB-23048,Hot Tub Time Machine,2016,167,Comedy,Tamil,India,PG-13,0,113000000,33900000,8.4,7.2,7.5,High
TMDB-227735,Dolphin Tale 2,2011,137,Animation,English,USA,PG-13,0,108000000,32400000,8.4,10.0,8.5,High
TMDB-2155,Reindeer Games,2019,163,Sci-Fi,German,France,PG-13,0,44000000,13200000,9.8,7.3,8.2,High
TMDB-8409,A Man Apart,2017,85,Romance,Korean,France,PG-13,0,66000000,19800000,9.8,6.8,8.0,High
TMDB-222936,Aloha,2008,130,Action,Tamil,India,PG-13,0,81000000,24300000,9.8,7.0,8.1,High
TMDB-31908,Ghosts of Mississippi,2018,98,Documentary,Telugu,India,PG-13,0,19000000,5700000,9.8,6.2,7.8,High
TMDB-10219,Snow Falling on Cedars,2001,163,Sci-Fi,Hindi,India,PG-13,0,74000000,22200000,9.8,7.8,8.3,High
TMDB-48171,The Rite,2023,99,Mystery,Tamil,India,PG-13,0,120000000,36000000,9.2,6.4,7.6,High
TMDB-782,Gattaca,2000,90,Action,Korean,France,PG-13,0,1000000,300000,9.8,6.4,7.9,High
TMDB-75531,Isn't She Great,2021,164,Mystery,Hindi,India,R,0,70000000,21000000,7.6,6.0,6.7,Medium
TMDB-11802,Space Chimps,2016,142,Comedy,English,USA,R,0,113000000,33900000,6.8,7.0,6.7,Medium
TMDB-9776,Head of State,2019,165,Romance,Korean,France,PG-13,0,116000000,34800000,8.4,8.4,7.9,High
TMDB-18785,The Hangover,2022,111,Thriller,Tamil,India,PG-13,0,47000000,14100000,9.8,10.0,9.1,High
TMDB-365222,Ip Man 3,2020,150,Action,Tamil,India,R,0,21000000,6300000,6.8,6.9,6.7,Medium
TMDB-817,Austin Powers: The Spy Who Shagged Me,2009,149,Mystery,English,USA,PG-13,0,10000000,3000000,9.8,7.2,8.1,High
TMDB-268,Batman,2000,103,Documentary,Tamil,India,PG-13,0,49000000,14700000,9.8,7.3,8.2,High
TMDB-45054,There Be Dragons,2015,136,Drama,Japanese,France,PG-13,0,112000000,33600000,8.4,6.7,7.3,Medium
TMDB-943,Lethal Weapon 3,2000,166,Thriller,Korean,France,PG-13,0,97000000,29100000,9.8,6.3,7.8,High
TMDB-22881,The Blind Side,2019,140,Romance,Telugu,India,PG-13,0,116000000,34800000,9.2,7.5,8.0,High
TMDB-10054,Spy Kids,2020,153,Documentary,German,France,PG-13,0,69000000,20700000,9.8,6.9,8.0,High
TMDB-51540,Horrible Bosses,2022,108,Documentary,Tamil,India,PG-13,0,119000000,35700000,8.4,7.4,7.6,High
TMDB-44264,True Grit,2004,145,Action,Japanese,France,PG-13,0,101000000,30300000,9.8,8.7,8.7,High
TMDB-350,The Devil Wears Prada,2013,161,Drama,Tamil,India,PG-13,0,62000000,18600000,9.2,7.2,7.9,High
TMDB-152,Star Trek: The Motion Picture,2020,122,Comedy,Tamil,India,PG-13,0,93000000,27900000,9.2,6.9,7.8,High
TMDB-109431,Identity Thief,2008,96,Thriller,German,France,PG-13,0,57000000,17100000,8.4,9.6,8.3,High
TMDB-1598,Cape Fear,2007,140,Romance,Spanish,France,PG-13,0,56000000,16800000,9.8,8.2,8.5,High
TMDB-8065,21,2014,92,Comedy,Hindi,India,PG-13,0,63000000,18900000,9.8,6.6,7.9,High
TMDB-271718,Trainwreck,2017,85,Romance,Korean,France,PG-13,0,66000000,19800000,9.8,9.1,8.8,High
TMDB-11638,Guess Who,2005,99,Mystery,Japanese,France,PG-13,0,30000000,9000000,8.4,5.8,7.0,Medium
TMDB-409,The English Patient,2014,104,Horror,Spanish,France,PG-13,0,15000000,4500000,8.4,9.8,8.4,High
TMDB-2118,L.A. Confidential,2021,147,Animation,Hindi,India,PG-13,0,118000000,35400000,9.8,10.0,9.1,High
TMDB-11459,Sky High,2002,102,Comedy,Hindi,India,PG-13,0,3000000,900000,9.2,7.4,7.9,High
TMDB-10806,In & Out,2009,137,Animation,Tamil,India,PG-13,0,58000000,17400000,9.8,7.3,8.2,High
TMDB-9348,Species,2013,122,Animation,Japanese,France,PG-13,0,38000000,11400000,9.8,10.0,9.1,High
TMDB-377,A Nightmare on Elm Street,2005,135,Romance,Tamil,India,PG-13,0,6000000,1800000,9.8,8.5,8.6,High
TMDB-8843,The Cell,2000,93,Documentary,Japanese,France,PG-13,0,49000000,14700000,9.2,7.4,7.9,High
TMDB-9313,The Man in the Iron Mask,2002,114,Horror,Telugu,India,PG-13,0,75000000,22500000,9.2,8.7,8.4,High
TMDB-39486,Secretariat,2011,85,Romance,Korean,France,PG-13,0,36000000,10800000,9.2,8.1,8.2,High
TMDB-1273,TMNT,2004,163,Documentary,French,France,PG-13,0,29000000,8700000,7.6,6.8,7.0,Medium
TMDB-13920,Radio,2009,135,Romance,German,France,R,0,106000000,31800000,7.6,5.7,6.6,Medium
TMDB-50544,Friends with Benefits,2019,149,Mystery,Japanese,France,PG-13,0,20000000,6000000,8.4,6.9,7.4,Medium
TMDB-325133,Neighbors 2: Sorority Rising,2012,131,Thriller,German,France,PG-13,0,37000000,11100000,9.8,8.6,8.6,High
TMDB-140823,Saving Mr. Banks,2016,149,Horror,Telugu,India,PG-13,0,65000000,19500000,9.2,7.2,7.9,High
TMDB-1883,Malcolm X,2015,125,Romance,Hindi,India,PG-13,0,16000000,4800000,9.8,10.0,9.1,High
TMDB-89492,This Is 40,2016,136,Thriller,Japanese,France,PG-13,0,17000000,5100000,9.8,8.1,8.4,High
TMDB-22949,Old Dogs,2021,134,Mystery,German,France,PG-13,0,70000000,21000000,9.2,7.6,8.0,High
TMDB-12437,Underworld: Rise of the Lycans,2023,105,Romance,French,France,R,0,96000000,28800000,6.8,7.3,6.8,Medium
TMDB-2959,License to Wed,2022,107,Comedy,French,France,PG-13,0,23000000,6900000,9.2,6.6,7.6,High
TMDB-9957,The Benchwarmers,2013,111,Drama,Telugu,India,PG-13,0,62000000,18600000,9.8,7.5,8.2,High
TMDB-11648,Must Love Dogs,2007,98,Sci-Fi,French,France,R,0,104000000,31200000,6.8,7.4,6.9,Medium
TMDB-9366,Donnie Brasco,2017,168,Sci-Fi,French,France,PG-13,0,114000000,34200000,9.8,6.4,7.9,High
TMDB-1576,Resident Evil,2009,147,Animation,Telugu,India,PG-13,0,58000000,17400000,9.8,7.6,8.3,High
TMDB-609,Poltergeist,2007,154,Mystery,Tamil,India,PG-13,0,80000000,24000000,9.8,6.9,8.0,High
TMDB-5516,The Ladykillers,2010,120,Action,German,France,PG-13,0,11000000,3300000,9.8,7.0,8.1,High
TMDB-13051,Max Payne,2003,152,Animation,Tamil,India,PG-13,0,28000000,8400000,9.2,7.0,7.8,High
TMDB-49530,In Time,2021,112,Animation,Tamil,India,PG-13,0,118000000,35400000,9.8,8.1,8.4,High
TMDB-34806,The Back-Up Plan,2009,119,Mystery,German,France,R,0,10000000,3000000,6.8,6.8,6.6,Medium
TMDB-49022,Something Borrowed,2020,144,Horror,Telugu,India,PG-13,0,45000000,13500000,9.2,6.6,7.6,High
TMDB-11469,Black Knight,2004,148,Documentary,English,USA,R,0,29000000,8700000,7.6,6.2,6.8,Medium
TMDB-23479,The Bad News Bears,2007,127,Animation,Telugu,India,PG-13,0,8000000,2400000,8.4,7.0,7.4,Medium
TMDB-11667,Street Fighter,2020,158,Documentary,English,USA,R,0,69000000,20700000,6.8,6.7,6.6,Medium
TMDB-423,The Pianist,2020,103,Documentary,English,USA,PG-13,0,69000000,20700000,9.8,10.0,9.1,High
TMDB-2447,The Nativity Story,2012,140,Action,German,France,PG-13,0,61000000,18300000,9.8,10.0,9.1,High
TMDB-10066,House of Wax,2012,113,Documentary,English,USA,PG-13,0,109000000,32700000,9.8,6.8,8.0,High
TMDB-2288,Closer,2015,169,Mystery,Korean,France,PG-13,0,40000000,12000000,9.8,7.2,8.1,High
TMDB-88794,J. Edgar,2007,155,Romance,Japanese,France,PG-13,0,56000000,16800000,9.8,7.3,8.2,High
TMDB-13515,Mirrors,2013,145,Romance,Hindi,India,PG-13,0,86000000,25800000,9.2,6.1,7.5,High
TMDB-11979,Queen of the Damned,2017,140,Romance,French,France,R,0,66000000,19800000,7.6,6.4,6.9,Medium
TMDB-169,Predator 2,2023,168,Sci-Fi,German,France,PG-13,0,24000000,7200000,9.8,9.6,9.0,High
TMDB-8090,Untraceable,2014,147,Comedy,German,France,PG-13,0,63000000,18900000,8.4,7.2,7.5,High
TMDB-11622,Blast from the Past,2017,165,Romance,Tamil,India,PG-13,0,66000000,19800000,9.2,6.7,7.7,High
TMDB-3604,Flash Gordon,2015,168,Sci-Fi,German,France,R,0,64000000,19200000,6.8,7.3,6.8,Medium
TMDB-9541,Jersey Girl,2017,124,Mystery,Telugu,India,PG-13,0,90000000,27000000,9.8,6.7,8.0,High
TMDB-94348,Alex Cross,2013,136,Drama,Japanese,France,PG-13,0,62000000,18600000,9.8,6.4,7.9,High
TMDB-8197,Midnight in the Garden of Good and Evil,2000,156,Thriller,Japanese,France,PG-13,0,97000000,29100000,9.8,7.0,8.1,High
TMDB-336004,Heist,2017,134,Mystery,French,France,PG-13,0,90000000,27000000,6.8,9.4,7.5,High
TMDB-35019,Nanny McPhee and the Big Bang,2019,90,Romance,German,France,PG-13,0,116000000,34800000,7.6,7.0,7.1,Medium
TMDB-10410,Hoffa,2004,98,Documentary,Telugu,India,PG-13,0,29000000,8700000,8.4,10.0,8.5,High
TMDB-8836,The X Files: I Want to Believe,2004,162,Comedy,German,France,PG-13,0,53000000,15900000,6.8,10.0,7.8,High
TMDB-14442,Ella Enchanted,2017,150,Romance,Spanish,France,PG-13,0,66000000,19800000,7.6,7.0,7.1,Medium
TMDB-321741,Concussion,2020,90,Action,German,France,PG-13,0,21000000,6300000,6.8,10.0,7.8,High
TMDB-59965,Abduction,2016,96,Thriller,Korean,France,PG-13,0,17000000,5100000,9.8,9.1,8.8,High
TMDB-14175,Valiant,2019,93,Sci-Fi,Korean,France,R,0,44000000,13200000,6.8,6.8,6.6,Medium
TMDB-11004,Wonder Boys,2020,105,Action,Japanese,France,PG-13,0,21000000,6300000,9.8,6.8,8.0,High
TMDB-11918,Superhero Movie,2002,145,Action,Telugu,India,PG-13,0,51000000,15300000,7.6,6.9,7.0,Medium
TMDB-98357,Broken City,2012,110,Action,Hindi,India,R,0,61000000,18300000,6.8,7.6,6.9,Medium
TMDB-10012,Cursed,2008,152,Comedy,Tamil,India,PG-13,0,33000000,9900000,9.8,6.9,8.0,High
TMDB-49526,Premium Rush,2004,155,Action,Japanese,France,PG-13,0,101000000,30300000,9.8,6.2,7.8,High
TMDB-268920,Hot Pursuit,2017,133,Sci-Fi,Japanese,France,PG-13,0,114000000,34200000,9.8,10.0,9.1,High
TMDB-9093,The Four Feathers,2008,94,Horror,French,France,PG-13,0,105000000,31500000,8.4,10.0,8.5,High
TMDB-119283,Parker,2020,93,Documentary,Japanese,France,PG-13,0,69000000,20700000,9.8,8.7,8.7,High
TMDB-11823,Wimbledon,2021,158,Sci-Fi,Telugu,India,PG-13,0,94000000,28200000,8.4,6.2,7.2,Medium
TMDB-35169,Furry Vengeance,2020,156,Thriller,Korean,France,PG-13,0,117000000,35100000,8.4,6.9,7.4,Medium
TMDB-118957,Bait,2013,135,Romance,French,France,R,0,86000000,25800000,6.8,7.0,6.7,Medium
TMDB-849,Krull,2017,167,Animation,Japanese,France,PG-13,0,18000000,5400000,6.8,8.0,7.1,Medium
TMDB-4515,Lions for Lambs,2018,114,Horror,Korean,France,PG-13,0,115000000,34500000,9.8,6.0,7.7,High
TMDB-18886,Flight of the Intruder,2004,145,Action,Korean,France,R,0,101000000,30300000,8.4,5.6,6.9,Medium
TMDB-6575,Walk Hard: The Dewey Cox Story,2019,102,Animation,English,USA,PG-13,0,68000000,20400000,9.2,9.7,8.7,High
TMDB-6440,The Shipping News,2002,152,Comedy,Korean,France,PG-13,0,3000000,900000,9.8,6.4,7.9,High
TMDB-13496,American Outlaws,2014,125,Action,Spanish,France,PG-13,0,111000000,33300000,9.8,6.8,8.0,High
TMDB-18320,The Young Victoria,2020,168,Documentary,Telugu,India,PG-13,0,69000000,20700000,8.4,7.5,7.6,High
TMDB-22787,Whiteout,2020,121,Thriller,Korean,France,PG-13,0,117000000,35100000,8.4,7.0,7.4,Medium
TMDB-8967,The Tree of Life,2004,104,Horror,Telugu,India,PG-13,0,5000000,1500000,9.2,7.2,7.9,High
TMDB-37498,Knock Off,2018,121,Thriller,Tamil,India,R,0,67000000,20100000,6.8,5.7,6.3,Medium
TMDB-144336,Sabotage,2016,105,Action,Korean,France,PG-13,0,41000000,12300000,9.8,10.0,9.1,High
TMDB-9616,The Order,2007,158,Sci-Fi,Japanese,France,PG-13,0,104000000,31200000,9.8,6.2,7.8,High
TMDB-13056,Punisher: War Zone,2002,151,Thriller,English,USA,R,0,27000000,8100000,6.8,7.0,6.7,Medium
TMDB-14113,Zoom,2000,97,Comedy,Hindi,India,PG-13,0,73000000,21900000,9.2,6.8,7.7,High
TMDB-285783,The Walk,2022,108,Documentary,Tamil,India,PG-13,0,119000000,35700000,9.8,10.0,9.1,High
TMDB-49478,Warriors of Virtue,2011,134,Mystery,German,France,PG-13,0,60000000,18000000,9.2,5.5,7.3,Medium
TMDB-9726,A Good Year,2018,111,Thriller,Korean,France,PG-13,0,67000000,20100000,9.8,10.0,9.1,High
TMDB-20763,Radio Flyer,2020,157,Comedy,Hindi,India,PG-13,0,93000000,27900000,9.8,7.3,8.2,High
TMDB-9702,Bound by Honor,2019,156,Drama,Korean,France,PG-13,0,92000000,27600000,9.8,6.8,8.0,High
TMDB-9311,Smilla's Sense of Snow,2014,152,Comedy,Japanese,France,PG-13,0,63000000,18900000,7.6,7.3,7.2,Medium
TMDB-9280,Femme Fatale,2011,108,Sci-Fi,Telugu,India,PG-13,0,84000000,25200000,9.8,7.3,8.2,High
TMDB-26843,Lion of the Desert,2008,108,Documentary,French,France,R,0,9000000,2700000,6.8,6.8,6.6,Medium
TMDB-11876,The Horseman on the Roof,2000,145,Action,French,France,PG-13,0,1000000,300000,7.6,8.5,7.6,High
TMDB-22267,Ride with the Devil,2005,158,Sci-Fi,Tamil,India,PG-13,0,54000000,16200000,9.8,6.3,7.8,High
TMDB-45958,Biutiful,2012,120,Action,German,France,PG-13,0,61000000,18300000,9.8,10.0,9.1,High
TMDB-1969,Bandidas,2010,166,Thriller,Tamil,India,R,0,107000000,32100000,6.8,7.0,6.7,Medium
TMDB-310706,Black Water Transit,2004,112,Comedy,Japanese,France,PG-13,0,53000000,15900000,8.4,6.1,7.1,Medium
TMDB-198663,The Maze Runner,2001,161,Drama,Spanish,France,PG-13,0,2000000,600000,7.6,9.4,7.9,High
TMDB-239573,Unfinished Business,2018,103,Documentary,Tamil,India,PG-13,0,19000000,5700000,7.6,6.9,7.0,Medium
TMDB-10436,The Age of Innocence,2009,134,Mystery,Telugu,India,PG-13,0,10000000,3000000,9.8,7.9,8.4,High
TMDB-1381,The Fountain,2016,128,Documentary,Korean,France,PG-13,0,89000000,26700000,9.8,6.7,8.0,High
TMDB-2162,Chill Factor,2017,156,Drama,Korean,France,R,0,42000000,12600000,6.8,6.1,6.4,Medium
TMDB-127493,Stolen,2006,96,Thriller,French,France,PG-13,0,7000000,2100000,9.8,6.6,7.9,High
TMDB-12429,Ponyo,2011,169,Mystery,Telugu,India,PG-13,0,60000000,18000000,9.2,7.9,8.1,High
TMDB-228205,The Longest Ride,2012,94,Horror,German,France,PG-13,0,85000000,25500000,9.2,7.3,7.9,High
TMDB-2900,The Astronaut's Wife,2008,86,Thriller,Korean,France,PG-13,0,57000000,17100000,6.8,9.3,7.5,High
TMDB-21311,I Dreamed of Africa,2002,133,Documentary,Hindi,India,R,0,99000000,29700000,7.6,6.0,6.7,Medium
TMDB-77875,Playing for Keeps,2022,120,Action,Tamil,India,PG-13,0,71000000,21300000,9.2,7.5,8.0,High
TMDB-192136,Mandela: Long Walk to Freedom,2014,164,Horror,English,USA,PG-13,0,15000000,4500000,7.6,6.8,7.0,Medium
TMDB-18254,Reds,2003,113,Sci-Fi,German,France,PG-13,0,4000000,1200000,8.4,9.3,8.2,High
TMDB-881,A Few Good Men,2017,169,Mystery,Telugu,India,PG-13,0,90000000,27000000,9.8,6.9,8.0,High
TMDB-10877,Exit Wounds,2019,103,Sci-Fi,English,USA,PG-13,0,44000000,13200000,9.8,8.2,8.5,High
TMDB-9600,Big Momma's House,2012,146,Thriller,English,USA,PG-13,0,37000000,11100000,9.8,5.7,7.6,High
TMDB-202575,Thunder and the House of Magic,2022,149,Horror,Japanese,France,PG-13,0,95000000,28500000,7.6,7.6,7.3,Medium
TMDB-71469,The Darkest Hour,2019,159,Mystery,French,France,R,0,20000000,6000000,6.8,6.8,6.6,Medium
TMDB-85446,Step Up Revolution,2021,85,Romance,Korean,France,R,0,46000000,13800000,6.8,6.4,6.5,Medium
TMDB-326,Snakes on a Plane,2009,146,Drama,Japanese,France,PG-13,0,82000000,24600000,9.8,7.3,8.2,High
TMDB-10685,The Watcher,2004,101,Thriller,Japanese,France,R,0,77000000,23100000,6.8,6.8,6.6,Medium
TMDB-7220,The Punisher,2007,158,Sci-Fi,English,USA,PG-13,0,104000000,31200000,6.8,9.0,7.4,Medium
TMDB-9763,Goal!: The Dream Begins,2014,152,Comedy,Korean,France,PG-13,0,63000000,18900000,7.6,7.0,7.1,Medium
TMDB-72387,Safe,2023,161,Drama,French,France,PG-13,0,72000000,21600000,8.4,6.8,7.4,Medium
TMDB-12596,Pushing Tin,2005,111,Drama,Spanish,France,PG-13,0,102000000,30600000,9.8,5.6,7.6,High
TMDB-1892,Return of the Jedi,2004,111,Thriller,Telugu,India,PG-13,0,77000000,23100000,6.8,10.0,7.8,High
TMDB-13460,Doomsday,2015,154,Mystery,Tamil,India,PG-13,0,40000000,12000000,8.4,10.0,8.5,High
TMDB-8055,The Reader,2004,164,Horror,Tamil,India,PG-13,0,5000000,1500000,9.8,8.1,8.4,High
TMDB-50647,Wanderlust,2017,115,Romance,Hindi,India,PG-13,0,66000000,19800000,9.2,8.7,8.4,High
TMDB-10719,Elf,2023,101,Drama,Tamil,India,PG-13,0,72000000,21600000,9.8,7.9,8.4,High
TMDB-9294,Phenomenon,2020,110,Action,Japanese,France,PG-13,0,21000000,6300000,9.8,6.9,8.0,High
TMDB-11888,Snow Dogs,2017,114,Mystery,French,France,PG-13,0,90000000,27000000,9.8,6.1,7.7,High
TMDB-9647,Scrooged,2003,153,Sci-Fi,English,USA,PG-13,0,4000000,1200000,9.8,9.1,8.8,High
TMDB-9353,Nacho Libre,2001,128,Sci-Fi,German,France,PG-13,0,74000000,22200000,8.4,6.3,7.2,Medium
TMDB-55721,Bridesmaids,2017,104,Mystery,Telugu,India,PG-13,0,90000000,27000000,9.2,8.2,8.2,High
TMDB-109414,This Is the End,2005,157,Animation,Telugu,India,PG-13,0,78000000,23400000,7.6,8.2,7.5,High
TMDB-10307,Stigmata,2007,121,Drama,Japanese,France,R,0,32000000,9600000,6.8,6.8,6.6,Medium
TMDB-11978,Men of Honor,2001,121,Drama,Telugu,India,PG-13,0,2000000,600000,9.2,6.3,7.5,High
TMDB-22907,Takers,2018,135,Action,Spanish,France,PG-13,0,91000000,27300000,7.6,7.2,7.1,Medium
TMDB-87567,The Big Wedding,2006,156,Thriller,Telugu,India,PG-13,0,7000000,2100000,6.8,7.9,7.0,Medium
TMDB-38322,"Big Mommas: Like Father, Like Son",2003,110,Romance,Tamil,India,PG-13,0,76000000,22800000,9.8,10.0,9.1,High
TMDB-45612,Source Code,2023,104,Mystery,Korean,France,PG-13,0,120000000,36000000,8.4,7.9,7.7,High
TMDB-7305,Alive,2011,145,Romance,Korean,France,PG-13,0,36000000,10800000,9.2,9.8,8.8,High
TMDB-3594,The Number 23,2010,160,Action,English,USA,PG-13,0,11000000,3300000,9.8,7.0,8.1,High
TMDB-157841,The Young and Prodigious T.S. Spivet,2018,130,Action,German,France,PG-13,0,91000000,27300000,9.8,9.2,8.8,High
TMDB-11519,1941,2012,124,Horror,Spanish,France,PG-13,0,85000000,25500000,9.8,9.3,8.9,High
TMDB-12920,Dreamer: Inspired By a True Story,2020,129,Horror,Tamil,India,R,0,45000000,13500000,6.8,5.8,6.3,Medium
TMDB-59,A History of Violence,2016,164,Horror,French,France,PG-13,0,65000000,19500000,9.8,6.8,8.0,High
TMDB-9335,Transporter 2,2012,130,Action,Spanish,France,PG-13,0,61000000,18300000,9.8,6.2,7.8,High
TMDB-12106,The Quick and the Dead,2011,122,Animation,Tamil,India,PG-13,0,108000000,32400000,9.8,6.9,8.0,High
TMDB-11141,Laws of Attraction,2006,167,Comedy,Japanese,France,PG-13,0,103000000,30900000,9.2,5.8,7.4,Medium
TMDB-8649,Bringing Out the Dead,2019,123,Sci-Fi,Telugu,India,PG-13,0,44000000,13200000,9.8,7.2,8.1,High
TMDB-31867,Repo Men,2005,168,Sci-Fi,Tamil,India,R,0,54000000,16200000,6.8,6.8,6.6,Medium
TMDB-10253,Dragon Wars: D-War,2007,105,Romance,German,France,PG-13,0,56000000,16800000,7.6,7.6,7.3,Medium
TMDB-3587,Bogus,2009,134,Mystery,Japanese,France,PG-13,0,10000000,3000000,9.8,6.1,7.7,High
TMDB-124459,The Incredible Burt Wonderstone,2021,116,Drama,Spanish,France,R,0,22000000,6600000,6.8,6.8,6.6,Medium
TMDB-24662,Cats Don't Dance,2003,165,Romance,Telugu,India,R,0,76000000,22800000,8.4,5.6,6.9,Medium
TMDB-32274,Cradle Will Rock,2001,89,Mystery,Korean,France,PG-13,0,50000000,15000000,7.6,7.4,7.2,Medium
TMDB-182,The Good German,2022,131,Thriller,Korean,France,PG-13,0,47000000,14100000,9.8,6.8,8.0,High
TMDB-5494,George and the Dragon,2000,122,Comedy,Japanese,France,R,0,73000000,21900000,6.8,6.9,6.7,Medium
TMDB-28,Apocalypse Now,2005,100,Romance,Tamil,India,PG-13,0,6000000,1800000,9.8,9.3,8.9,High
TMDB-38073,Going the Distance,2019,91,Drama,Japanese,France,PG-13,0,92000000,27600000,6.8,8.1,7.1,Medium
TMDB-2054,Mr. Holland's Opus,2009,121,Drama,German,France,PG-13,0,82000000,24600000,9.8,6.9,8.0,High
TMDB-302156,Criminal,2010,151,Thriller,Japanese,France,PG-13,0,107000000,32100000,7.6,10.0,8.1,High
TMDB-606,Out of Africa,2006,100,Action,Tamil,India,PG-13,0,31000000,9300000,9.8,7.0,8.1,High
TMDB-87502,Flight,2022,108,Documentary,Hindi,India,PG-13,0,119000000,35700000,9.8,7.2,8.1,High
TMDB-698,Moonraker,2010,93,Documentary,Korean,France,PG-13,0,59000000,17700000,8.4,7.3,7.5,High
TMDB-120467,The Grand Budapest Hotel,2011,96,Drama,Hindi,India,PG-13,0,12000000,3600000,9.8,10.0,9.1,High
TMDB-11313,Hearts in Atlantis,2021,152,Animation,Hindi,India,PG-13,0,118000000,35400000,9.8,6.7,8.0,High
TMDB-6488,Arachnophobia,2013,100,Romance,French,France,PG-13,0,86000000,25800000,9.2,8.8,8.4,High
TMDB-10559,Frequency,2023,90,Romance,English,USA,PG-13,0,96000000,28800000,8.4,7.4,7.6,High
TMDB-296099,Vacation,2004,87,Comedy,Japanese,France,PG-13,0,53000000,15900000,6.8,10.0,7.8,High
TMDB-8012,Get Shorty,2005,105,Romance,English,USA,PG-13,0,6000000,1800000,9.8,6.9,8.0,High
TMDB-1574,Chicago,2023,148,Sci-Fi,Spanish,France,PG-13,0,24000000,7200000,9.8,7.4,8.2,High
TMDB-9032,Big Daddy,2003,168,Sci-Fi,Hindi,India,PG-13,0,4000000,1200000,9.8,7.4,8.2,High
TMDB-2770,American Pie 2,2005,162,Animation,Korean,France,PG-13,0,78000000,23400000,7.6,10.0,8.1,High
TMDB-862,Toy Story,2011,123,Sci-Fi,Japanese,France,PG-13,0,84000000,25200000,9.2,6.6,7.6,High
TMDB-1637,Speed,2011,116,Drama,English,USA,PG-13,0,12000000,3600000,9.8,10.0,9.1,High
TMDB-72570,The Vow,2007,123,Sci-Fi,Hindi,India,R,0,104000000,31200000,6.8,6.7,6.6,Medium
TMDB-27569,Extraordinary Measures,2021,160,Romance,German,France,PG-13,0,46000000,13800000,7.6,8.0,7.4,Medium
TMDB-10637,Remember the Titans,2002,106,Thriller,Telugu,India,PG-13,0,27000000,8100000,8.4,10.0,8.5,High
TMDB-1669,The Hunt for Red October,2023,161,Drama,Tamil,India,PG-13,0,72000000,21600000,9.8,8.8,8.7,High
TMDB-132363,The Butler,2017,162,Animation,Hindi,India,PG-13,0,18000000,5400000,7.6,8.4,7.6,High
TMDB-9472,DodgeBall: A True Underdog Story,2007,166,Drama,Telugu,India,PG-13,0,32000000,9600000,8.4,7.3,7.5,High
TMDB-2907,The Addams Family,2013,97,Animation,German,France,PG-13,0,38000000,11400000,9.8,7.3,8.2,High
TMDB-9273,Ace Ventura: When Nature Calls,2014,163,Documentary,English,USA,PG-13,0,39000000,11700000,9.2,6.8,7.7,High
TMDB-9880,The Princess Diaries,2012,106,Thriller,German,France,PG-13,0,37000000,11100000,9.8,10.0,9.1,High
TMDB-2925,The First Wives Club,2003,115,Romance,English,USA,PG-13,0,76000000,22800000,9.2,7.9,8.1,High
TMDB-807,Se7en,2018,135,Action,English,USA,PG-13,0,91000000,27300000,9.8,10.0,9.1,High
TMDB-17654,District 9,2012,165,Action,English,USA,PG-13,0,61000000,18300000,8.4,10.0,8.5,High
TMDB-11836,The SpongeBob SquarePants Movie,2006,159,Horror,Japanese,France,R,0,55000000,16500000,6.8,6.2,6.4,Medium
TMDB-322,Mystic River,2022,108,Documentary,English,USA,PG-13,0,119000000,35700000,9.8,7.9,8.4,High
TMDB-70,Million Dollar Baby,2014,155,Action,Spanish,France,PG-13,0,111000000,33300000,9.8,10.0,9.1,High
TMDB-9535,Analyze This,2010,108,Documentary,French,France,PG-13,0,59000000,17700000,9.8,7.5,8.2,High
TMDB-11036,The Notebook,2009,130,Romance,French,France,PG-13,0,106000000,31800000,9.2,9.7,8.7,High
TMDB-6557,27 Dresses,2002,103,Documentary,Spanish,France,PG-13,0,99000000,29700000,9.8,8.7,8.7,High
TMDB-18126,Hannah Montana: The Movie,2018,133,Documentary,Spanish,France,PG-13,0,19000000,5700000,9.8,6.8,8.0,High
TMDB-16340,Rugrats in Paris: The Movie,2023,151,Drama,Hindi,India,R,0,72000000,21600000,6.8,7.3,6.8,Medium
TMDB-10333,The Prince of Tides,2013,156,Drama,German,France,PG-13,0,62000000,18600000,8.4,6.1,7.1,Medium
TMDB-4476,Legends of the Fall,2004,110,Action,French,France,PG-13,0,101000000,30300000,9.8,8.0,8.4,High
TMDB-22947,Up in the Air,2011,106,Drama,German,France,PG-13,0,12000000,3600000,9.8,6.8,8.0,High
TMDB-2755,About Schmidt,2001,108,Sci-Fi,Telugu,India,PG-13,0,74000000,22200000,9.8,6.7,8.0,High
TMDB-82654,Warm Bodies,2007,113,Sci-Fi,Spanish,France,PG-13,0,104000000,31200000,9.2,9.3,8.6,High
TMDB-59967,Looper,2012,97,Comedy,German,France,PG-13,0,13000000,3900000,7.6,9.1,7.8,High
TMDB-16300,Down to Earth,2012,145,Action,Telugu,India,PG-13,0,61000000,18300000,9.8,6.8,8.0,High
TMDB-9598,Babe,2012,101,Thriller,German,France,PG-13,0,37000000,11100000,7.6,7.2,7.1,Medium
TMDB-82696,Hope Springs,2007,150,Romance,Telugu,India,PG-13,0,56000000,16800000,9.2,6.8,7.7,High
TMDB-9870,Forgetting Sarah Marshall,2022,85,Action,Telugu,India,PG-13,0,71000000,21300000,9.8,8.1,8.4,High
TMDB-8292,Four Brothers,2011,153,Sci-Fi,English,USA,PG-13,0,84000000,25200000,9.8,7.5,8.2,High
TMDB-8780,Baby Mama,2008,123,Documentary,Korean,France,R,0,9000000,2700000,6.8,7.3,6.8,Medium
TMDB-9715,Hope Floats,2014,119,Horror,French,France,R,0,15000000,4500000,6.8,6.8,6.6,Medium
TMDB-10521,Bride Wars,2001,132,Animation,Telugu,India,PG-13,0,98000000,29400000,9.8,8.4,8.5,High
TMDB-10762,Without a Paddle,2006,114,Horror,Hindi,India,PG-13,0,55000000,16500000,9.2,7.6,8.0,High
TMDB-10096,13 Going on 30,2004,150,Action,German,France,PG-13,0,101000000,30300000,9.8,10.0,9.1,High
TMDB-59436,Midnight in Paris,2004,160,Action,Tamil,India,PG-13,0,101000000,30300000,9.8,10.0,9.1,High
TMDB-227783,The Nut Job,2010,135,Action,Tamil,India,R,0,11000000,3300000,6.8,7.3,6.8,Medium
TMDB-4133,Blow,2005,116,Drama,English,USA,PG-13,0,102000000,30600000,6.8,9.1,7.4,Medium
TMDB-10207,Message in a Bottle,2006,123,Documentary,French,France,PG-13,0,79000000,23700000,7.6,7.3,7.2,Medium
TMDB-172,Star Trek V: The Final Frontier,2023,145,Romance,German,France,R,0,96000000,28800000,6.8,6.7,6.6,Medium
TMDB-21972,Like Mike,2000,111,Thriller,Japanese,France,PG-13,0,97000000,29100000,8.4,6.6,7.3,Medium
TMDB-36593,The Naked Gun 33⅓: The Final Insult,2020,111,Thriller,Korean,France,PG-13,0,117000000,35100000,9.8,8.7,8.7,High
TMDB-707,A View to a Kill,2002,124,Horror,Telugu,India,PG-13,0,75000000,22500000,9.8,10.0,9.1,High
TMDB-533,The Curse of the Were-Rabbit,2000,117,Comedy,Hindi,India,PG-13,0,73000000,21900000,7.6,7.4,7.2,Medium
TMDB-6023,P.S. I Love You,2014,159,Horror,Spanish,France,PG-13,0,15000000,4500000,9.8,7.8,8.3,High
TMDB-6439,Racing Stripes,2006,97,Comedy,English,USA,PG-13,0,103000000,30900000,7.6,8.1,7.5,High
TMDB-4347,Atonement,2017,136,Drama,Telugu,India,PG-13,0,42000000,12600000,9.8,10.0,9.1,High
TMDB-37056,Letters to Juliet,2023,160,Romance,Hindi,India,PG-13,0,96000000,28800000,9.8,7.0,8.1,High
TMDB-4105,Black Rain,2001,121,Drama,French,France,PG-13,0,2000000,600000,9.8,10.0,9.1,High
TMDB-76489,The Three Stooges,2000,167,Comedy,Telugu,India,PG-13,0,73000000,21900000,9.8,8.4,8.5,High
TMDB-3933,Corpse Bride,2020,87,Comedy,German,France,PG-13,0,93000000,27900000,9.8,6.9,8.0,High
TMDB-9918,Glory Road,2009,124,Mystery,Telugu,India,R,0,10000000,3000000,6.8,7.4,6.9,Medium
TMDB-273481,Sicario,2019,113,Sci-Fi,Telugu,India,PG-13,0,44000000,13200000,8.4,9.9,8.4,High
TMDB-307081,Southpaw,2003,98,Sci-Fi,Spanish,France,PG-13,0,4000000,1200000,9.8,7.9,8.4,High
TMDB-16871,Drag Me to Hell,2010,100,Action,French,France,PG-13,0,11000000,3300000,9.8,7.6,8.3,High
TMDB-293863,The Age of Adaline,2022,94,Horror,Japanese,France,PG-13,0,95000000,28500000,7.6,9.2,7.8,High
TMDB-13156,Secondhand Lions,2022,139,Horror,Hindi,India,PG-13,0,95000000,28500000,7.6,8.5,7.6,High
TMDB-41233,Step Up 3D,2014,142,Comedy,English,USA,PG-13,0,63000000,18900000,9.8,10.0,9.1,High
TMDB-9266,Blue Crush,2010,101,Thriller,Korean,France,PG-13,0,107000000,32100000,9.2,6.8,7.7,High
TMDB-1262,Stranger Than Fiction,2009,158,Sci-Fi,Korean,France,PG-13,0,34000000,10200000,9.8,9.9,9.1,High
TMDB-4513,30 Days of Night,2018,147,Comedy,Tamil,India,PG-13,0,43000000,12900000,8.4,10.0,8.5,High
TMDB-22970,The Cabin in the Woods,2019,104,Mystery,German,France,PG-13,0,20000000,6000000,6.8,10.0,7.8,High
TMDB-7278,Meet the Spartans,2000,164,Horror,French,France,PG-13,0,25000000,7500000,9.8,6.2,7.8,High
TMDB-9013,Midnight Run,2018,152,Comedy,German,France,PG-13,0,43000000,12900000,9.2,6.0,7.4,Medium
TMDB-865,The Running Man,2009,109,Mystery,Tamil,India,R,0,10000000,3000000,6.8,6.9,6.7,Medium
TMDB-10776,Little Shop of Horrors,2008,145,Action,Korean,France,PG-13,0,81000000,24300000,9.8,7.0,8.1,High
TMDB-50456,Hanna,2019,96,Drama,Hindi,India,PG-13,0,92000000,27600000,9.8,7.2,8.1,High
TMDB-9823,Mortal Kombat: Annihilation,2005,127,Animation,Tamil,India,PG-13,0,78000000,23400000,7.6,7.9,7.4,Medium
TMDB-59861,Larry Crowne,2000,98,Documentary,Tamil,India,PG-13,0,49000000,14700000,7.6,7.0,7.1,Medium
TMDB-133805,Carrie,2012,128,Documentary,English,USA,PG-13,0,109000000,32700000,8.4,7.3,7.5,High
TMDB-12763,Take the Lead,2015,162,Animation,Japanese,France,R,0,88000000,26400000,6.8,6.0,6.4,Medium
TMDB-9766,Gridiron Gang,2011,153,Sci-Fi,Telugu,India,PG-13,0,84000000,25200000,7.6,6.9,7.0,Medium
TMDB-14034,What's the Worst That Could Happen?,2022,162,Comedy,Telugu,India,PG-13,0,23000000,6900000,9.2,6.7,7.7,High
TMDB-12244,9,2016,124,Horror,Telugu,India,R,0,65000000,19500000,6.8,6.2,6.4,Medium
TMDB-109421,Side Effects,2006,102,Comedy,Telugu,India,PG-13,0,103000000,30900000,9.8,8.5,8.6,High
TMDB-11137,The Prince & Me,2014,130,Action,German,France,R,0,111000000,33300000,6.8,6.4,6.5,Medium
TMDB-51162,Winnie the Pooh,2020,138,Documentary,German,France,R,0,69000000,20700000,6.8,6.2,6.4,Medium
TMDB-10152,Dumb and Dumberer: When Harry Met Lloyd,2014,147,Comedy,Spanish,France,R,0,63000000,18900000,6.8,6.9,6.7,Medium
TMDB-9452,Bulworth,2012,88,Documentary,Spanish,France,PG-13,0,109000000,32700000,8.4,9.8,8.4,High
TMDB-239566,Get on Up,2017,154,Mystery,Korean,France,PG-13,0,90000000,27000000,7.6,10.0,8.1,High
TMDB-53113,One True Thing,2019,158,Sci-Fi,Spanish,France,PG-13,0,44000000,13200000,8.4,5.8,7.0,Medium
TMDB-9271,Virtuosity,2020,101,Thriller,French,France,R,0,117000000,35100000,7.6,6.3,6.8,Medium
TMDB-4474,My Super Ex-Girlfriend,2007,94,Mystery,Telugu,India,PG-13,0,80000000,24000000,9.8,6.4,7.9,High
TMDB-184346,Deliver Us from Evil,2005,140,Romance,Telugu,India,PG-13,0,6000000,1800000,9.2,8.7,8.4,High
TMDB-48340,Sanctum,2012,163,Documentary,Telugu,India,R,0,109000000,32700000,6.8,6.6,6.6,Medium
TMDB-14846,Little Black Book,2002,163,Documentary,Spanish,France,R,0,99000000,29700000,6.8,7.4,6.9,Medium
TMDB-72207,The Five-Year Engagement,2019,94,Mystery,Japanese,France,PG-13,0,20000000,6000000,9.8,8.4,8.5,High
TMDB-16232,Mr. 3000,2020,148,Documentary,Korean,France,R,0,69000000,20700000,7.6,6.3,6.8,Medium
TMDB-43539,The Next Three Days,2008,150,Action,Hindi,India,PG-13,0,81000000,24300000,8.4,10.0,8.5,High
TMDB-9920,Ultraviolet,2007,166,Drama,Korean,France,PG-13,0,32000000,9600000,7.6,7.5,7.2,Medium
TMDB-8978,Assault on Precinct 13,2010,94,Horror,Hindi,India,PG-13,0,35000000,10500000,6.8,7.9,7.0,Medium
TMDB-11702,The Replacement Killers,2017,144,Mystery,Telugu,India,PG-13,0,90000000,27000000,9.8,6.6,7.9,High
TMDB-18550,Fled,2004,163,Documentary,Tamil,India,R,0,29000000,8700000,6.8,6.8,6.6,Medium
TMDB-8869,Eight Legged Freaks,2013,118,Sci-Fi,Spanish,France,PG-13,0,14000000,4200000,6.8,7.8,7.0,Medium
TMDB-43347,Love & Other Drugs,2017,110,Romance,Tamil,India,PG-13,0,66000000,19800000,9.8,7.5,8.2,High
TMDB-3489,88 Minutes,2007,95,Romance,Hindi,India,PG-13,0,56000000,16800000,8.4,6.8,7.4,Medium
TMDB-9701,North Country,2001,150,Romance,Japanese,France,PG-13,0,26000000,7800000,8.4,7.0,7.4,Medium
TMDB-2122,The Whole Ten Yards,2009,88,Sci-Fi,English,USA,PG-13,0,34000000,10200000,8.4,6.2,7.2,Medium
TMDB-37707,Splice,2021,120,Romance,Telugu,India,PG-13,0,46000000,13800000,9.2,6.0,7.4,Medium
TMDB-10658,Howard the Duck,2010,104,Horror,German,France,R,0,35000000,10500000,6.8,6.2,6.4,Medium
TMDB-13150,Pride and Glory,2016,146,Thriller,Telugu,India,PG-13,0,17000000,5100000,9.8,7.2,8.1,High
TMDB-9042,The Cave,2020,93,Documentary,English,USA,R,0,69000000,20700000,6.8,6.8,6.6,Medium
TMDB-17813,Alex & Emma,2020,104,Horror,English,USA,PG-13,0,45000000,13500000,9.8,7.6,8.3,High
TMDB-11208,Wicker Park,2008,137,Comedy,Korean,France,PG-13,0,33000000,9900000,8.4,6.4,7.2,Medium
TMDB-58151,Fright Night,2013,148,Sci-Fi,Tamil,India,PG-13,0,14000000,4200000,9.2,6.9,7.8,High
TMDB-11400,The New World,2011,156,Drama,Telugu,India,PG-13,0,12000000,3600000,9.2,6.8,7.7,High
TMDB-10350,Wing Commander,2019,137,Animation,Hindi,India,R,0,68000000,20400000,6.8,6.8,6.6,Medium
TMDB-28902,In Dreams,2006,153,Documentary,Telugu,India,PG-13,0,79000000,23700000,9.8,6.4,7.9,High
TMDB-14164,Dragonball Evolution,2023,145,Romance,German,France,PG-13,0,96000000,28800000,9.2,6.8,7.7,High
TMDB-76640,The Last Stand,2002,169,Horror,Telugu,India,PG-13,0,75000000,22500000,7.6,7.2,7.1,Medium
TMDB-11058,Godsend,2008,123,Documentary,Tamil,India,R,0,9000000,2700000,6.8,6.0,6.4,Medium
TMDB-14844,Chasing Liberty,2017,112,Animation,English,USA,R,0,18000000,5400000,6.8,6.3,6.5,Medium
TMDB-57089,Hoodwinked Too! Hood VS. Evil,2017,114,Mystery,French,France,R,0,90000000,27000000,6.8,6.8,6.6,Medium
TMDB-1947,An Unfinished Life,2014,126,Thriller,German,France,PG-13,0,87000000,26100000,9.8,6.8,8.0,High
TMDB-8054,The Imaginarium of Doctor Parnassus,2022,138,Documentary,Telugu,India,PG-13,0,119000000,35700000,9.8,7.9,8.4,High
TMDB-46829,Barney's Version,2021,134,Mystery,French,France,R,0,70000000,21000000,6.8,6.2,6.4,Medium
TMDB-146238,Runner Runner,2010,132,Comedy,Korean,France,PG-13,0,83000000,24900000,8.4,7.3,7.5,High
TMDB-9989,Antitrust,2008,118,Documentary,Korean,France,PG-13,0,9000000,2700000,9.2,7.4,7.9,High
TMDB-9665,Glory,2015,149,Mystery,English,USA,PG-13,0,40000000,12000000,9.8,7.0,8.1,High
TMDB-311,Once Upon a Time in America,2023,137,Animation,Tamil,India,PG-13,0,48000000,14400000,9.2,9.6,8.7,High
TMDB-102362,Dead Man Down,2012,95,Action,Korean,France,PG-13,0,61000000,18300000,6.8,9.3,7.5,High
TMDB-11162,The Merchant of Venice,2011,140,Romance,French,France,PG-13,0,36000000,10800000,7.6,6.8,7.0,Medium
TMDB-6016,The Good Thief,2021,126,Drama,Hindi,India,PG-13,0,22000000,6600000,9.8,6.8,8.0,High
TMDB-17186,Supercross,2007,118,Sci-Fi,Tamil,India,R,0,104000000,31200000,7.6,6.6,6.9,Medium
TMDB-13967,Miss Potter,2003,109,Mystery,English,USA,PG-13,0,100000000,30000000,7.6,8.0,7.4,Medium
TMDB-2008,The Promise,2016,118,Documentary,Japanese,France,R,0,89000000,26700000,6.8,5.7,6.3,Medium
TMDB-9053,DOA: Dead or Alive,2012,108,Documentary,Japanese,France,R,0,109000000,32700000,6.8,7.2,6.8,Medium
TMDB-4512,The Assassination of Jesse James by the Coward Robert Ford,2020,117,Comedy,Japanese,France,PG-13,0,93000000,27900000,7.6,7.4,7.2,Medium
TMDB-76349,1911,2009,157,Animation,Spanish,France,R,0,58000000,17400000,6.8,7.6,6.9,Medium
TMDB-31203,Little Nicholas,2007,113,Sci-Fi,Hindi,India,PG-13,0,104000000,31200000,7.6,9.0,7.8,High
TMDB-265208,Wild Card,2020,92,Comedy,Japanese,France,PG-13,0,93000000,27900000,9.8,8.0,8.4,High
TMDB-45610,Machine Gun Preacher,2006,86,Thriller,Hindi,India,PG-13,0,7000000,2100000,9.8,9.0,8.8,High
TMDB-50135,Animals United,2021,104,Mystery,Korean,France,R,0,70000000,21000000,6.8,5.8,6.3,Medium
TMDB-1874,Goodbye Bafana,2017,146,Drama,Korean,France,R,0,42000000,12600000,7.6,5.6,6.6,Medium
TMDB-271331,United Passions,2005,113,Sci-Fi,Tamil,India,R,0,54000000,16200000,6.8,6.1,6.4,Medium
TMDB-215211,Grace of Monaco,2016,114,Horror,Japanese,France,PG-13,0,65000000,19500000,6.8,8.1,7.1,Medium
TMDB-367961,Savva. Heart of the Warrior,2002,113,Documentary,Hindi,India,R,0,99000000,29700000,6.8,6.8,6.6,Medium
TMDB-10955,Ripley's Game,2012,151,Thriller,Spanish,France,R,0,37000000,11100000,6.8,5.8,6.3,Medium
TMDB-223702,Sausage Party,2003,143,Sci-Fi,French,France,PG-13,0,4000000,1200000,8.4,9.1,8.2,High
TMDB-254470,Pitch Perfect 2,2008,120,Action,Hindi,India,PG-13,0,81000000,24300000,6.8,10.0,7.8,High
TMDB-69,Walk the Line,2007,107,Animation,Japanese,France,PG-13,0,8000000,2400000,9.8,10.0,9.1,High
TMDB-4967,Keeping the Faith,2018,131,Thriller,French,France,R,0,67000000,20100000,6.8,6.4,6.5,Medium
TMDB-9449,The Borrowers,2019,138,Sci-Fi,Hindi,India,PG-13,0,44000000,13200000,9.2,6.8,7.7,High
TMDB-11499,Frost/Nixon,2001,112,Animation,French,France,PG-13,0,98000000,29400000,9.8,8.0,8.4,High
TMDB-4912,Confessions of a Dangerous Mind,2011,89,Mystery,Korean,France,PG-13,0,60000000,18000000,9.8,8.1,8.4,High
TMDB-12771,Serving Sara,2022,123,Documentary,Hindi,India,PG-13,0,119000000,35700000,8.4,5.8,7.0,Medium
TMDB-323676,The Boss,2010,150,Action,Telugu,India,R,0,11000000,3300000,7.6,6.4,6.9,Medium
TMDB-12506,Cry Freedom,2007,138,Sci-Fi,Telugu,India,PG-13,0,104000000,31200000,9.2,8.6,8.3,High
TMDB-24071,Mumford,2015,145,Romance,English,USA,PG-13,0,16000000,4800000,9.8,6.9,8.0,High
TMDB-11249,Seed of Chucky,2000,152,Comedy,Tamil,India,R,0,73000000,21900000,6.8,6.7,6.6,Medium
TMDB-9667,The Jacket,2008,140,Action,English,USA,R,0,81000000,24300000,6.8,7.6,6.9,Medium
TMDB-812,Aladdin,2005,132,Animation,Spanish,France,PG-13,0,78000000,23400000,8.4,7.9,7.7,High
TMDB-277216,Straight Outta Compton,2006,132,Comedy,German,France,PG-13,0,103000000,30900000,9.8,10.0,9.1,High
TMDB-87,Indiana Jones and the Temple of Doom,2005,154,Mystery,Tamil,India,PG-13,0,30000000,9000000,9.8,10.0,9.1,High
TMDB-14444,The Rugrats Movie,2009,124,Mystery,Telugu,India,R,0,10000000,3000000,7.6,6.6,6.9,Medium
TMDB-2043,Along Came a Spider,2002,93,Documentary,Spanish,France,PG-13,0,99000000,29700000,9.8,6.3,7.8,High
TMDB-315664,Florence Foster Jenkins,2004,129,Horror,Spanish,France,PG-13,0,5000000,1500000,9.8,7.4,8.2,High
TMDB-1428,Once Upon a Time in Mexico,2006,144,Horror,Telugu,India,PG-13,0,55000000,16500000,9.8,6.3,7.8,High
TMDB-562,Die Hard,2004,124,Horror,Tamil,India,PG-13,0,5000000,1500000,9.8,10.0,9.1,High
TMDB-15373,Role Models,2023,108,Sci-Fi,Tamil,India,PG-13,0,24000000,7200000,9.2,8.5,8.3,High
TMDB-318846,The Big Short,2003,163,Sci-Fi,Spanish,France,PG-13,0,4000000,1200000,9.8,10.0,9.1,High
TMDB-26320,Taking Woodstock,2003,166,Drama,Tamil,India,PG-13,0,52000000,15600000,9.8,8.0,8.4,High
TMDB-14292,Miracle,2006,141,Thriller,Japanese,France,PG-13,0,7000000,2100000,9.8,6.2,7.8,High
TMDB-924,Dawn of the Dead,2021,160,Romance,Telugu,India,PG-13,0,46000000,13800000,9.8,7.4,8.2,High
TMDB-2018,The Wedding Planner,2021,156,Drama,German,France,PG-13,0,22000000,6600000,9.8,7.0,8.1,High
TMDB-192577,Space Pirate Captain Harlock,2015,140,Romance,Telugu,India,R,0,16000000,4800000,6.8,6.2,6.4,Medium
TMDB-9428,The Royal Tenenbaums,2005,120,Romance,Japanese,France,PG-13,0,6000000,1800000,9.8,6.7,8.0,High
TMDB-2832,Identity,2014,165,Action,Spanish,France,PG-13,0,111000000,33300000,9.8,7.6,8.3,High
TMDB-137093,Last Vegas,2019,112,Animation,Korean,France,PG-13,0,68000000,20400000,9.8,7.0,8.1,High
TMDB-699,For Your Eyes Only,2012,95,Action,German,France,PG-13,0,61000000,18300000,9.8,9.8,9.0,High
TMDB-9778,Serendipity,2000,163,Documentary,French,France,PG-13,0,49000000,14700000,9.8,7.3,8.2,High
TMDB-8831,Timecop,2008,162,Comedy,German,France,PG-13,0,33000000,9900000,9.8,6.8,8.0,High
TMDB-9398,Zoolander,2015,128,Sci-Fi,German,France,PG-13,0,64000000,19200000,9.8,10.0,9.1,High
TMDB-112949,Safe Haven,2019,100,Romance,Hindi,India,PG-13,0,116000000,34800000,9.8,7.5,8.2,High
TMDB-10439,Hocus Pocus,2022,101,Thriller,French,France,PG-13,0,47000000,14100000,9.8,8.8,8.7,High
TMDB-3638,No Reservations,2000,102,Comedy,Korean,France,PG-13,0,73000000,21900000,9.8,7.0,8.1,High
TMDB-23483,Kick-Ass,2009,93,Sci-Fi,Hindi,India,PG-13,0,34000000,10200000,9.2,8.1,8.2,High
TMDB-62206,30 Minutes or Less,2003,137,Animation,Telugu,India,PG-13,0,28000000,8400000,8.4,6.8,7.4,Medium
TMDB-10577,Dracula 2000,2007,120,Romance,Tamil,India,PG-13,0,56000000,16800000,9.2,6.6,7.6,High
TMDB-218778,"Alexander and the Terrible, Horrible, No Good, Very Bad Day",2012,97,Comedy,Spanish,France,PG-13,0,13000000,3900000,9.8,9.2,8.8,High
TMDB-4348,Pride & Prejudice,2010,111,Thriller,Korean,France,PG-13,0,107000000,32100000,9.8,7.3,8.2,High
TMDB-78,Blade Runner,2023,92,Animation,German,France,PG-13,0,48000000,14400000,9.8,7.3,8.2,High
TMDB-11780,Rob Roy,2015,113,Sci-Fi,English,USA,PG-13,0,64000000,19200000,9.2,7.9,8.1,High
TMDB-192102,3 Days to Kill,2015,105,Romance,German,France,PG-13,0,16000000,4800000,9.8,6.9,8.0,High
TMDB-2001,We Own the Night,2015,126,Drama,English,USA,PG-13,0,112000000,33600000,9.2,10.0,8.8,High
TMDB-10383,Lost Souls,2014,111,Thriller,Spanish,France,R,0,87000000,26100000,6.8,7.5,6.9,Medium
TMDB-11516,Winged Migration,2000,148,Documentary,Korean,France,R,0,49000000,14700000,7.6,5.2,6.4,Medium
TMDB-10025,Just My Luck,2021,88,Sci-Fi,English,USA,PG-13,0,94000000,28200000,9.8,7.6,8.3,High
TMDB-15198,"Mystery, Alaska",2015,100,Romance,English,USA,PG-13,0,16000000,4800000,9.8,8.2,8.5,High
TMDB-23172,The Spy Next Door,2004,162,Comedy,English,USA,PG-13,0,53000000,15900000,9.8,6.9,8.0,High
TMDB-17834,A Simple Wish,2011,143,Sci-Fi,Korean,France,PG-13,0,84000000,25200000,8.4,6.1,7.1,Medium
TMDB-10016,Ghosts of Mars,2017,150,Romance,Korean,France,PG-13,0,66000000,19800000,9.8,7.5,8.2,High
TMDB-10317,Our Brand Is Crisis,2014,159,Horror,English,USA,PG-13,0,15000000,4500000,9.8,6.7,8.0,High
TMDB-58431,Pride and Prejudice and Zombies,2014,95,Action,Telugu,India,PG-13,0,111000000,33300000,9.2,7.6,8.0,High
TMDB-9746,Kundun,2006,128,Documentary,Japanese,France,PG-13,0,79000000,23700000,9.8,5.6,7.6,High
TMDB-13092,How to Lose Friends & Alienate People,2008,135,Action,Spanish,France,PG-13,0,81000000,24300000,6.8,8.2,7.1,Medium
TMDB-59859,Kick-Ass 2,2018,100,Action,German,France,PG-13,0,91000000,27300000,8.4,7.6,7.6,High
TMDB-13495,Alatriste,2015,129,Mystery,Korean,France,R,0,40000000,12000000,6.8,6.9,6.7,Medium
TMDB-254473,Brick Mansions,2008,144,Horror,Korean,France,R,0,105000000,31500000,7.6,6.4,6.9,Medium
TMDB-700,Octopussy,2006,122,Comedy,Hindi,India,PG-13,0,103000000,30900000,9.8,10.0,9.1,High
TMDB-4964,Knocked Up,2004,153,Documentary,Spanish,France,PG-13,0,29000000,8700000,9.8,9.4,8.9,High
TMDB-10024,My Sister's Keeper,2022,86,Thriller,Korean,France,PG-13,0,47000000,14100000,9.2,6.9,7.8,High
TMDB-13490,Welcome Home Roscoe Jenkins,2022,109,Horror,Spanish,France,PG-13,0,95000000,28500000,9.8,6.4,7.9,High
TMDB-15927,A Passage to India,2002,144,Horror,German,France,PG-13,0,75000000,22500000,9.2,5.8,7.4,Medium
TMDB-1259,Notes on a Scandal,2010,168,Documentary,English,USA,PG-13,0,59000000,17700000,7.6,7.8,7.4,Medium
TMDB-5125,Rendition,2006,106,Thriller,Telugu,India,PG-13,0,7000000,2100000,9.2,6.8,7.7,High
TMDB-174,Star Trek VI: The Undiscovered Country,2001,147,Animation,French,France,PG-13,0,98000000,29400000,7.6,7.9,7.4,Medium
TMDB-9583,Divine Secrets of the Ya-Ya Sisterhood,2013,140,Romance,Tamil,India,PG-13,0,86000000,25800000,7.6,6.7,7.0,Medium
TMDB-9437,Kiss the Girls,2023,168,Sci-Fi,Telugu,India,PG-13,0,24000000,7200000,9.8,7.2,8.1,High
TMDB-525,The Blues Brothers,2020,126,Thriller,Tamil,India,PG-13,0,117000000,35100000,9.8,10.0,9.1,High
TMDB-10188,The Sisterhood of the Traveling Pants 2,2019,100,Romance,Telugu,India,PG-13,0,116000000,34800000,7.6,8.0,7.4,Medium
TMDB-63574,Joyful Noise,2005,111,Drama,Korean,France,R,0,102000000,30600000,7.6,6.3,6.8,Medium
TMDB-245,About a Boy,2013,119,Mystery,Spanish,France,PG-13,0,110000000,33000000,9.8,9.0,8.8,High
TMDB-9825,Lake Placid,2002,85,Action,French,France,PG-13,0,51000000,15300000,9.8,7.0,8.1,High
TMDB-186,Lucky Number Slevin,2007,156,Drama,Tamil,India,PG-13,0,32000000,9600000,8.4,7.0,7.4,Medium
TMDB-9549,The Right Stuff,2017,137,Animation,Telugu,India,PG-13,0,18000000,5400000,7.6,9.0,7.8,High
TMDB-61891,Anonymous,2021,96,Drama,English,USA,PG-13,0,22000000,6600000,9.8,10.0,9.1,High
TMDB-34584,The NeverEnding Story,2011,121,Drama,French,France,PG-13,0,12000000,3600000,9.8,7.0,8.1,High
TMDB-2666,Dark City,2008,99,Horror,Tamil,India,PG-13,0,105000000,31500000,9.8,7.2,8.1,High
TMDB-12783,The Duchess,2002,162,Comedy,Telugu,India,R,0,3000000,900000,6.8,6.6,6.6,Medium
TMDB-13155,Return to Oz,2012,149,Horror,Japanese,France,R,0,85000000,25500000,6.8,6.6,6.6,Medium
TMDB-42807,The Newton Boys,2004,105,Action,French,France,PG-13,0,101000000,30300000,9.8,6.9,8.0,High
TMDB-28355,Case 39,2023,166,Drama,German,France,PG-13,0,72000000,21600000,7.6,9.6,8.0,High
TMDB-8080,Suspect Zero,2018,108,Documentary,French,France,R,0,19000000,5700000,7.6,5.7,6.6,Medium
TMDB-5126,Martian Child,2009,126,Drama,Korean,France,R,0,82000000,24600000,6.8,6.2,6.4,Medium
TMDB-56288,Spy Kids: All the Time in the World,2023,147,Animation,Korean,France,PG-13,0,48000000,14400000,9.8,6.3,7.8,High
TMDB-303858,Money Monster,2007,149,Mystery,English,USA,PG-13,0,80000000,24000000,8.4,10.0,8.5,High
TMDB-1613,The 51st State,2012,101,Thriller,Spanish,France,PG-13,0,37000000,11100000,9.2,8.1,8.2,High
TMDB-31582,Flawless,2008,151,Thriller,English,USA,PG-13,0,57000000,17100000,9.8,5.6,7.6,High
TMDB-16617,Mindhunters,2013,133,Sci-Fi,Korean,France,PG-13,0,14000000,4200000,9.8,6.7,8.0,High
TMDB-8944,What Just Happened,2005,130,Romance,Telugu,India,PG-13,0,6000000,1800000,9.8,6.9,8.0,High
TMDB-41488,The Statement,2023,160,Romance,Hindi,India,PG-13,0,96000000,28800000,9.8,6.3,7.8,High
TMDB-37028,The Magic Flute,2019,126,Drama,Telugu,India,PG-13,0,92000000,27600000,9.8,6.2,7.8,High
TMDB-14560,Paul Blart: Mall Cop,2002,156,Thriller,Telugu,India,PG-13,0,27000000,8100000,9.2,10.0,8.8,High
TMDB-10330,Freaky Friday,2023,112,Animation,Hindi,India,PG-13,0,48000000,14400000,9.8,9.1,8.8,High
TMDB-6957,The 40 Year Old Virgin,2004,143,Documentary,Telugu,India,PG-13,0,29000000,8700000,9.8,10.0,9.1,High
TMDB-1934,Shakespeare in Love,2014,96,Thriller,Hindi,India,PG-13,0,87000000,26100000,9.8,6.8,8.0,High
TMDB-169917,A Walk Among the Tombstones,2015,85,Romance,Japanese,France,PG-13,0,16000000,4800000,6.8,10.0,7.8,High
TMDB-951,Kindergarten Cop,2010,150,Action,Spanish,France,PG-13,0,11000000,3300000,9.8,10.0,9.1,High
TMDB-10189,Pineapple Express,2021,124,Mystery,Tamil,India,PG-13,0,70000000,21000000,9.8,9.6,9.0,High
TMDB-9454,Ever After: A Cinderella Story,2006,153,Documentary,Korean,France,PG-13,0,79000000,23700000,9.8,8.0,8.4,High
TMDB-2055,Open Range,2004,129,Horror,Japanese,France,PG-13,0,5000000,1500000,8.4,6.8,7.4,Medium
TMDB-1551,Flatliners,2003,111,Drama,English,USA,PG-13,0,52000000,15600000,9.8,7.3,8.2,High
TMDB-5902,A Bridge Too Far,2005,157,Animation,Tamil,India,PG-13,0,78000000,23400000,9.2,9.0,8.5,High
TMDB-11460,Red Eye,2017,141,Drama,Spanish,France,PG-13,0,42000000,12600000,9.8,7.9,8.4,High
TMDB-9358,Final Destination 2,2016,132,Comedy,Hindi,India,PG-13,0,113000000,33900000,9.8,6.8,8.0,High
TMDB-134,"O Brother, Where Art Thou?",2023,114,Mystery,French,France,PG-13,0,120000000,36000000,9.8,7.8,8.3,High
TMDB-22894,Legion,2009,109,Mystery,Tamil,India,PG-13,0,10000000,3000000,7.6,6.8,7.0,Medium
TMDB-134374,Pain & Gain,2007,143,Sci-Fi,Hindi,India,PG-13,0,104000000,31200000,9.8,8.0,8.4,High
TMDB-1901,In Good Company,2008,120,Action,English,USA,PG-13,0,81000000,24300000,9.8,6.8,8.0,High
TMDB-15028,Clockstoppers,2007,114,Mystery,Korean,France,PG-13,0,80000000,24000000,9.2,6.4,7.6,High
TMDB-11509,Silverado,2015,101,Drama,German,France,PG-13,0,112000000,33600000,9.8,9.7,9.0,High
TMDB-7445,Brothers,2014,165,Action,Telugu,India,PG-13,0,111000000,33300000,8.4,7.9,7.7,High
TMDB-17047,Agent Cody Banks 2: Destination London,2002,153,Documentary,Hindi,India,PG-13,0,99000000,29700000,7.6,6.9,7.0,Medium
TMDB-62838,New Year's Eve,2003,169,Mystery,English,USA,PG-13,0,100000000,30000000,9.8,9.2,8.8,High
TMDB-2057,Original Sin,2022,122,Comedy,English,USA,R,0,23000000,6900000,6.8,6.2,6.4,Medium
TMDB-70436,The Raven,2001,85,Romance,Tamil,India,PG-13,0,26000000,7800000,9.2,6.3,7.5,High
TMDB-16784,Welcome to Mooseport,2014,148,Documentary,Korean,France,PG-13,0,39000000,11700000,9.8,6.2,7.8,High
TMDB-8011,Highlander: The Final Dimension,2019,105,Romance,English,USA,R,0,116000000,34800000,6.8,6.0,6.4,Medium
TMDB-31640,Blood and Wine,2022,164,Horror,French,France,R,0,95000000,28500000,7.6,6.0,6.7,Medium
TMDB-9092,Snow White: A Tale of Terror,2002,147,Comedy,Japanese,France,R,0,3000000,900000,6.8,6.1,6.4,Medium
TMDB-2779,The Curse of the Jade Scorpion,2008,87,Comedy,Tamil,India,PG-13,0,33000000,9900000,9.8,10.0,9.1,High
TMDB-316002,Accidental Love,2021,104,Mystery,Hindi,India,PG-13,0,70000000,21000000,9.8,7.0,8.1,High
TMDB-36355,Flipper,2020,129,Horror,Telugu,India,R,0,45000000,13500000,6.8,5.8,6.3,Medium
TMDB-238615,Self/less,2009,106,Drama,English,USA,PG-13,0,82000000,24600000,9.2,10.0,8.8,High
TMDB-1985,The Constant Gardener,2006,90,Action,English,USA,PG-13,0,31000000,9300000,8.4,7.4,7.6,High
TMDB-615,The Passion of the Christ,2018,166,Thriller,English,USA,PG-13,0,67000000,20100000,8.4,7.9,7.7,High
TMDB-788,Mrs. Doubtfire,2019,165,Romance,English,USA,PG-13,0,116000000,34800000,9.8,7.9,8.4,High
TMDB-380,Rain Man,2004,124,Horror,Tamil,India,PG-13,0,5000000,1500000,9.8,9.7,9.0,High
TMDB-13223,Gran Torino,2008,117,Comedy,Telugu,India,PG-13,0,33000000,9900000,9.8,10.0,9.1,High
TMDB-10523,W.,2023,126,Drama,Spanish,France,PG-13,0,72000000,21600000,9.8,7.2,8.1,High
TMDB-8681,Taken,2010,157,Comedy,Japanese,France,PG-13,0,83000000,24900000,9.2,9.2,8.6,High
TMDB-239571,The Best of Me,2018,139,Horror,Japanese,France,PG-13,0,115000000,34500000,8.4,9.1,8.2,High
TMDB-619,The Bodyguard,2004,141,Thriller,German,France,PG-13,0,77000000,23100000,7.6,8.1,7.5,High
TMDB-424,Schindler's List,2016,85,Action,Korean,France,PG-13,0,41000000,12300000,9.8,8.5,8.6,High
TMDB-50014,The Help,2012,94,Horror,English,USA,PG-13,0,85000000,25500000,7.6,9.1,7.8,High
TMDB-162903,The Fifth Estate,2018,99,Horror,Japanese,France,PG-13,0,115000000,34500000,9.8,8.1,8.4,High
TMDB-11024,Scooby-Doo 2: Monsters Unleashed,2023,139,Mystery,Korean,France,PG-13,0,120000000,36000000,9.8,6.4,7.9,High
TMDB-208763,Forbidden Kingdom,2015,150,Romance,German,France,R,0,16000000,4800000,6.8,7.6,6.9,Medium
TMDB-6466,Freddy vs. Jason,2015,151,Drama,Korean,France,PG-13,0,112000000,33600000,9.2,10.0,8.8,High
TMDB-254024,The Face of an Angel,2004,93,Documentary,Korean,France,PG-13,0,29000000,8700000,9.8,6.9,8.0,High
TMDB-12589,Jimmy Neutron: Boy Genius,2002,87,Comedy,Japanese,France,PG-13,0,3000000,900000,7.6,7.8,7.4,Medium
TMDB-7191,Cloverfield,2014,130,Action,Tamil,India,PG-13,0,111000000,33300000,9.2,10.0,8.8,High
TMDB-1497,Teenage Mutant Ninja Turtles II: The Secret of the Ooze,2010,168,Documentary,Telugu,India,PG-13,0,59000000,17700000,6.8,10.0,7.8,High
TMDB-117,The Untouchables,2011,167,Animation,Telugu,India,PG-13,0,108000000,32400000,9.8,10.0,9.1,High
TMDB-6977,No Country for Old Men,2004,163,Documentary,Tamil,India,PG-13,0,29000000,8700000,9.8,7.0,8.1,High
TMDB-168530,Ride Along,2010,131,Thriller,Korean,France,PG-13,0,107000000,32100000,9.8,10.0,9.1,High
TMDB-634,Bridget Jones's Diary,2018,96,Thriller,Spanish,France,PG-13,0,67000000,20100000,6.8,7.8,7.0,Medium
TMDB-392,Chocolat,2017,158,Sci-Fi,Telugu,India,PG-13,0,114000000,34200000,9.8,7.6,8.3,High
TMDB-10327,"Legally Blonde 2: Red, White & Blonde",2017,164,Mystery,Korean,France,PG-13,0,90000000,27000000,8.4,8.7,8.0,High
TMDB-88042,Parental Guidance,2011,135,Romance,French,France,PG-13,0,36000000,10800000,9.8,7.2,8.1,High
TMDB-41630,No Strings Attached,2016,100,Action,French,France,PG-13,0,41000000,12300000,9.8,8.7,8.7,High
TMDB-11969,Tombstone,2000,104,Horror,Japanese,France,PG-13,0,25000000,7500000,8.4,10.0,8.5,High
TMDB-2085,Romeo Must Die,2023,122,Animation,Korean,France,PG-13,0,48000000,14400000,9.8,6.8,8.0,High
TMDB-794,The Omen,2006,119,Horror,Tamil,India,PG-13,0,55000000,16500000,9.8,8.8,8.7,High
TMDB-9286,Final Destination 3,2016,90,Action,English,USA,PG-13,0,41000000,12300000,9.2,7.2,7.9,High
TMDB-77877,The Lucky One,2016,114,Horror,Spanish,France,PG-13,0,65000000,19500000,9.8,6.3,7.8,High
TMDB-1265,Bridge to Terabithia,2001,109,Mystery,French,France,R,0,50000000,15000000,6.8,7.3,6.8,Medium
TMDB-866,Finding Neverland,2003,118,Sci-Fi,English,USA,PG-13,0,4000000,1200000,9.8,7.3,8.2,High
TMDB-175555,A Madea Christmas,2002,127,Comedy,English,USA,PG-13,0,3000000,900000,9.8,6.8,8.0,High
TMDB-75174,The Grey,2011,164,Mystery,Tamil,India,PG-13,0,60000000,18000000,8.4,6.9,7.4,Medium
TMDB-11096,Hide and Seek,2020,96,Thriller,Tamil,India,R,0,117000000,35100000,7.6,6.2,6.8,Medium
TMDB-8699,Anchorman: The Legend of Ron Burgundy,2018,144,Horror,English,USA,PG-13,0,115000000,34500000,9.8,7.4,8.2,High
TMDB-769,GoodFellas,2001,93,Sci-Fi,French,France,PG-13,0,74000000,22200000,9.8,10.0,9.1,High
TMDB-10923,Agent Cody Banks,2012,104,Horror,Hindi,India,PG-13,0,85000000,25500000,7.6,7.5,7.2,Medium
TMDB-11283,Nanny McPhee,2021,160,Romance,Telugu,India,PG-13,0,46000000,13800000,9.8,6.7,8.0,High
TMDB-111,Scarface,2020,152,Comedy,Korean,France,PG-13,0,93000000,27900000,9.8,10.0,9.1,High
TMDB-11676,Nothing to Lose,2020,162,Comedy,German,France,PG-13,0,93000000,27900000,9.2,6.1,7.5,High
TMDB-746,The Last Emperor,2014,152,Comedy,Spanish,France,PG-13,0,63000000,18900000,7.6,8.4,7.6,High
TMDB-77866,Contraband,2002,161,Thriller,Telugu,India,PG-13,0,27000000,8100000,8.4,6.8,7.4,Medium
TMDB-9416,Money Talks,2004,153,Documentary,German,France,PG-13,0,29000000,8700000,9.8,5.6,7.6,High
TMDB-7345,There Will Be Blood,2005,150,Romance,Telugu,India,PG-13,0,6000000,1800000,9.8,7.9,8.4,High
TMDB-14317,The Wild Thornberrys Movie,2009,149,Mystery,Tamil,India,R,0,10000000,3000000,6.8,7.2,6.8,Medium
TMDB-20694,Rugrats Go Wild,2005,124,Mystery,Hindi,India,PG-13,0,30000000,9000000,7.6,6.8,7.0,Medium
TMDB-12277,Undercover Brother,2000,167,Comedy,Hindi,India,PG-13,0,73000000,21900000,9.8,6.3,7.8,High
TMDB-9779,The Sisterhood of the Traveling Pants,2016,135,Action,Tamil,India,PG-13,0,41000000,12300000,9.2,9.1,8.5,High
TMDB-2140,Kiss of the Dragon,2010,87,Comedy,French,France,R,0,83000000,24900000,6.8,6.9,6.7,Medium
TMDB-12620,The House Bunny,2018,116,Thriller,Spanish,France,PG-13,0,67000000,20100000,7.6,7.6,7.3,Medium
TMDB-14177,Beauty Shop,2000,137,Comedy,French,France,PG-13,0,73000000,21900000,9.2,6.7,7.7,High
TMDB-198185,Million Dollar Arm,2023,86,Drama,Japanese,France,PG-13,0,72000000,21600000,9.2,6.7,7.7,High
TMDB-227156,The Giver,2014,157,Comedy,Tamil,India,PG-13,0,63000000,18900000,9.8,7.8,8.3,High
TMDB-10735,What a Girl Wants,2014,130,Action,Tamil,India,PG-13,0,111000000,33300000,9.2,7.2,7.9,High
TMDB-11351,Jeepers Creepers 2,2004,154,Horror,German,France,PG-13,0,5000000,1500000,8.4,6.9,7.4,Medium
TMDB-10030,Good Luck Chuck,2014,115,Action,Korean,France,PG-13,0,111000000,33300000,6.8,8.0,7.1,Medium
TMDB-10623,Cradle 2 the Grave,2021,104,Mystery,German,France,PG-13,0,70000000,21000000,9.8,6.1,7.7,High
TMDB-590,The Hours,2020,93,Documentary,Japanese,France,PG-13,0,69000000,20700000,9.8,7.3,8.2,High
TMDB-9655,She's the Man,2018,95,Action,German,France,PG-13,0,91000000,27300000,9.8,6.8,8.0,High
TMDB-1268,Mr. Bean's Holiday,2021,100,Romance,Korean,France,R,0,46000000,13800000,6.8,6.0,6.4,Medium
TMDB-11237,Anacondas: The Hunt for the Blood Orchid,2021,158,Sci-Fi,French,France,R,0,94000000,28200000,7.6,6.4,6.9,Medium
TMDB-190955,Blood Ties,2008,128,Documentary,Japanese,France,PG-13,0,9000000,2700000,7.6,6.9,7.0,Medium
TMDB-5123,August Rush,2023,148,Sci-Fi,Spanish,France,PG-13,0,24000000,7200000,6.8,10.0,7.8,High
TMDB-4518,Elizabeth,2017,117,Animation,Korean,France,PG-13,0,18000000,5400000,8.4,7.2,7.5,High
TMDB-11932,Bride of Chucky,2008,141,Thriller,Korean,France,PG-13,0,57000000,17100000,9.2,7.3,7.9,High
TMDB-11165,Tora! Tora! Tora!,2019,150,Romance,Korean,France,PG-13,0,116000000,34800000,9.2,8.6,8.3,High
TMDB-6116,Spice World,2010,164,Horror,Tamil,India,PG-13,0,35000000,10500000,6.8,9.4,7.5,High
TMDB-57431,The Sitter,2000,85,Action,Tamil,India,PG-13,0,1000000,300000,9.8,8.7,8.7,High
TMDB-21724,Dance Flick,2017,166,Drama,French,France,R,0,42000000,12600000,6.8,6.2,6.4,Medium
TMDB-9290,Crocodile Dundee in Los Angeles,2015,93,Sci-Fi,Korean,France,PG-13,0,64000000,19200000,9.2,7.3,7.9,High
TMDB-11543,Kingpin,2003,128,Sci-Fi,Tamil,India,PG-13,0,4000000,1200000,9.8,9.0,8.8,High
TMDB-284536,The Gambler,2014,137,Comedy,Korean,France,PG-13,0,63000000,18900000,7.6,7.6,7.3,Medium
TMDB-152737,August: Osage County,2003,144,Mystery,Korean,France,PG-13,0,100000000,30000000,7.6,7.4,7.2,Medium
TMDB-13374,Ice Princess,2009,125,Romance,Telugu,India,R,0,106000000,31800000,6.8,6.8,6.6,Medium
TMDB-8976,A Lot Like Love,2002,129,Horror,Korean,France,PG-13,0,75000000,22500000,7.6,6.7,7.0,Medium
TMDB-319888,Eddie the Eagle,2014,155,Action,Korean,France,PG-13,0,111000000,33300000,6.8,8.2,7.1,Medium
TMDB-9469,He Got Game,2006,118,Documentary,English,USA,PG-13,0,79000000,23700000,9.8,8.5,8.6,High
TMDB-1909,Don Juan DeMarco,2004,103,Documentary,French,France,R,0,29000000,8700000,6.8,6.6,6.6,Medium
TMDB-22971,Dear John,2018,129,Horror,Japanese,France,PG-13,0,115000000,34500000,9.8,6.1,7.7,High
TMDB-34813,The Losers,2003,97,Animation,Korean,France,PG-13,0,28000000,8400000,7.6,6.9,7.0,Medium
TMDB-46261,Don't Be Afraid of the Dark,2002,143,Documentary,Korean,France,R,0,99000000,29700000,6.8,6.1,6.4,Medium
TMDB-10431,War,2016,164,Horror,Tamil,India,R,0,65000000,19500000,6.8,7.5,6.9,Medium
TMDB-8051,Punch-Drunk Love,2005,97,Animation,German,France,PG-13,0,78000000,23400000,9.8,8.0,8.4,High
TMDB-9352,EuroTrip,2013,90,Romance,Japanese,France,R,0,86000000,25800000,6.8,7.6,6.9,Medium
TMDB-10167,Half Past Dead,2020,99,Horror,Telugu,India,PG-13,0,45000000,13500000,8.4,6.9,7.4,Medium
TMDB-18147,Unaccompanied Minors,2013,148,Sci-Fi,French,France,PG-13,0,14000000,4200000,9.2,7.2,7.9,High
TMDB-17170,"Bright Lights, Big City",2017,139,Mystery,Tamil,India,PG-13,0,90000000,27000000,6.8,7.9,7.0,Medium
TMDB-18975,The Adventures of Pinocchio,2013,117,Animation,Tamil,India,R,0,38000000,11400000,6.8,6.1,6.4,Medium
TMDB-15487,The Greatest Game Ever Played,2019,151,Drama,Telugu,India,R,0,92000000,27600000,7.6,5.7,6.6,Medium
TMDB-22825,The Box,2017,100,Romance,Korean,France,PG-13,0,66000000,19800000,8.4,6.9,7.4,Medium
TMDB-11152,The Ruins,2010,113,Documentary,French,France,R,0,59000000,17700000,6.8,5.6,6.2,Medium
TMDB-1831,The Next Best Thing,2017,134,Mystery,Spanish,France,PG-13,0,90000000,27000000,8.4,6.3,7.2,Medium
TMDB-43931,My Soul to Take,2013,113,Sci-Fi,Korean,France,PG-13,0,14000000,4200000,9.8,6.7,8.0,High
TMDB-10591,The Girl Next Door,2002,103,Documentary,Tamil,India,PG-13,0,99000000,29700000,9.2,7.8,8.1,High
TMDB-10861,Maximum Risk,2001,114,Mystery,French,France,PG-13,0,50000000,15000000,6.8,9.6,7.6,High
TMDB-12770,Stealing Harvard,2000,93,Documentary,German,France,R,0,49000000,14700000,7.6,6.2,6.8,Medium
TMDB-276907,Legend,2001,92,Animation,French,France,PG-13,0,98000000,29400000,9.8,9.8,9.0,High
TMDB-10074,Hot Rod,2004,94,Horror,French,France,PG-13,0,5000000,1500000,7.6,7.4,7.2,Medium
TMDB-65055,Shark Night,2011,133,Sci-Fi,Japanese,France,PG-13,0,84000000,25200000,9.8,6.4,7.9,High
TMDB-10397,Angela's Ashes,2012,155,Action,German,France,PG-13,0,61000000,18300000,8.4,8.2,7.9,High
TMDB-200505,Draft Day,2010,117,Comedy,Tamil,India,PG-13,0,83000000,24900000,9.8,7.3,8.2,High
TMDB-11954,Lifeforce,2015,110,Romance,English,USA,PG-13,0,16000000,4800000,9.8,6.8,8.0,High
TMDB-60309,The Conspirator,2014,134,Horror,Korean,France,PG-13,0,15000000,4500000,9.8,7.2,8.1,High
TMDB-9787,Lords of Dogtown,2016,156,Thriller,Tamil,India,PG-13,0,17000000,5100000,9.8,7.4,8.2,High
TMDB-293646,The 33,2018,159,Horror,Japanese,France,PG-13,0,115000000,34500000,8.4,8.1,7.8,High
TMDB-6978,Big Trouble in Little China,2015,159,Mystery,Japanese,France,PG-13,0,40000000,12000000,9.8,10.0,9.1,High
TMDB-133698,Fly Me to the Moon,2017,98,Sci-Fi,English,USA,R,0,114000000,34200000,6.8,6.3,6.5,Medium
TMDB-59440,Warrior,2005,109,Mystery,English,USA,PG-13,0,30000000,9000000,9.8,8.4,8.5,High
TMDB-1770,Michael Collins,2009,121,Drama,English,USA,PG-13,0,82000000,24600000,9.8,7.6,8.3,High
TMDB-10655,Gettysburg,2021,112,Animation,Telugu,India,PG-13,0,118000000,35400000,7.6,7.6,7.3,Medium
TMDB-8988,Stop-Loss,2008,130,Action,Hindi,India,PG-13,0,81000000,24300000,8.4,10.0,8.5,High
TMDB-15992,Abandon,2000,105,Action,English,USA,PG-13,0,1000000,300000,7.6,6.7,7.0,Medium
TMDB-17707,Brokedown Palace,2005,95,Romance,Telugu,India,R,0,6000000,1800000,6.8,6.7,6.6,Medium
TMDB-77883,The Possession,2019,91,Drama,Japanese,France,R,0,92000000,27600000,6.8,6.7,6.6,Medium
TMDB-40001,Mrs. Winterbourne,2007,90,Romance,German,France,PG-13,0,56000000,16800000,8.4,6.4,7.2,Medium
TMDB-64639,Straw Dogs,2005,122,Animation,Spanish,France,PG-13,0,78000000,23400000,9.8,7.4,8.2,High
TMDB-9903,The Hoax,2007,123,Sci-Fi,Tamil,India,PG-13,0,104000000,31200000,9.8,8.2,8.5,High
TMDB-21338,Stone Cold,2019,135,Romance,German,France,PG-13,0,116000000,34800000,7.6,6.9,7.0,Medium
TMDB-20766,The Road,2012,109,Horror,Spanish,France,PG-13,0,85000000,25500000,8.4,6.8,7.4,Medium
TMDB-24264,Sheena,2013,116,Drama,French,France,R,0,62000000,18600000,6.8,6.0,6.4,Medium
TMDB-19803,Underclassman,2021,109,Mystery,Japanese,France,R,0,70000000,21000000,6.8,5.8,6.3,Medium
TMDB-20309,Say It Isn't So,2003,134,Mystery,Japanese,France,PG-13,0,100000000,30000000,7.6,7.0,7.1,Medium
TMDB-9912,The World's Fastest Indian,2018,128,Documentary,Korean,France,PG-13,0,19000000,5700000,9.8,7.6,8.3,High
TMDB-9067,Tank Girl,2016,89,Horror,Telugu,India,PG-13,0,65000000,19500000,7.6,10.0,8.1,High
TMDB-27360,King's Ransom,2018,110,Action,German,France,R,0,91000000,27300000,6.8,5.8,6.3,Medium
TMDB-8338,Blindness,2010,154,Horror,Korean,France,PG-13,0,35000000,10500000,8.4,7.0,7.4,Medium
TMDB-168705,BloodRayne,2020,126,Thriller,Korean,France,PG-13,0,117000000,35100000,9.8,6.3,7.8,High
TMDB-72113,Carnage,2020,146,Thriller,Spanish,France,PG-13,0,117000000,35100000,9.8,5.7,7.6,High
TMDB-9729,Where the Truth Lies,2005,112,Animation,Hindi,India,PG-13,0,78000000,23400000,9.8,6.9,8.0,High
TMDB-94352,Cirque du Soleil: Worlds Away,2003,97,Animation,German,France,PG-13,0,28000000,8400000,9.8,5.8,7.6,High
TMDB-22256,Without Limits,2022,121,Thriller,Spanish,France,R,0,47000000,14100000,6.8,6.4,6.5,Medium
TMDB-12404,Me and Orson Welles,2015,120,Romance,Spanish,France,PG-13,0,16000000,4800000,9.8,6.7,8.0,High
TMDB-152742,The Best Offer,2006,86,Thriller,Korean,France,R,0,7000000,2100000,6.8,6.9,6.7,Medium
TMDB-11699,The Bad Lieutenant: Port of Call - New Orleans,2005,153,Sci-Fi,Spanish,France,PG-13,0,54000000,16200000,7.6,10.0,8.1,High
TMDB-49953,A Turtle's Tale: Sammy's Adventures,2023,161,Drama,English,USA,R,0,72000000,21600000,7.6,6.2,6.8,Medium
TMDB-48034,Little White Lies,2006,126,Thriller,Hindi,India,PG-13,0,7000000,2100000,7.6,8.2,7.5,High
TMDB-39845,Love Ranch,2005,155,Romance,Korean,France,PG-13,0,6000000,1800000,9.8,6.4,7.9,High
TMDB-25353,The True Story of Puss 'n Boots,2015,150,Romance,Hindi,India,R,0,16000000,4800000,6.8,5.6,6.2,Medium
TMDB-36696,Space Dogs,2002,107,Comedy,Tamil,India,R,0,3000000,900000,6.8,6.2,6.4,Medium
TMDB-109091,The Counselor,2014,121,Thriller,Spanish,France,PG-13,0,87000000,26100000,9.8,8.6,8.6,High
TMDB-38543,Ironclad,2022,113,Documentary,Telugu,India,PG-13,0,119000000,35700000,6.8,9.9,7.7,High
TMDB-33157,Waterloo,2022,89,Horror,Japanese,France,R,0,95000000,28500000,6.8,7.5,6.9,Medium
TMDB-290864,Kung Fu Jungle,2011,142,Animation,Korean,France,R,0,108000000,32400000,7.6,6.2,6.8,Medium
TMDB-242166,Red Sky,2019,123,Sci-Fi,Japanese,France,R,0,44000000,13200000,7.6,6.6,6.9,Medium
TMDB-859,Dangerous Liaisons,2005,151,Drama,English,USA,PG-13,0,102000000,30600000,9.8,6.7,8.0,High
TMDB-83770,On the Road,2022,136,Thriller,English,USA,PG-13,0,47000000,14100000,8.4,7.0,7.4,Medium
TMDB-168,Star Trek IV: The Voyage Home,2012,132,Comedy,French,France,PG-13,0,13000000,3900000,8.4,6.8,7.4,Medium
TMDB-1246,Rocky Balboa,2020,87,Comedy,Korean,France,PG-13,0,93000000,27900000,7.6,6.9,7.0,Medium
TMDB-4233,Scream 2,2013,166,Drama,French,France,PG-13,0,62000000,18600000,9.8,10.0,9.1,High
TMDB-174751,Jane Got a Gun,2019,150,Romance,Hindi,India,PG-13,0,116000000,34800000,9.8,6.8,8.0,High
TMDB-184098,Think Like a Man Too,2011,116,Drama,Japanese,France,PG-13,0,12000000,3600000,9.8,7.8,8.3,High
TMDB-2069,The Whole Nine Yards,2002,94,Horror,German,France,PG-13,0,75000000,22500000,9.2,6.2,7.5,High
TMDB-1788,Footloose,2019,150,Romance,Telugu,India,R,0,116000000,34800000,6.8,6.6,6.6,Medium
TMDB-11635,Old School,2016,125,Action,French,France,PG-13,0,41000000,12300000,9.8,6.7,8.0,High
TMDB-177,The Fisher King,2008,120,Action,German,France,PG-13,0,81000000,24300000,9.8,8.0,8.4,High
TMDB-3600,I Still Know What You Did Last Summer,2001,153,Sci-Fi,Japanese,France,R,0,74000000,22200000,7.6,6.3,6.8,Medium
TMDB-2621,Return to Me,2018,145,Action,German,France,R,0,91000000,27300000,6.8,6.8,6.6,Medium
TMDB-10358,Zack and Miri Make a Porno,2013,90,Romance,Telugu,India,PG-13,0,86000000,25800000,9.8,6.7,8.0,High
TMDB-10480,Nurse Betty,2008,114,Horror,Hindi,India,PG-13,0,105000000,31500000,8.4,7.5,7.6,High
TMDB-10313,The Men Who Stare at Goats,2002,159,Horror,Hindi,India,PG-13,0,75000000,22500000,6.8,9.2,7.5,High
TMDB-18828,Double Take,2020,152,Comedy,Hindi,India,R,0,93000000,27900000,7.6,5.8,6.6,Medium
TMDB-3558,"Girl, Interrupted",2019,98,Sci-Fi,Hindi,India,PG-13,0,44000000,13200000,9.8,7.0,8.1,High
TMDB-13476,Win a Date with Tad Hamilton!,2020,100,Action,French,France,PG-13,0,21000000,6300000,9.8,6.3,7.8,High
TMDB-10208,Muppets from Space,2002,141,Thriller,French,France,PG-13,0,27000000,8100000,9.8,7.2,8.1,High
TMDB-24961,The Wiz,2013,109,Mystery,Tamil,India,PG-13,0,110000000,33000000,9.8,6.2,7.8,High
TMDB-20697,Ready to Rumble,2016,93,Documentary,German,France,PG-13,0,89000000,26700000,9.8,10.0,9.1,High
TMDB-20761,Play It to the Bone,2012,121,Thriller,Tamil,India,PG-13,0,37000000,11100000,9.2,7.9,8.1,High
TMDB-70868,I Don't Know How She Does It,2017,97,Animation,German,France,PG-13,0,18000000,5400000,8.4,6.7,7.3,Medium
TMDB-43593,Piranha 3D,2013,156,Drama,French,France,PG-13,0,62000000,18600000,9.2,7.4,7.9,High
TMDB-6478,Beyond the Sea,2016,159,Horror,Japanese,France,R,0,65000000,19500000,7.6,6.0,6.7,Medium
TMDB-40688,Meet the Deedles,2007,110,Romance,Korean,France,R,0,56000000,16800000,7.6,6.1,6.8,Medium
TMDB-26672,The Thief and the Cobbler,2016,100,Action,Spanish,France,R,0,41000000,12300000,6.8,6.4,6.5,Medium
TMDB-45881,The Bridge of San Luis Rey,2007,155,Romance,Telugu,India,R,0,56000000,16800000,6.8,6.8,6.6,Medium
TMDB-41283,Faster,2011,96,Drama,Korean,France,PG-13,0,12000000,3600000,9.2,7.4,7.9,High
TMDB-4935,Howl's Moving Castle,2005,104,Mystery,English,USA,PG-13,0,30000000,9000000,9.2,6.2,7.5,High
TMDB-19908,Zombieland,2011,108,Sci-Fi,Spanish,France,PG-13,0,84000000,25200000,8.4,6.9,7.4,Medium
TMDB-10663,The Waterboy,2009,169,Mystery,German,France,PG-13,0,10000000,3000000,9.8,6.8,8.0,High
TMDB-1891,The Empire Strikes Back,2017,145,Romance,Tamil,India,PG-13,0,66000000,19800000,7.6,10.0,8.1,High
TMDB-9737,Bad Boys,2010,92,Comedy,Tamil,India,PG-13,0,83000000,24900000,9.8,8.8,8.7,High
TMDB-37137,The Naked Gun 2½: The Smell of Fear,2020,153,Documentary,Telugu,India,PG-13,0,69000000,20700000,9.8,7.2,8.1,High
TMDB-9532,Final Destination,2000,119,Horror,Spanish,France,PG-13,0,25000000,7500000,9.2,6.6,7.6,High
TMDB-10316,The Ides of March,2003,116,Drama,Japanese,France,PG-13,0,52000000,15600000,9.8,10.0,9.1,High
TMDB-2787,Pitch Black,2013,132,Animation,Telugu,India,PG-13,0,38000000,11400000,9.2,6.8,7.7,High
TMDB-12658,Someone Like You...,2023,97,Animation,Japanese,France,R,0,48000000,14400000,7.6,6.2,6.8,Medium
TMDB-152601,Her,2019,129,Mystery,Tamil,India,PG-13,0,20000000,6000000,9.2,9.4,8.6,High
TMDB-10866,Joy Ride,2016,114,Horror,Hindi,India,PG-13,0,65000000,19500000,9.2,8.4,8.3,High
TMDB-227707,The Adventurer: The Curse of the Midas Box,2013,141,Drama,German,France,PG-13,0,62000000,18600000,6.8,8.7,7.3,Medium
TMDB-21349,Anywhere But Here,2011,110,Romance,French,France,PG-13,0,36000000,10800000,9.8,6.6,7.9,High
TMDB-19150,The Crew,2019,118,Sci-Fi,French,France,R,0,44000000,13200000,6.8,6.6,6.6,Medium
TMDB-70435,Haywire,2009,143,Sci-Fi,Spanish,France,PG-13,0,34000000,10200000,9.8,6.7,8.0,High
TMDB-580,Jaws: The Revenge,2017,151,Drama,Japanese,France,PG-13,0,42000000,12600000,6.8,8.6,7.3,Medium
TMDB-9819,Marvin's Room,2020,87,Comedy,Korean,France,R,0,93000000,27900000,6.8,7.2,6.8,Medium
TMDB-13579,The Longshots,2004,140,Action,Japanese,France,R,0,101000000,30300000,6.8,7.3,6.8,Medium
TMDB-20024,The End of the Affair,2021,160,Romance,Spanish,France,PG-13,0,46000000,13800000,9.8,6.6,7.9,High
TMDB-2453,Harley Davidson and the Marlboro Man,2022,151,Thriller,Japanese,France,PG-13,0,47000000,14100000,9.2,6.9,7.8,High
TMDB-6973,In the Valley of Elah,2010,137,Comedy,Hindi,India,PG-13,0,83000000,24900000,8.4,10.0,8.5,High
TMDB-11156,Coco Before Chanel,2021,152,Animation,French,France,PG-13,0,118000000,35400000,7.6,7.2,7.1,Medium
TMDB-354110,Forsaken,2020,158,Documentary,English,USA,R,0,69000000,20700000,6.8,6.9,6.7,Medium
TMDB-22215,Cheri,2016,97,Comedy,Tamil,India,PG-13,0,113000000,33900000,9.8,6.9,8.0,High
TMDB-11632,Vanity Fair,2014,94,Horror,English,USA,PG-13,0,15000000,4500000,9.8,6.6,7.9,High
TMDB-30596,Bodyguards and Assassins,2001,160,Romance,Korean,France,PG-13,0,26000000,7800000,7.6,7.2,7.1,Medium
TMDB-3021,1408,2022,99,Horror,Spanish,France,PG-13,0,95000000,28500000,9.2,9.8,8.8,High
TMDB-957,Spaceballs,2007,122,Animation,Spanish,France,PG-13,0,8000000,2400000,9.8,8.4,8.5,High
TMDB-256917,The Water Diviner,2007,115,Romance,English,USA,PG-13,0,56000000,16800000,6.8,7.9,7.0,Medium
TMDB-251,Ghost,2010,156,Thriller,Tamil,India,PG-13,0,107000000,32100000,9.2,6.7,7.7,High
TMDB-544,There's Something About Mary,2020,92,Comedy,French,France,PG-13,0,93000000,27900000,9.8,7.3,8.2,High
TMDB-11395,The Santa Clause,2018,95,Action,Korean,France,PG-13,0,91000000,27300000,8.4,6.3,7.2,Medium
TMDB-14635,The Rookie,2006,148,Documentary,German,France,PG-13,0,79000000,23700000,9.2,6.1,7.5,High
TMDB-13680,The Game Plan,2015,131,Drama,English,USA,PG-13,0,112000000,33600000,9.8,6.8,8.0,High
TMDB-688,The Bridges of Madison County,2007,96,Drama,Spanish,France,PG-13,0,32000000,9600000,9.8,6.4,7.9,High
TMDB-11090,The Animal,2001,154,Mystery,Spanish,France,PG-13,0,50000000,15000000,9.2,6.7,7.7,High
TMDB-783,Gandhi,2003,156,Drama,Telugu,India,PG-13,0,52000000,15600000,9.2,10.0,8.8,High
TMDB-228194,The Hundred-Foot Journey,2006,152,Comedy,Telugu,India,PG-13,0,103000000,30900000,9.8,9.7,9.0,High
TMDB-1642,The Net,2016,150,Action,Spanish,France,PG-13,0,41000000,12300000,9.2,8.8,8.4,High
TMDB-10950,I Am Sam,2000,117,Comedy,English,USA,PG-13,0,73000000,21900000,7.6,9.6,8.0,High
TMDB-235260,Son of God,2003,104,Mystery,Hindi,India,PG-13,0,100000000,30000000,6.8,9.2,7.5,High
TMDB-277,Underworld,2015,147,Animation,Spanish,France,PG-13,0,88000000,26400000,8.4,8.8,8.1,High
TMDB-8999,Derailed,2011,116,Drama,German,France,PG-13,0,12000000,3600000,9.2,7.3,7.9,High
TMDB-11323,The Informant!,2020,98,Documentary,French,France,PG-13,0,69000000,20700000,9.8,7.9,8.4,High
TMDB-10445,Shadowlands,2015,128,Sci-Fi,German,France,PG-13,0,64000000,19200000,9.2,6.7,7.7,High
TMDB-11453,Deuce Bigalow: European Gigolo,2008,98,Documentary,Tamil,India,R,0,9000000,2700000,6.8,6.2,6.4,Medium
TMDB-146239,Delivery Man,2005,148,Sci-Fi,Korean,France,R,0,54000000,16200000,7.6,6.4,6.9,Medium
TMDB-205588,Our Kind of Traitor,2016,131,Thriller,Telugu,India,PG-13,0,17000000,5100000,7.6,7.4,7.2,Medium
TMDB-10878,Saving Silverman,2001,87,Animation,German,France,PG-13,0,98000000,29400000,9.8,6.6,7.9,High
TMDB-82650,Diary of a Wimpy Kid: Dog Days,2000,138,Documentary,Tamil,India,PG-13,0,49000000,14700000,9.2,7.3,7.9,High
TMDB-10279,Summer of Sam,2023,103,Sci-Fi,Korean,France,PG-13,0,24000000,7200000,9.8,7.3,8.2,High
TMDB-2294,Jay and Silent Bob Strike Back,2012,122,Comedy,Korean,France,PG-13,0,13000000,3900000,9.8,8.5,8.6,High
TMDB-2176,The Glass House,2009,160,Romance,French,France,R,0,106000000,31800000,6.8,7.3,6.8,Medium
TMDB-270487,"Hail, Caesar!",2004,112,Comedy,Korean,France,PG-13,0,53000000,15900000,9.8,10.0,9.1,High
TMDB-19366,Josie and the Pussycats,2005,168,Sci-Fi,Telugu,India,R,0,54000000,16200000,7.6,6.3,6.8,Medium
TMDB-204082,Homefront,2005,105,Romance,Telugu,India,PG-13,0,6000000,1800000,9.8,6.9,8.0,High
TMDB-24100,The Little Vampire,2006,125,Action,English,USA,R,0,31000000,9300000,7.6,6.1,6.8,Medium
TMDB-1599,I Heart Huckabees,2013,108,Sci-Fi,Tamil,India,PG-13,0,14000000,4200000,9.8,7.0,8.1,High
TMDB-5550,RoboCop 3,2022,105,Action,English,USA,R,0,71000000,21300000,6.8,7.6,6.9,Medium
TMDB-30379,Megiddo: The Omega Code 2,2021,157,Animation,Hindi,India,PG-13,0,118000000,35400000,8.4,6.3,7.2,Medium
TMDB-42586,Darling Lili,2023,126,Drama,English,USA,R,0,72000000,21600000,7.6,5.8,6.6,Medium
TMDB-17709,Dudley Do-Right,2009,95,Romance,Hindi,India,PG-13,0,106000000,31800000,9.2,10.0,8.8,High
TMDB-287948,The Transporter Refueled,2015,92,Animation,Hindi,India,PG-13,0,88000000,26400000,7.6,8.2,7.5,High
TMDB-7548,The Libertine,2018,95,Action,German,France,R,0,91000000,27300000,6.8,7.0,6.7,Medium
TMDB-9075,Black Book,2012,111,Thriller,Korean,France,PG-13,0,37000000,11100000,9.8,7.2,8.1,High
TMDB-11661,Joyeux Noël,2021,167,Animation,Spanish,France,R,0,118000000,35400000,6.8,6.8,6.6,Medium
TMDB-109513,Hit & Run,2023,152,Animation,French,France,R,0,48000000,14400000,6.8,7.2,6.8,Medium
TMDB-12085,Mad Money,2009,100,Romance,Tamil,India,R,0,106000000,31800000,7.6,6.1,6.8,Medium
TMDB-204922,Before I Go to Sleep,2022,94,Horror,Hindi,India,R,0,95000000,28500000,7.6,6.2,6.8,Medium
TMDB-38985,Sorcerer,2001,113,Sci-Fi,Tamil,India,PG-13,0,74000000,22200000,9.8,6.7,8.0,High
TMDB-44113,Stone,2010,150,Action,Korean,France,R,0,11000000,3300000,7.6,6.3,6.8,Medium
TMDB-21494,Moliere,2011,106,Drama,Tamil,India,R,0,12000000,3600000,7.6,6.3,6.8,Medium
TMDB-164457,Out of the Furnace,2015,157,Animation,Japanese,France,PG-13,0,88000000,26400000,8.4,9.9,8.4,High
TMDB-4566,Michael Clayton,2020,156,Thriller,Hindi,India,PG-13,0,117000000,35100000,8.4,7.2,7.5,High
TMDB-17795,My Fellow Americans,2000,154,Horror,Korean,France,PG-13,0,25000000,7500000,9.8,7.0,8.1,High
TMDB-1073,Arlington Road,2023,122,Animation,Spanish,France,PG-13,0,48000000,14400000,8.4,6.9,7.4,Medium
TMDB-153158,Underdogs,2010,157,Comedy,Telugu,India,PG-13,0,83000000,24900000,7.6,6.8,7.0,Medium
TMDB-81836,To Rome with Love,2007,113,Sci-Fi,Spanish,France,PG-13,0,104000000,31200000,9.8,7.0,8.1,High
TMDB-10724,Firefox,2020,100,Action,French,France,PG-13,0,21000000,6300000,9.8,10.0,9.1,High
TMDB-9473,"South Park: Bigger, Longer & Uncut",2006,117,Comedy,French,France,PG-13,0,103000000,30900000,8.4,7.3,7.5,High
TMDB-2196,Death at a Funeral,2011,99,Mystery,Spanish,France,PG-13,0,60000000,18000000,9.8,6.7,8.0,High
TMDB-1499,Teenage Mutant Ninja Turtles III,2001,107,Animation,Japanese,France,PG-13,0,98000000,29400000,7.6,8.5,7.6,High
TMDB-20857,Hardball,2017,132,Animation,Telugu,India,PG-13,0,18000000,5400000,9.8,7.5,8.2,High
TMDB-82693,Silver Linings Playbook,2010,102,Comedy,English,USA,PG-13,0,83000000,24900000,9.8,10.0,9.1,High
TMDB-1646,Freedom Writers,2022,125,Action,French,France,PG-13,0,71000000,21300000,9.8,8.4,8.5,High
TMDB-44944,For Colored Girls,2004,89,Horror,Hindi,India,PG-13,0,5000000,1500000,9.8,6.9,8.0,High
TMDB-4108,The Transporter,2005,97,Animation,English,USA,PG-13,0,78000000,23400000,9.8,6.6,7.9,High
TMDB-8456,Never Back Down,2014,120,Action,Korean,France,PG-13,0,111000000,33300000,8.4,6.2,7.2,Medium
TMDB-7341,The Rage: Carrie 2,2021,114,Mystery,Japanese,France,PG-13,0,70000000,21000000,6.8,10.0,7.8,High
TMDB-19255,Away We Go,2010,129,Horror,Tamil,India,PG-13,0,35000000,10500000,9.8,7.0,8.1,High
TMDB-10187,Swing Vote,2017,160,Romance,Korean,France,PG-13,0,66000000,19800000,6.8,8.4,7.2,Medium
TMDB-31005,Moonlight Mile,2015,152,Animation,German,France,PG-13,0,88000000,26400000,9.2,6.9,7.8,High
TMDB-49517,Tinker Tailor Soldier Spy,2016,137,Comedy,French,France,PG-13,0,113000000,33900000,6.8,8.7,7.3,Medium
TMDB-44857,Molly,2004,99,Horror,French,France,R,0,5000000,1500000,6.8,6.9,6.7,Medium
TMDB-50780,The Beaver,2013,127,Animation,French,France,PG-13,0,38000000,11400000,8.4,5.8,7.0,Medium
TMDB-16363,The Best Little Whorehouse in Texas,2000,85,Action,Spanish,France,PG-13,0,1000000,300000,6.8,9.4,7.5,High
TMDB-1946,eXistenZ,2000,162,Comedy,Spanish,France,PG-13,0,73000000,21900000,9.8,7.0,8.1,High
TMDB-85,Raiders of the Lost Ark,2014,128,Documentary,Spanish,France,PG-13,0,39000000,11700000,9.8,10.0,9.1,High
TMDB-772,Home Alone 2: Lost in New York,2017,162,Animation,German,France,PG-13,0,18000000,5400000,9.8,7.2,8.1,High
TMDB-840,Close Encounters of the Third Kind,2017,93,Sci-Fi,Spanish,France,PG-13,0,114000000,34200000,9.8,10.0,9.1,High
TMDB-9682,Pulse,2020,158,Documentary,English,USA,R,0,69000000,20700000,6.8,6.8,6.6,Medium
TMDB-96,Beverly Hills Cop II,2017,167,Animation,French,France,PG-13,0,18000000,5400000,9.8,8.2,8.5,High
TMDB-10678,Bringing Down the House,2001,137,Animation,Korean,France,PG-13,0,98000000,29400000,9.8,10.0,9.1,High
TMDB-274,The Silence of the Lambs,2006,91,Thriller,Spanish,France,PG-13,0,7000000,2100000,9.8,10.0,9.1,High
TMDB-8872,Wayne's World,2002,102,Comedy,Spanish,France,R,0,3000000,900000,6.8,7.2,6.8,Medium
TMDB-16290,Jackass 3D,2008,111,Thriller,Tamil,India,PG-13,0,57000000,17100000,9.2,10.0,8.8,High
TMDB-579,Jaws 2,2023,92,Animation,German,France,PG-13,0,48000000,14400000,7.6,7.4,7.2,Medium
TMDB-14405,Beverly Hills Chihuahua,2010,111,Thriller,German,France,PG-13,0,107000000,32100000,9.8,6.4,7.9,High
TMDB-138843,The Conjuring,2003,106,Drama,German,France,PG-13,0,52000000,15600000,9.8,7.8,8.3,High
TMDB-11637,Are We There Yet?,2009,132,Animation,Tamil,India,PG-13,0,58000000,17400000,9.8,6.6,7.9,High
TMDB-226486,Tammy,2000,118,Documentary,Telugu,India,PG-13,0,49000000,14700000,7.6,9.8,8.0,High
TMDB-1584,School of Rock,2005,150,Romance,Korean,France,PG-13,0,6000000,1800000,9.8,10.0,9.1,High
TMDB-9312,Mortal Kombat,2002,116,Thriller,German,France,PG-13,0,27000000,8100000,9.8,6.3,7.8,High
TMDB-12153,White Chicks,2019,111,Drama,German,France,PG-13,0,92000000,27600000,9.2,6.8,7.7,High
TMDB-65057,The Descendants,2012,155,Action,Tamil,India,PG-13,0,61000000,18300000,9.8,7.0,8.1,High
TMDB-8326,Holes,2007,143,Sci-Fi,English,USA,PG-13,0,104000000,31200000,9.2,7.8,8.1,High
TMDB-35690,The Last Song,2017,122,Animation,Spanish,France,PG-13,0,18000000,5400000,7.6,6.7,7.0,Medium
TMDB-76203,12 Years a Slave,2023,103,Sci-Fi,Spanish,France,PG-13,0,24000000,7200000,7.6,10.0,8.1,High
TMDB-13497,Drumline,2008,158,Documentary,Telugu,India,PG-13,0,9000000,2700000,7.6,6.8,7.0,Medium
TMDB-35688,Why Did I Get Married Too?,2000,148,Documentary,English,USA,PG-13,0,49000000,14700000,9.8,6.2,7.8,High
TMDB-162,Edward Scissorhands,2002,155,Action,Korean,France,PG-13,0,51000000,15300000,9.8,8.4,8.5,High
TMDB-296096,Me Before You,2008,89,Horror,Korean,France,PG-13,0,105000000,31500000,6.8,8.1,7.1,Medium
TMDB-103370,Madea's Witness Protection,2004,126,Thriller,Hindi,India,PG-13,0,77000000,23100000,9.8,6.3,7.8,High
TMDB-1051,The French Connection,2021,162,Animation,German,France,PG-13,0,118000000,35400000,9.8,6.3,7.8,High
TMDB-376659,Bad Moms,2007,162,Animation,Spanish,France,PG-13,0,8000000,2400000,7.6,9.0,7.8,High
TMDB-10073,Date Movie,2003,113,Sci-Fi,Hindi,India,PG-13,0,4000000,1200000,9.8,7.6,8.3,High
TMDB-16690,Return to Never Land,2017,152,Animation,Tamil,India,R,0,18000000,5400000,6.8,6.4,6.5,Medium
TMDB-273895,Selma,2022,162,Comedy,French,France,PG-13,0,23000000,6900000,7.6,9.6,8.0,High
TMDB-14873,The Jungle Book 2,2000,117,Comedy,French,France,R,0,73000000,21900000,6.8,6.1,6.4,Medium
TMDB-8968,Boogeyman,2006,134,Horror,Tamil,India,PG-13,0,55000000,16500000,8.4,7.0,7.4,Medium
TMDB-9963,Premonition,2001,165,Romance,Hindi,India,R,0,26000000,7800000,6.8,7.4,6.9,Medium
TMDB-15655,The Tigger Movie,2009,157,Animation,Korean,France,R,0,58000000,17400000,6.8,6.0,6.4,Medium
TMDB-21208,Orphan,2012,153,Documentary,English,USA,PG-13,0,109000000,32700000,9.8,7.9,8.4,High
TMDB-272878,Max,2002,140,Action,Hindi,India,PG-13,0,51000000,15300000,8.4,9.1,8.2,High
TMDB-9760,Epic Movie,2008,163,Documentary,Tamil,India,PG-13,0,9000000,2700000,9.8,7.2,8.1,High
TMDB-314365,Spotlight,2022,166,Thriller,Telugu,India,PG-13,0,47000000,14100000,7.6,10.0,8.1,High
TMDB-13279,Lakeview Terrace,2013,88,Sci-Fi,German,France,PG-13,0,14000000,4200000,8.4,7.0,7.4,Medium
TMDB-1975,The Grudge 2,2021,168,Sci-Fi,Hindi,India,PG-13,0,94000000,28200000,7.6,7.5,7.2,Medium
TMDB-33644,How Stella Got Her Groove Back,2003,90,Romance,Korean,France,PG-13,0,76000000,22800000,8.4,9.6,8.3,High
TMDB-1649,Bill & Ted's Bogus Journey,2008,138,Documentary,Spanish,France,PG-13,0,9000000,2700000,9.2,9.0,8.5,High
TMDB-9895,Man of the Year,2005,154,Mystery,French,France,PG-13,0,30000000,9000000,9.8,8.4,8.5,High
TMDB-9570,The Black Hole,2010,150,Action,Telugu,India,R,0,11000000,3300000,6.8,6.1,6.4,Medium
TMDB-27579,The American,2022,114,Horror,Telugu,India,PG-13,0,95000000,28500000,8.4,7.4,7.6,High
TMDB-16052,Selena,2001,156,Drama,Spanish,France,R,0,2000000,600000,6.8,6.4,6.5,Medium
TMDB-40264,Vampires Suck,2003,125,Romance,Korean,France,PG-13,0,76000000,22800000,9.8,7.5,8.2,High
TMDB-1164,Babel,2011,151,Drama,English,USA,PG-13,0,12000000,3600000,9.8,10.0,9.1,High
TMDB-239678,This Is Where I Leave You,2016,100,Action,Japanese,France,PG-13,0,41000000,12300000,9.8,9.0,8.8,High
TMDB-14359,Doubt,2011,119,Mystery,Tamil,India,PG-13,0,60000000,18000000,6.8,10.0,7.8,High
TMDB-3989,Team America: World Police,2020,116,Thriller,Tamil,India,PG-13,0,117000000,35100000,8.4,5.7,7.0,Medium
TMDB-76617,Texas Chainsaw 3D,2021,135,Romance,German,France,PG-13,0,46000000,13800000,7.6,7.4,7.2,Medium
TMDB-1710,Copycat,2013,102,Animation,Hindi,India,PG-13,0,38000000,11400000,9.2,6.8,7.7,High
TMDB-4258,Scary Movie 5,2017,115,Romance,Tamil,India,PG-13,0,66000000,19800000,9.8,7.3,8.2,High
TMDB-20391,Paint Your Wagon,2012,91,Thriller,German,France,R,0,37000000,11100000,6.8,6.6,6.6,Medium
TMDB-10139,Milk,2021,161,Drama,French,France,PG-13,0,22000000,6600000,9.8,6.6,7.9,High
TMDB-335778,Risen,2017,148,Sci-Fi,Japanese,France,PG-13,0,114000000,34200000,9.8,8.6,8.6,High
TMDB-9645,Ghost Ship,2015,168,Sci-Fi,Tamil,India,R,0,64000000,19200000,7.6,6.3,6.8,Medium
TMDB-55465,A Very Harold & Kumar Christmas,2007,158,Sci-Fi,French,France,PG-13,0,104000000,31200000,6.8,7.9,7.0,Medium
TMDB-617,Wild Things,2015,100,Romance,French,France,PG-13,0,16000000,4800000,6.8,9.1,7.4,Medium
TMDB-19904,The Stepfather,2020,160,Action,Spanish,France,PG-13,0,21000000,6300000,7.6,6.8,7.0,Medium
TMDB-48289,The Debt,2018,166,Thriller,English,USA,PG-13,0,67000000,20100000,9.8,6.1,7.7,High
TMDB-243,High Fidelity,2002,110,Action,French,France,PG-13,0,51000000,15300000,9.8,10.0,9.1,High
TMDB-6933,One Missed Call,2000,148,Documentary,Japanese,France,PG-13,0,49000000,14700000,7.6,7.4,7.2,Medium
TMDB-17182,Eye for an Eye,2018,132,Comedy,Hindi,India,PG-13,0,43000000,12900000,8.4,7.0,7.4,Medium
TMDB-8848,The Bank Job,2005,115,Romance,Spanish,France,PG-13,0,6000000,1800000,9.8,8.2,8.5,High
TMDB-38,Eternal Sunshine of the Spotless Mind,2003,151,Drama,Telugu,India,PG-13,0,52000000,15600000,9.2,7.3,7.9,High
TMDB-38303,You Again,2015,125,Romance,Korean,France,PG-13,0,16000000,4800000,9.8,6.8,8.0,High
TMDB-1266,Street Kings,2023,156,Drama,Korean,France,PG-13,0,72000000,21600000,9.8,10.0,9.1,High
TMDB-107985,The World's End,2012,143,Documentary,Japanese,France,PG-13,0,109000000,32700000,9.2,10.0,8.8,High
TMDB-14043,Nancy Drew,2010,162,Comedy,Hindi,India,PG-13,0,83000000,24900000,9.2,8.4,8.3,High
TMDB-19901,Daybreakers,2020,139,Horror,Korean,France,R,0,45000000,13500000,6.8,6.9,6.7,Medium
TMDB-34016,She's Out of My League,2017,96,Drama,Spanish,France,R,0,42000000,12600000,6.8,6.7,6.6,Medium
TMDB-59860,Monte Carlo,2017,135,Romance,German,France,PG-13,0,66000000,19800000,7.6,6.9,7.0,Medium
TMDB-10069,Stay Alive,2000,105,Action,Tamil,India,PG-13,0,1000000,300000,8.4,7.4,7.6,High
TMDB-9588,Quigley Down Under,2007,111,Drama,Spanish,France,PG-13,0,32000000,9600000,9.2,6.0,7.4,Medium
TMDB-12819,Alpha and Omega,2012,115,Action,Telugu,India,R,0,61000000,18300000,6.8,6.4,6.5,Medium
TMDB-9954,The Covenant,2021,106,Drama,German,France,PG-13,0,22000000,6600000,9.8,7.4,8.2,High
TMDB-10115,Stick It,2002,144,Horror,Tamil,India,R,0,75000000,22500000,6.8,7.5,6.9,Medium
TMDB-25132,Shorts,2012,110,Action,Tamil,India,PG-13,0,61000000,18300000,9.8,8.5,8.6,High
TMDB-577,To Die For,2007,112,Animation,French,France,PG-13,0,8000000,2400000,9.8,6.7,8.0,High
TMDB-328387,Nerve,2023,130,Romance,Spanish,France,PG-13,0,96000000,28800000,8.4,7.6,7.6,High
TMDB-12690,Appaloosa,2012,156,Thriller,German,France,PG-13,0,37000000,11100000,7.6,6.7,7.0,Medium
TMDB-9945,Vampires,2014,121,Thriller,Telugu,India,PG-13,0,87000000,26100000,9.8,6.4,7.9,High
TMDB-539,Psycho,2012,86,Thriller,Korean,France,PG-13,0,37000000,11100000,9.8,8.6,8.6,High
TMDB-13596,My Best Friend's Girl,2010,99,Horror,Tamil,India,PG-13,0,35000000,10500000,8.4,9.0,8.1,High
TMDB-226857,Endless Love,2021,169,Mystery,Japanese,France,PG-13,0,70000000,21000000,8.4,9.6,8.3,High
TMDB-13159,Georgia Rule,2000,161,Thriller,Spanish,France,PG-13,0,97000000,29100000,9.8,6.3,7.8,High
TMDB-47941,Under the Rainbow,2015,132,Animation,Telugu,India,PG-13,0,88000000,26400000,7.6,6.8,7.0,Medium
TMDB-526,Ladyhawke,2015,113,Sci-Fi,German,France,PG-13,0,64000000,19200000,9.8,6.8,8.0,High
TMDB-22796,Simon Birch,2008,153,Documentary,Hindi,India,R,0,9000000,2700000,7.6,5.6,6.6,Medium
TMDB-2355,Reign Over Me,2023,145,Romance,French,France,PG-13,0,96000000,28800000,8.4,8.7,8.0,High
TMDB-5915,Into the Wild,2004,89,Horror,Hindi,India,PG-13,0,5000000,1500000,7.6,8.0,7.4,Medium
TMDB-9842,School for Scoundrels,2016,162,Comedy,German,France,PG-13,0,113000000,33900000,9.8,9.0,8.8,High
TMDB-61012,Silent Hill: Revelation 3D,2009,117,Animation,Korean,France,R,0,58000000,17400000,6.8,7.6,6.9,Medium
TMDB-755,From Dusk Till Dawn,2010,136,Thriller,Telugu,India,PG-13,0,107000000,32100000,9.8,9.0,8.8,High
TMDB-13682,Pooh's Heffalump Movie,2018,122,Comedy,Spanish,France,R,0,43000000,12900000,6.8,6.0,6.4,Medium
TMDB-9089,Home for the Holidays,2000,138,Documentary,Korean,France,PG-13,0,49000000,14700000,8.4,6.2,7.2,Medium
TMDB-9470,Kung Fu Hustle,2022,145,Action,French,France,PG-13,0,71000000,21300000,8.4,7.0,7.4,Medium
TMDB-18357,The Country Bears,2001,97,Animation,Korean,France,PG-13,0,98000000,29400000,6.8,8.8,7.3,Medium
TMDB-7979,The Kite Runner,2016,97,Comedy,Spanish,France,PG-13,0,113000000,33900000,9.8,6.9,8.0,High
TMDB-470,21 Grams,2011,136,Drama,Spanish,France,PG-13,0,12000000,3600000,9.8,8.2,8.5,High
TMDB-15644,Paparazzi,2001,109,Mystery,English,USA,R,0,50000000,15000000,6.8,6.2,6.4,Medium
TMDB-9582,A Guy Thing,2019,124,Mystery,Hindi,India,PG-13,0,20000000,6000000,7.6,6.9,7.0,Medium
TMDB-10642,Loser,2018,150,Action,German,France,PG-13,0,91000000,27300000,9.2,6.9,7.8,High
TMDB-22074,Capitalism: A Love Story,2001,133,Sci-Fi,Japanese,France,PG-13,0,74000000,22200000,9.8,6.1,7.7,High
TMDB-2428,The Greatest Story Ever Told,2009,145,Romance,Telugu,India,PG-13,0,106000000,31800000,6.8,10.0,7.8,High
TMDB-290751,Secret in Their Eyes,2017,115,Romance,Spanish,France,R,0,66000000,19800000,7.6,6.3,6.8,Medium
TMDB-13805,Disaster Movie,2006,88,Documentary,French,France,PG-13,0,79000000,23700000,9.8,6.8,8.0,High
TMDB-4597,Armored,2009,155,Romance,English,USA,PG-13,0,106000000,31800000,8.4,6.9,7.4,Medium
TMDB-9414,The Man Who Knew Too Little,2000,145,Action,Korean,France,PG-13,0,1000000,300000,9.2,8.7,8.4,High
TMDB-63492,What's Your Number?,2014,95,Action,Korean,France,PG-13,0,111000000,33300000,6.8,9.4,7.5,High
TMDB-81796,Lockout,2001,106,Drama,Spanish,France,R,0,2000000,600000,6.8,6.6,6.6,Medium
TMDB-10710,Envy,2002,105,Action,French,France,PG-13,0,51000000,15300000,9.8,10.0,9.1,High
TMDB-15092,Crank: High Voltage,2009,120,Romance,Telugu,India,PG-13,0,106000000,31800000,9.2,8.2,8.2,High
TMDB-11382,Bullets Over Broadway,2011,117,Animation,Spanish,France,PG-13,0,108000000,32400000,9.8,6.3,7.8,High
TMDB-15005,One Night with the King,2001,122,Animation,French,France,PG-13,0,98000000,29400000,7.6,7.2,7.1,Medium
TMDB-8198,The Quiet American,2013,100,Romance,English,USA,PG-13,0,86000000,25800000,9.8,10.0,9.1,High
TMDB-6963,The Weather Man,2002,158,Documentary,Telugu,India,PG-13,0,99000000,29700000,9.8,6.3,7.8,High
TMDB-15070,Undisputed,2012,146,Thriller,French,France,PG-13,0,37000000,11100000,9.2,7.5,8.0,High
TMDB-12797,Ghost Town,2013,91,Drama,English,USA,PG-13,0,62000000,18600000,9.8,7.9,8.4,High
TMDB-17134,12 Rounds,2023,137,Animation,German,France,PG-13,0,48000000,14400000,9.8,10.0,9.1,High
TMDB-41402,Let Me In,2018,111,Thriller,Korean,France,PG-13,0,67000000,20100000,9.2,7.9,8.1,High
TMDB-18885,3 Ninjas Kick Back,2010,100,Action,Telugu,India,PG-13,0,11000000,3300000,6.8,10.0,7.8,High
TMDB-4953,Be Kind Rewind,2012,151,Thriller,Tamil,India,PG-13,0,37000000,11100000,9.2,6.1,7.5,High
TMDB-10773,Mrs Henderson Presents,2000,120,Action,German,France,PG-13,0,1000000,300000,9.8,6.9,8.0,High
TMDB-146198,Triple 9,2014,161,Thriller,Telugu,India,PG-13,0,87000000,26100000,8.4,8.2,7.9,High
TMDB-2639,Deconstructing Harry,2002,94,Horror,Hindi,India,PG-13,0,75000000,22500000,9.8,7.6,8.3,High
TMDB-10563,Three to Tango,2021,123,Sci-Fi,French,France,R,0,94000000,28200000,6.8,6.7,6.6,Medium
TMDB-295964,Burnt,2007,166,Drama,English,USA,PG-13,0,32000000,9600000,7.6,6.8,7.0,Medium
TMDB-5971,We're No Angels,2004,132,Comedy,French,France,PG-13,0,53000000,15900000,9.8,6.3,7.8,High
TMDB-9716,Everyone Says I Love You,2012,117,Comedy,Japanese,France,PG-13,0,13000000,3900000,9.8,10.0,9.1,High
TMDB-11835,Death Sentence,2010,128,Documentary,Hindi,India,PG-13,0,59000000,17700000,9.8,6.7,8.0,High
TMDB-26171,Everybody's Fine,2012,124,Horror,Hindi,India,PG-13,0,85000000,25500000,9.8,6.9,8.0,High
TMDB-31117,Superbabies: Baby Geniuses 2,2006,90,Action,French,France,PG-13,0,31000000,9300000,9.2,6.0,7.4,Medium
TMDB-9074,The Man,2006,120,Action,English,USA,PG-13,0,31000000,9300000,9.8,7.8,8.3,High
TMDB-14396,Code Name: The Cleaner,2009,138,Sci-Fi,Spanish,France,PG-13,0,34000000,10200000,9.8,6.6,7.9,High
TMDB-15673,Connie and Carla,2014,165,Action,Korean,France,PG-13,0,111000000,33300000,7.6,6.7,7.0,Medium
TMDB-42618,Sweet Charity,2003,160,Romance,French,France,R,0,76000000,22800000,7.6,6.3,6.8,Medium
TMDB-171274,Inherent Vice,2007,150,Romance,Hindi,India,PG-13,0,56000000,16800000,9.8,10.0,9.1,High
TMDB-24432,Doogal,2016,92,Comedy,French,France,R,0,113000000,33900000,6.8,6.7,6.6,Medium
TMDB-109417,Battle of the Year,2008,133,Documentary,Telugu,India,R,0,9000000,2700000,6.8,6.6,6.6,Medium
TMDB-13948,An American Carol,2017,116,Drama,Korean,France,PG-13,0,42000000,12600000,9.8,10.0,9.1,High
TMDB-106747,Machete Kills,2002,124,Horror,Japanese,France,PG-13,0,75000000,22500000,9.8,7.6,8.3,High
TMDB-10929,Willard,2004,128,Documentary,Telugu,India,R,0,29000000,8700000,7.6,5.7,6.6,Medium
TMDB-14220,Strange Wilderness,2011,161,Drama,Spanish,France,PG-13,0,12000000,3600000,7.6,6.9,7.0,Medium
TMDB-46435,Topsy-Turvy,2008,118,Documentary,French,France,PG-13,0,9000000,2700000,9.8,10.0,9.1,High
TMDB-256962,Little Boy,2000,102,Comedy,Hindi,India,PG-13,0,73000000,21900000,7.6,10.0,8.1,High
TMDB-48231,A Dangerous Method,2015,134,Mystery,Tamil,India,PG-13,0,40000000,12000000,9.8,9.1,8.8,High
TMDB-3509,A Scanner Darkly,2000,85,Action,Tamil,India,PG-13,0,1000000,300000,9.8,6.9,8.0,High
TMDB-82684,Chasing Mavericks,2006,152,Comedy,Japanese,France,PG-13,0,103000000,30900000,9.8,6.6,7.9,High
TMDB-12142,Alone in the Dark,2021,109,Mystery,Spanish,France,PG-13,0,70000000,21000000,9.8,8.5,8.6,High
TMDB-23367,Bandslam,2003,110,Romance,French,France,PG-13,0,76000000,22800000,7.6,10.0,8.1,High
TMDB-10740,Birth,2014,121,Thriller,French,France,PG-13,0,87000000,26100000,8.4,6.2,7.2,Medium
TMDB-241239,A Most Violent Year,2002,101,Thriller,Telugu,India,PG-13,0,27000000,8100000,8.4,7.6,7.6,High
TMDB-14582,Passchendaele,2007,159,Mystery,Telugu,India,R,0,80000000,24000000,7.6,6.3,6.8,Medium
TMDB-14914,Flash of Genius,2019,164,Mystery,Korean,France,R,0,20000000,6000000,6.8,5.8,6.3,Medium
TMDB-3902,I'm Not There.,2023,98,Sci-Fi,Spanish,France,PG-13,0,24000000,7200000,8.4,7.2,7.5,High
TMDB-77948,The Cold Light of Day,2012,89,Horror,Telugu,India,R,0,85000000,25500000,6.8,7.6,6.9,Medium
TMDB-21755,The Brothers Bloom,2004,110,Action,Tamil,India,PG-13,0,101000000,30300000,7.6,8.0,7.4,Medium
TMDB-4960,"Synecdoche, New York",2001,85,Romance,English,USA,PG-13,0,26000000,7800000,7.6,7.0,7.1,Medium
TMDB-128,Princess Mononoke,2011,149,Mystery,German,France,PG-13,0,60000000,18000000,9.2,6.7,7.7,High
TMDB-14652,Bon voyage,2012,119,Horror,Korean,France,R,0,85000000,25500000,7.6,6.1,6.8,Medium
TMDB-40932,Can't Stop the Music,2001,118,Sci-Fi,German,France,R,0,74000000,22200000,6.8,6.8,6.6,Medium
TMDB-16608,The Proposition,2012,120,Action,English,USA,PG-13,0,61000000,18300000,8.4,7.9,7.7,High
TMDB-334531,My All American,2011,164,Mystery,Spanish,France,R,0,60000000,18000000,6.8,6.9,6.7,Medium
TMDB-32316,Marci X,2001,96,Drama,Telugu,India,R,0,2000000,600000,8.4,5.6,6.9,Medium
TMDB-7299,Equilibrium,2022,161,Thriller,French,France,PG-13,0,47000000,14100000,7.6,7.3,7.2,Medium
TMDB-13405,The Children of Huang Shi,2019,133,Sci-Fi,Korean,France,PG-13,0,44000000,13200000,9.2,5.5,7.3,Medium
TMDB-19457,The Yards,2006,87,Comedy,English,USA,PG-13,0,103000000,30900000,9.2,6.9,7.8,High
TMDB-112937,The Oogieloves in the Big Balloon Adventure,2014,104,Horror,Hindi,India,R,0,15000000,4500000,6.8,6.2,6.4,Medium
TMDB-314385,By the Sea,2018,89,Horror,German,France,PG-13,0,115000000,34500000,8.4,7.4,7.6,High
TMDB-8953,Steamboy,2006,139,Horror,German,France,R,0,55000000,16500000,7.6,5.8,6.6,Medium
TMDB-29078,The Game of Their Lives,2007,154,Mystery,Telugu,India,R,0,80000000,24000000,6.8,5.8,6.3,Medium
TMDB-46503,All Good Things,2007,86,Drama,French,France,R,0,32000000,9600000,6.8,6.6,6.6,Medium
TMDB-10448,Rapa Nui,2013,123,Sci-Fi,Korean,France,PG-13,0,14000000,4200000,9.8,6.8,8.0,High
TMDB-13688,CJ7,2012,98,Documentary,Telugu,India,PG-13,0,109000000,32700000,8.4,6.2,7.2,Medium
TMDB-10353,The Visitors II: The Corridors of Time,2005,114,Mystery,Spanish,France,PG-13,0,30000000,9000000,8.4,9.3,8.2,High
TMDB-43935,Dylan Dog: Dead of Night,2023,96,Drama,Hindi,India,PG-13,0,72000000,21600000,7.6,6.7,7.0,Medium
TMDB-11458,People I Know,2008,90,Action,Tamil,India,R,0,81000000,24300000,6.8,6.9,6.7,Medium
TMDB-44638,The Tempest,2004,137,Comedy,German,France,PG-13,0,53000000,15900000,8.4,6.4,7.2,Medium
TMDB-241257,Regression,2017,125,Romance,Japanese,France,PG-13,0,66000000,19800000,9.2,8.0,8.1,High
TMDB-14538,Three Kingdoms: Resurrection of the Dragon,2011,167,Animation,Japanese,France,R,0,108000000,32400000,7.6,5.7,6.6,Medium
TMDB-13250,Butterfly on a Wheel,2006,93,Documentary,French,France,R,0,79000000,23700000,6.8,6.8,6.6,Medium
TMDB-133931,Zambezia,2002,95,Action,English,USA,R,0,51000000,15300000,6.8,7.3,6.8,Medium
TMDB-280871,Ramanujan,2021,140,Romance,Tamil,India,PG-13,0,46000000,13800000,6.8,7.9,7.0,Medium
TMDB-239897,Dwegons,2020,118,Documentary,Telugu,India,R,0,69000000,20700000,6.8,6.0,6.4,Medium
TMDB-184341,Hands of Stone,2005,86,Drama,Spanish,France,R,0,102000000,30600000,6.8,6.7,6.6,Medium
TMDB-334074,Survivor,2023,113,Sci-Fi,Korean,France,PG-13,0,24000000,7200000,9.2,7.4,7.9,High
TMDB-199373,The Frozen Ground,2012,85,Action,Japanese,France,R,0,61000000,18300000,6.8,7.3,6.8,Medium
TMDB-14202,The Painted Veil,2008,90,Action,English,USA,R,0,81000000,24300000,7.6,6.4,6.9,Medium
TMDB-6968,The Baader Meinhof Complex,2013,114,Mystery,Tamil,India,PG-13,0,110000000,33000000,7.6,10.0,8.1,High
TMDB-581,Dances with Wolves,2019,146,Drama,Tamil,India,PG-13,0,92000000,27600000,8.4,10.0,8.5,High
TMDB-52449,Bad Teacher,2008,131,Thriller,Telugu,India,PG-13,0,57000000,17100000,9.2,10.0,8.8,High
TMDB-12150,Sea of Love,2023,132,Animation,Japanese,France,PG-13,0,48000000,14400000,9.2,6.4,7.6,High
TMDB-11247,A Cinderella Story,2015,152,Animation,Spanish,France,PG-13,0,88000000,26400000,7.6,10.0,8.1,High
TMDB-4232,Scream,2005,140,Romance,Spanish,France,PG-13,0,6000000,1800000,9.8,7.3,8.2,High
TMDB-9378,Thir13en Ghosts,2018,117,Comedy,Hindi,India,PG-13,0,43000000,12900000,7.6,8.0,7.4,Medium
TMDB-694,The Shining,2005,129,Mystery,Korean,France,PG-13,0,30000000,9000000,9.8,6.4,7.9,High
TMDB-105,Back to the Future,2010,87,Comedy,German,France,PG-13,0,83000000,24900000,9.8,10.0,9.1,High
TMDB-11377,House on Haunted Hill,2009,143,Sci-Fi,Hindi,India,PG-13,0,34000000,10200000,7.6,6.8,7.0,Medium
TMDB-26367,I Can Do Bad All By Myself,2021,104,Mystery,Japanese,France,PG-13,0,70000000,21000000,9.8,5.7,7.6,High
TMDB-385383,Fight Valley,2009,169,Mystery,English,USA,R,0,10000000,3000000,6.8,6.9,6.7,Medium
TMDB-41210,The Switch,2006,168,Documentary,Hindi,India,PG-13,0,79000000,23700000,7.6,7.4,7.2,Medium
TMDB-12090,Just Married,2013,164,Mystery,Korean,France,PG-13,0,110000000,33000000,9.8,6.2,7.8,High
TMDB-62630,The Devil's Double,2003,108,Sci-Fi,Japanese,France,PG-13,0,4000000,1200000,9.8,7.2,8.1,High
TMDB-16110,Thomas and the Magic Railroad,2010,109,Horror,French,France,R,0,35000000,10500000,6.8,5.4,6.2,Medium
TMDB-29427,The Crazies,2021,122,Animation,German,France,PG-13,0,118000000,35400000,8.4,9.7,8.4,High
TMDB-244114,Firestorm,2017,160,Romance,Spanish,France,R,0,66000000,19800000,6.8,6.4,6.5,Medium
TMDB-2669,The Bounty,2021,160,Romance,Telugu,India,PG-13,0,46000000,13800000,9.8,8.4,8.5,High
TMDB-203833,The Book Thief,2016,113,Documentary,Tamil,India,PG-13,0,89000000,26700000,6.8,9.2,7.5,High
TMDB-13523,Sex Drive,2023,144,Mystery,Tamil,India,PG-13,0,120000000,36000000,9.2,6.3,7.5,High
TMDB-25195,Leap Year,2020,87,Comedy,Hindi,India,PG-13,0,93000000,27900000,8.4,6.8,7.4,Medium
TMDB-17277,The Fall of the Roman Empire,2013,109,Mystery,Telugu,India,PG-13,0,110000000,33000000,6.8,8.1,7.1,Medium
TMDB-50725,Take Me Home Tonight,2017,122,Animation,Telugu,India,PG-13,0,18000000,5400000,7.6,8.4,7.6,High
TMDB-82631,Won't Back Down,2000,154,Horror,Hindi,India,PG-13,0,25000000,7500000,7.6,7.4,7.2,Medium
TMDB-73191,The Nutcracker,2007,139,Mystery,Hindi,India,R,0,80000000,24000000,6.8,5.7,6.3,Medium
TMDB-22479,Kansas City,2017,135,Romance,Spanish,France,PG-13,0,66000000,19800000,8.4,6.0,7.1,Medium
TMDB-340611,Indignation,2010,113,Documentary,Telugu,India,PG-13,0,59000000,17700000,6.8,9.0,7.4,Medium
TMDB-10065,The Amityville Horror,2021,169,Mystery,English,USA,R,0,70000000,21000000,6.8,7.2,6.8,Medium
TMDB-2757,Adaptation.,2004,102,Comedy,French,France,PG-13,0,53000000,15900000,9.2,8.0,8.1,High
TMDB-11683,Land of the Dead,2013,86,Drama,Tamil,India,PG-13,0,62000000,18600000,9.8,8.8,8.7,High
TMDB-244339,Out of Inferno,2017,143,Sci-Fi,German,France,R,0,114000000,34200000,7.6,5.7,6.6,Medium
TMDB-1878,Fear and Loathing in Las Vegas,2008,128,Documentary,Korean,France,PG-13,0,9000000,2700000,9.8,8.4,8.5,High
TMDB-23082,The Invention of Lying,2022,98,Documentary,Japanese,France,PG-13,0,119000000,35700000,6.8,7.8,7.0,Medium
TMDB-195589,Neighbors,2006,86,Thriller,Hindi,India,PG-13,0,7000000,2100000,9.8,10.0,9.1,High
TMDB-854,The Mask,2016,135,Action,Japanese,France,PG-13,0,41000000,12300000,9.8,6.9,8.0,High
TMDB-2280,Big,2015,113,Sci-Fi,French,France,PG-13,0,64000000,19200000,9.2,6.8,7.7,High
TMDB-496,Borat: Cultural Learnings of America for Make Benefit Glorious Nation of Kazakhstan,2001,144,Mystery,English,USA,PG-13,0,50000000,15000000,9.8,6.4,7.9,High
TMDB-8835,Legally Blonde,2018,158,Documentary,English,USA,PG-13,0,19000000,5700000,9.8,7.5,8.2,High
TMDB-157,Star Trek III: The Search for Spock,2011,159,Mystery,Tamil,India,PG-13,0,60000000,18000000,8.4,7.2,7.5,High
TMDB-8643,The Exorcism of Emily Rose,2001,168,Sci-Fi,English,USA,PG-13,0,74000000,22200000,9.2,7.3,7.9,High
TMDB-10402,Deuce Bigalow: Male Gigolo,2019,135,Romance,Korean,France,PG-13,0,116000000,34800000,9.2,6.9,7.8,High
TMDB-218043,Left Behind,2012,85,Action,German,France,PG-13,0,61000000,18300000,6.8,8.2,7.1,Medium
TMDB-9043,The Family Stone,2006,123,Documentary,English,USA,R,0,79000000,23700000,7.6,6.2,6.8,Medium
TMDB-21301,Barbershop 2:  Back in Business,2014,152,Comedy,English,USA,PG-13,0,63000000,18900000,8.4,7.4,7.6,High
TMDB-10147,Bad Santa,2022,88,Documentary,Spanish,France,PG-13,0,119000000,35700000,7.6,7.3,7.2,Medium
TMDB-816,Austin Powers: International Man of Mystery,2009,113,Sci-Fi,Telugu,India,PG-13,0,34000000,10200000,9.8,8.2,8.5,High
TMDB-302688,My Big Fat Greek Wedding 2,2007,146,Drama,English,USA,PG-13,0,32000000,9600000,9.8,9.6,9.0,High
TMDB-60307,Diary of a Wimpy Kid: Rodrick Rules,2009,165,Romance,German,France,PG-13,0,106000000,31800000,9.2,7.3,7.9,High
TMDB-106,Predator,2005,152,Animation,Tamil,India,PG-13,0,78000000,23400000,9.8,6.3,7.8,High
TMDB-279,Amadeus,2020,132,Comedy,Japanese,France,PG-13,0,93000000,27900000,8.4,10.0,8.5,High
TMDB-8617,Prom Night,2017,121,Drama,English,USA,PG-13,0,42000000,12600000,7.6,7.8,7.4,Medium
TMDB-10625,Mean Girls,2021,131,Drama,Spanish,France,PG-13,0,22000000,6600000,9.8,9.6,9.0,High
TMDB-10934,Under the Tuscan Sun,2011,159,Mystery,Tamil,India,R,0,60000000,18000000,6.8,7.2,6.8,Medium
TMDB-5279,Gosford Park,2010,122,Comedy,Tamil,India,PG-13,0,83000000,24900000,8.4,8.6,8.0,High
TMDB-10013,Peggy Sue Got Married,2013,103,Sci-Fi,Hindi,India,PG-13,0,14000000,4200000,9.8,7.0,8.1,High
TMDB-194662,Birdman,2008,105,Action,English,USA,PG-13,0,81000000,24300000,9.8,10.0,9.1,High
TMDB-160588,Blue Jasmine,2007,117,Animation,German,France,PG-13,0,8000000,2400000,9.8,6.9,8.0,High
TMDB-9829,United 93,2021,95,Romance,Japanese,France,PG-13,0,46000000,13800000,9.8,7.9,8.4,High
TMDB-10028,Honey,2019,110,Romance,Hindi,India,PG-13,0,116000000,34800000,9.2,7.5,8.0,High
TMDB-10535,Spy Hard,2002,159,Horror,Hindi,India,PG-13,0,75000000,22500000,6.8,9.6,7.6,High
TMDB-790,The Fog,2020,94,Horror,Korean,France,PG-13,0,45000000,13500000,9.8,6.8,8.0,High
TMDB-43959,Soul Surfer,2022,114,Horror,Telugu,India,PG-13,0,95000000,28500000,7.6,6.9,7.0,Medium
TMDB-10364,Catch-22,2018,167,Comedy,Spanish,France,PG-13,0,43000000,12900000,9.8,7.4,8.2,High
TMDB-16991,Observe and Report,2010,98,Documentary,German,France,PG-13,0,59000000,17700000,6.8,7.9,7.0,Medium
TMDB-9610,Conan the Destroyer,2007,128,Sci-Fi,Spanish,France,PG-13,0,104000000,31200000,9.2,6.3,7.5,High
TMDB-1578,Raging Bull,2019,166,Drama,Spanish,France,PG-13,0,92000000,27600000,9.8,10.0,9.1,High
TMDB-25643,Love Happens,2001,89,Mystery,Tamil,India,R,0,50000000,15000000,6.8,6.9,6.7,Medium
TMDB-11904,Young Sherlock Holmes,2019,93,Sci-Fi,German,France,PG-13,0,44000000,13200000,9.8,5.8,7.6,High
TMDB-28665,Fame,2003,140,Romance,Hindi,India,R,0,76000000,22800000,7.6,6.0,6.7,Medium
TMDB-44115,127 Hours,2012,127,Comedy,Hindi,India,PG-13,0,13000000,3900000,9.8,8.5,8.6,High
TMDB-10569,Small Time Crooks,2016,155,Action,Korean,France,PG-13,0,41000000,12300000,9.8,7.5,8.2,High
TMDB-10560,Center Stage,2013,121,Drama,Tamil,India,R,0,62000000,18600000,8.4,5.6,6.9,Medium
TMDB-333348,Love the Coopers,2020,87,Comedy,Telugu,India,PG-13,0,93000000,27900000,7.6,6.8,7.0,Medium
TMDB-20483,Catch That Kid,2005,95,Romance,German,France,PG-13,0,6000000,1800000,7.6,9.1,7.8,High
TMDB-11457,Life as a House,2023,134,Mystery,German,France,PG-13,0,120000000,36000000,9.2,6.1,7.5,High
TMDB-321697,Steve Jobs,2022,94,Horror,Hindi,India,PG-13,0,95000000,28500000,9.8,7.3,8.2,High
TMDB-19840,"I Love You, Beth Cooper",2004,134,Horror,Tamil,India,PG-13,0,5000000,1500000,9.8,7.0,8.1,High
TMDB-22327,Youth in Revolt,2022,145,Action,French,France,PG-13,0,71000000,21300000,9.8,6.9,8.0,High
TMDB-38665,The Legend of the Lone Ranger,2013,115,Romance,English,USA,R,0,86000000,25800000,6.8,6.7,6.6,Medium
TMDB-2575,The Tailor of Panama,2003,113,Sci-Fi,Japanese,France,PG-13,0,4000000,1200000,8.4,6.7,7.3,Medium
TMDB-11644,Blow Out,2011,139,Mystery,Telugu,India,PG-13,0,60000000,18000000,9.8,7.0,8.1,High
TMDB-146227,Getaway,2017,110,Romance,Telugu,India,R,0,66000000,19800000,7.6,6.4,6.9,Medium
TMDB-68924,The Ice Storm,2018,117,Comedy,French,France,PG-13,0,43000000,12900000,9.8,6.9,8.0,High
TMDB-253235,And So It Goes,2002,97,Comedy,English,USA,PG-13,0,3000000,900000,9.8,9.0,8.8,High
TMDB-22102,Troop Beverly Hills,2005,91,Drama,Korean,France,R,0,102000000,30600000,6.8,6.4,6.5,Medium
TMDB-18701,Being Julia,2014,151,Thriller,Tamil,India,R,0,87000000,26100000,6.8,7.2,6.8,Medium
TMDB-10068,Nine 1/2 Weeks,2001,141,Drama,Korean,France,PG-13,0,2000000,600000,9.2,6.2,7.5,High
TMDB-848,Dragonslayer,2019,127,Animation,Tamil,India,R,0,68000000,20400000,6.8,6.8,6.6,Medium
TMDB-36811,The Last Station,2016,129,Horror,Korean,France,PG-13,0,65000000,19500000,8.4,6.2,7.2,Medium
TMDB-522,Ed Wood,2006,121,Thriller,Japanese,France,PG-13,0,7000000,2100000,9.8,10.0,9.1,High
TMDB-130150,Labor Day,2008,162,Comedy,English,USA,PG-13,0,33000000,9900000,9.8,7.3,8.2,High
TMDB-12246,Mongol: The Rise of Genghis Khan,2000,159,Horror,English,USA,PG-13,0,25000000,7500000,7.6,8.2,7.5,High
TMDB-13809,RockNRolla,2001,157,Animation,Spanish,France,PG-13,0,98000000,29400000,9.8,7.0,8.1,High
TMDB-27380,Megaforce,2016,127,Comedy,Korean,France,R,0,113000000,33900000,6.8,6.6,6.6,Medium
TMDB-10549,Hamlet,2002,166,Thriller,French,France,PG-13,0,27000000,8100000,9.8,8.5,8.6,High
TMDB-33870,Mao's Last Dancer,2011,104,Mystery,German,France,PG-13,0,60000000,18000000,9.2,6.6,7.6,High
TMDB-245703,Midnight Special,2019,109,Mystery,English,USA,PG-13,0,20000000,6000000,9.2,9.3,8.6,High
TMDB-10739,Anything Else,2019,89,Mystery,Spanish,France,PG-13,0,20000000,6000000,9.8,7.8,8.3,High
TMDB-127560,The Railway Man,2014,106,Thriller,English,USA,PG-13,0,87000000,26100000,6.8,9.1,7.4,Medium
TMDB-37903,The White Ribbon,2000,102,Comedy,Korean,France,PG-13,0,73000000,21900000,8.4,10.0,8.5,High
TMDB-396152,Restoration,2010,139,Horror,Spanish,France,R,0,35000000,10500000,6.8,5.5,6.2,Medium
TMDB-10017,The Wraith,2005,87,Animation,Spanish,France,R,0,78000000,23400000,6.8,6.8,6.6,Medium
TMDB-11468,Salton Sea,2016,86,Thriller,French,France,PG-13,0,17000000,5100000,9.2,7.2,7.9,High
TMDB-193613,Metallica: Through the Never,2002,124,Horror,French,France,PG-13,0,75000000,22500000,8.4,5.8,7.0,Medium
TMDB-17436,The Informers,2011,124,Mystery,Korean,France,PG-13,0,60000000,18000000,7.6,7.8,7.4,Medium
TMDB-43434,Carlos,2007,118,Sci-Fi,Japanese,France,PG-13,0,104000000,31200000,7.6,7.8,7.4,Medium
TMDB-31166,I Come with the Rain,2004,168,Documentary,Korean,France,R,0,29000000,8700000,6.8,5.7,6.3,Medium
TMDB-69848,One Man's Hero,2016,123,Documentary,English,USA,R,0,89000000,26700000,6.8,6.8,6.6,Medium
TMDB-8408,Day of the Dead,2011,90,Romance,Telugu,India,PG-13,0,36000000,10800000,9.8,9.7,9.0,High
TMDB-332411,I Am Wrath,2023,88,Sci-Fi,Japanese,France,PG-13,0,24000000,7200000,9.8,6.4,7.9,High
TMDB-9389,Renaissance,2017,168,Sci-Fi,Japanese,France,R,0,114000000,34200000,6.8,6.8,6.6,Medium
TMDB-9626,Red Sonja,2014,139,Horror,English,USA,PG-13,0,15000000,4500000,9.2,7.0,7.8,High
TMDB-75638,Red Lights,2010,85,Action,French,France,PG-13,0,11000000,3300000,7.6,7.2,7.1,Medium
TMDB-8363,Superbad,2010,158,Documentary,Japanese,France,PG-13,0,59000000,17700000,8.4,10.0,8.5,High
TMDB-15670,Madea Goes to Jail,2023,121,Drama,English,USA,PG-13,0,72000000,21600000,9.8,6.7,8.0,High
TMDB-290555,Wolves,2018,101,Thriller,English,USA,R,0,67000000,20100000,6.8,6.0,6.4,Medium
TMDB-8328,Step Up 2: The Streets,2011,119,Mystery,French,France,PG-13,0,60000000,18000000,9.8,6.6,7.9,High
TMDB-10982,Hoodwinked!,2008,150,Action,Telugu,India,R,0,81000000,24300000,6.8,6.8,6.6,Medium
TMDB-205,Hotel Rwanda,2016,156,Thriller,Tamil,India,PG-13,0,17000000,5100000,6.8,8.4,7.2,Medium
TMDB-1620,Hitman,2007,160,Romance,Tamil,India,R,0,56000000,16800000,7.6,6.3,6.8,Medium
TMDB-175541,Black Nativity,2021,98,Sci-Fi,Telugu,India,PG-13,0,94000000,28200000,8.4,6.1,7.1,Medium
TMDB-241254,The Prince,2006,91,Thriller,Tamil,India,PG-13,0,7000000,2100000,6.8,8.0,7.1,Medium
TMDB-31932,City of Ghosts,2011,144,Mystery,Spanish,France,R,0,60000000,18000000,6.8,6.1,6.4,Medium
TMDB-1933,The Others,2011,146,Drama,Telugu,India,PG-13,0,12000000,3600000,9.2,6.6,7.6,High
TMDB-679,Aliens,2020,88,Documentary,Korean,France,PG-13,0,69000000,20700000,9.8,8.1,8.4,High
TMDB-11113,My Fair Lady,2014,87,Comedy,English,USA,R,0,63000000,18900000,6.8,6.2,6.4,Medium
TMDB-3597,I Know What You Did Last Summer,2008,148,Documentary,Tamil,India,R,0,9000000,2700000,7.6,6.3,6.8,Medium
TMDB-193893,Let's Be Cops,2014,155,Action,Tamil,India,PG-13,0,111000000,33300000,9.2,10.0,8.8,High
TMDB-9675,Sideways,2010,147,Comedy,Telugu,India,PG-13,0,83000000,24900000,9.8,7.2,8.1,High
TMDB-9988,Beerfest,2007,167,Animation,Korean,France,PG-13,0,8000000,2400000,9.2,8.1,8.2,High
TMDB-948,Halloween,2009,158,Sci-Fi,Telugu,India,PG-13,0,34000000,10200000,9.8,8.0,8.4,High
TMDB-21765,Good Boy!,2007,115,Romance,English,USA,R,0,56000000,16800000,6.8,6.4,6.5,Medium
TMDB-146304,The Best Man Holiday,2017,109,Mystery,Spanish,France,PG-13,0,90000000,27000000,9.8,6.4,7.9,High
TMDB-7516,Smokin' Aces,2008,106,Thriller,English,USA,PG-13,0,57000000,17100000,8.4,8.6,8.0,High
TMDB-41439,Saw: The Final Chapter,2007,130,Romance,Hindi,India,R,0,56000000,16800000,7.6,6.2,6.8,Medium
TMDB-2752,40 Days and 40 Nights,2018,130,Action,Telugu,India,PG-13,0,91000000,27300000,8.4,6.4,7.2,Medium
TMDB-9429,A Night at the Roxbury,2012,107,Comedy,Hindi,India,R,0,13000000,3900000,6.8,6.8,6.6,Medium
TMDB-38117,Beastly,2006,160,Action,German,France,PG-13,0,31000000,9300000,7.6,7.5,7.2,Medium
TMDB-9792,The Hills Have Eyes,2002,141,Thriller,French,France,PG-13,0,27000000,8100000,9.2,6.8,7.7,High
TMDB-13778,Dickie Roberts: Former Child Star,2004,86,Thriller,Japanese,France,PG-13,0,77000000,23100000,9.2,10.0,8.8,High
TMDB-228203,"McFarland, USA",2016,110,Action,Hindi,India,PG-13,0,41000000,12300000,8.4,10.0,8.5,High
TMDB-41382,Lottery Ticket,2015,165,Romance,Hindi,India,R,0,16000000,4800000,6.8,7.2,6.8,Medium
TMDB-13960,ATL,2023,91,Drama,Hindi,India,R,0,72000000,21600000,6.8,6.7,6.6,Medium
TMDB-114150,Pitch Perfect,2017,162,Animation,Spanish,France,PG-13,0,18000000,5400000,6.8,10.0,7.8,High
TMDB-26602,Summer Catch,2000,93,Documentary,Korean,France,R,0,49000000,14700000,7.6,6.1,6.8,Medium
TMDB-10223,A Simple Plan,2020,108,Documentary,Korean,France,PG-13,0,69000000,20700000,9.8,6.1,7.7,High
TMDB-16028,They,2007,104,Mystery,Spanish,France,PG-13,0,80000000,24000000,7.6,6.8,7.0,Medium
TMDB-15639,Larry the Cable Guy: Health Inspector,2014,127,Comedy,Telugu,India,R,0,63000000,18900000,6.8,6.1,6.4,Medium
TMDB-16112,The Adventures of Elmo in Grouchland,2020,137,Comedy,Tamil,India,PG-13,0,93000000,27900000,6.8,9.9,7.7,High
TMDB-26390,Brooklyn's Finest,2022,114,Horror,Telugu,India,PG-13,0,95000000,28500000,9.8,7.5,8.2,High
TMDB-27759,55 Days at Peking,2013,147,Animation,German,France,R,0,38000000,11400000,6.8,7.0,6.7,Medium
TMDB-109428,Evil Dead,2009,135,Romance,Tamil,India,R,0,106000000,31800000,6.8,6.7,6.6,Medium
TMDB-23049,My Life in Ruins,2019,93,Sci-Fi,German,France,PG-13,0,44000000,13200000,9.8,6.8,8.0,High
TMDB-9310,American Dreamz,2014,123,Documentary,Korean,France,PG-13,0,39000000,11700000,9.8,10.0,9.1,High
TMDB-11411,Superman IV: The Quest for Peace,2017,114,Mystery,Telugu,India,R,0,90000000,27000000,6.8,7.2,6.8,Medium
TMDB-16988,How She Move,2013,125,Romance,Hindi,India,R,0,86000000,25800000,6.8,6.0,6.4,Medium
TMDB-7304,Running Scared,2020,124,Horror,Telugu,India,PG-13,0,45000000,13500000,7.6,6.8,7.0,Medium
TMDB-24747,Bobby Jones: Stroke of Genius,2012,137,Comedy,Hindi,India,R,0,13000000,3900000,7.6,6.0,6.7,Medium
TMDB-58048,Shanghai Surprise,2001,113,Sci-Fi,English,USA,R,0,74000000,22200000,6.8,6.8,6.6,Medium
TMDB-1491,The Illusionist,2005,142,Animation,English,USA,PG-13,0,78000000,23400000,9.2,9.2,8.6,High
TMDB-2989,Roar,2012,97,Comedy,German,France,R,0,13000000,3900000,6.8,6.1,6.4,Medium
TMDB-10629,Veronica Guerin,2008,152,Comedy,Telugu,India,PG-13,0,33000000,9900000,9.8,8.4,8.5,High
TMDB-255343,Escobar: Paradise Lost,2001,90,Romance,French,France,R,0,26000000,7800000,6.8,6.1,6.4,Medium
TMDB-4723,Southland Tales,2002,108,Documentary,Tamil,India,PG-13,0,99000000,29700000,8.4,10.0,8.5,High
TMDB-10800,Dragon Hunters,2007,164,Mystery,Korean,France,R,0,80000000,24000000,6.8,6.8,6.6,Medium
TMDB-25763,Damnation Alley,2006,117,Comedy,Korean,France,PG-13,0,103000000,30900000,7.6,7.2,7.1,Medium
TMDB-79694,The Apparition,2000,150,Action,German,France,R,0,1000000,300000,6.8,6.3,6.5,Medium
TMDB-4032,My Girl,2007,92,Animation,Korean,France,R,0,8000000,2400000,7.6,6.1,6.8,Medium
TMDB-18615,Fur: An Imaginary Portrait of Diane Arbus,2000,126,Thriller,Korean,France,PG-13,0,97000000,29100000,7.6,6.8,7.0,Medium
TMDB-10673,Wall Street,2020,112,Comedy,Tamil,India,PG-13,0,93000000,27900000,9.8,10.0,9.1,High
TMDB-4584,Sense and Sensibility,2017,111,Drama,English,USA,PG-13,0,42000000,12600000,9.8,7.0,8.1,High
TMDB-2977,Becoming Jane,2003,99,Mystery,Japanese,France,PG-13,0,100000000,30000000,7.6,7.2,7.1,Medium
TMDB-10760,Sydney White,2013,114,Mystery,English,USA,PG-13,0,110000000,33000000,8.4,7.6,7.6,High
TMDB-11093,House of Sand and Fog,2020,90,Action,Telugu,India,R,0,21000000,6300000,7.6,6.1,6.8,Medium
TMDB-207,Dead Poets Society,2020,93,Documentary,Korean,France,PG-13,0,69000000,20700000,9.2,6.8,7.7,High
TMDB-8467,Dumb and Dumber,2001,90,Romance,Spanish,France,PG-13,0,26000000,7800000,9.8,10.0,9.1,High
TMDB-639,When Harry Met Sally...,2012,138,Documentary,Hindi,India,PG-13,0,109000000,32700000,9.8,6.9,8.0,High
TMDB-24226,The Verdict,2006,156,Thriller,Telugu,India,PG-13,0,7000000,2100000,9.8,7.0,8.1,High
TMDB-9285,Road Trip,2005,124,Mystery,Tamil,India,PG-13,0,30000000,9000000,9.8,7.0,8.1,High
TMDB-14709,Varsity Blues,2013,168,Sci-Fi,Hindi,India,PG-13,0,14000000,4200000,9.8,6.7,8.0,High
TMDB-74643,The Artist,2019,125,Romance,English,USA,PG-13,0,116000000,34800000,6.8,10.0,7.8,High
TMDB-13788,The Unborn,2022,153,Documentary,Japanese,France,R,0,119000000,35700000,7.6,6.6,6.9,Medium
TMDB-83666,Moonrise Kingdom,2004,129,Horror,French,France,PG-13,0,5000000,1500000,9.8,6.8,8.0,High
TMDB-10781,The Texas Chainsaw Massacre: The Beginning,2001,137,Animation,French,France,PG-13,0,98000000,29400000,9.8,6.4,7.9,High
TMDB-318850,The Young Messiah,2003,109,Mystery,English,USA,R,0,100000000,30000000,6.8,7.0,6.7,Medium
TMDB-13908,The Master of Disguise,2022,128,Documentary,Telugu,India,R,0,119000000,35700000,6.8,6.9,6.7,Medium
TMDB-39180,See Spot Run,2002,157,Comedy,German,France,PG-13,0,3000000,900000,9.8,6.1,7.7,High
TMDB-16161,Baby Boy,2022,122,Comedy,Spanish,France,PG-13,0,23000000,6900000,9.8,6.3,7.8,High
TMDB-49950,The Roommate,2004,94,Horror,English,USA,R,0,5000000,1500000,6.8,6.8,6.6,Medium
TMDB-10956,Joe Dirt,2001,136,Drama,German,France,PG-13,0,2000000,600000,9.2,7.2,7.9,High
TMDB-9594,Double Impact,2013,118,Sci-Fi,Spanish,France,R,0,14000000,4200000,7.6,6.6,6.9,Medium
TMDB-4638,Hot Fuzz,2012,149,Horror,Korean,France,PG-13,0,85000000,25500000,9.2,10.0,8.8,High
TMDB-13972,The Women,2012,139,Horror,English,USA,R,0,85000000,25500000,6.8,6.3,6.5,Medium
TMDB-5038,Vicky Cristina Barcelona,2022,136,Thriller,Spanish,France,PG-13,0,47000000,14100000,9.8,7.8,8.3,High
TMDB-13491,Arn: The Knight Templar,2014,87,Comedy,English,USA,R,0,63000000,18900000,6.8,7.0,6.7,Medium
TMDB-10571,Boys and Girls,2015,157,Animation,French,France,PG-13,0,88000000,26400000,8.4,10.0,8.5,High
TMDB-10994,White Oleander,2009,116,Drama,French,France,PG-13,0,82000000,24600000,6.8,9.2,7.5,High
TMDB-19994,Jennifer's Body,2004,92,Comedy,English,USA,PG-13,0,53000000,15900000,7.6,7.4,7.2,Medium
TMDB-25166,Drowning Mona,2018,117,Comedy,Spanish,France,R,0,43000000,12900000,6.8,7.0,6.7,Medium
TMDB-30890,Radio Days,2006,92,Comedy,Hindi,India,PG-13,0,103000000,30900000,9.8,7.8,8.3,High
TMDB-23169,Remember Me,2001,123,Sci-Fi,Korean,France,R,0,74000000,22200000,6.8,7.0,6.7,Medium
TMDB-17403,How to Deal,2021,154,Mystery,English,USA,PG-13,0,70000000,21000000,7.6,6.7,7.0,Medium
TMDB-12120,My Stepmother is an Alien,2001,148,Sci-Fi,German,France,PG-13,0,74000000,22200000,8.4,6.3,7.2,Medium
TMDB-9800,Philadelphia,2009,96,Drama,German,France,PG-13,0,82000000,24600000,9.8,10.0,9.1,High
TMDB-1090,The Thirteenth Floor,2005,137,Animation,French,France,PG-13,0,78000000,23400000,6.8,8.7,7.3,Medium
TMDB-18475,The Cookout,2023,157,Animation,French,France,R,0,48000000,14400000,6.8,5.7,6.3,Medium
TMDB-40160,Meteor,2022,147,Comedy,German,France,R,0,23000000,6900000,6.8,7.6,6.9,Medium
TMDB-18074,Duets,2012,115,Action,German,France,R,0,61000000,18300000,6.8,5.7,6.3,Medium
TMDB-9689,Hollywood Ending,2022,152,Comedy,Tamil,India,PG-13,0,23000000,6900000,9.8,7.8,8.3,High
TMDB-9781,Detroit Rock City,2000,119,Horror,German,France,PG-13,0,25000000,7500000,7.6,7.9,7.4,Medium
TMDB-8009,Highlander,2012,113,Documentary,Japanese,France,PG-13,0,109000000,32700000,9.2,6.9,7.8,High
TMDB-3877,Things We Lost in the Fire,2016,156,Thriller,Japanese,France,R,0,17000000,5100000,6.8,6.2,6.4,Medium
TMDB-8854,Steel,2019,144,Mystery,Spanish,France,PG-13,0,20000000,6000000,6.8,8.6,7.3,Medium
TMDB-152599,The Immigrant,2008,158,Documentary,Telugu,India,PG-13,0,9000000,2700000,9.2,6.1,7.5,High
TMDB-18840,The White Countess,2023,85,Romance,Telugu,India,PG-13,0,96000000,28800000,9.8,7.4,8.2,High
TMDB-68727,Trance,2002,90,Action,Korean,France,PG-13,0,51000000,15300000,9.8,6.8,8.0,High
TMDB-12657,Soul Plane,2002,106,Thriller,Tamil,India,PG-13,0,27000000,8100000,6.8,9.0,7.4,Medium
TMDB-8265,Welcome to the Sticks,2018,151,Thriller,German,France,R,0,67000000,20100000,6.8,6.8,6.6,Medium
TMDB-12410,Good,2012,94,Horror,Hindi,India,R,0,85000000,25500000,6.8,5.6,6.2,Medium
TMDB-34647,Enter the Void,2015,125,Romance,Japanese,France,R,0,16000000,4800000,7.6,6.0,6.7,Medium
TMDB-73935,Vamps,2023,92,Animation,English,USA,PG-13,0,48000000,14400000,9.2,7.4,7.9,High
TMDB-28178,Hachi: A Dog's Tale,2000,99,Horror,Hindi,India,PG-13,0,25000000,7500000,9.8,7.2,8.1,High
TMDB-185567,Zulu,2018,92,Comedy,Hindi,India,R,0,43000000,12900000,6.8,7.2,6.8,Medium
TMDB-264656,The Homesman,2000,145,Action,German,France,PG-13,0,1000000,300000,7.6,7.6,7.3,Medium
TMDB-35696,Juwanna Mann,2009,136,Drama,German,France,R,0,82000000,24600000,6.8,6.9,6.7,Medium
TMDB-16351,Ararat,2000,95,Action,Japanese,France,PG-13,0,1000000,300000,9.8,6.6,7.9,High
TMDB-38717,Madison,2013,158,Sci-Fi,English,USA,R,0,14000000,4200000,6.8,6.6,6.6,Medium
TMDB-18777,Slow Burn,2014,137,Comedy,Japanese,France,R,0,63000000,18900000,6.8,5.6,6.2,Medium
TMDB-2110,Wasabi,2007,167,Animation,Tamil,India,PG-13,0,8000000,2400000,6.8,8.5,7.2,Medium
TMDB-9035,Slither,2002,92,Comedy,Spanish,France,PG-13,0,3000000,900000,8.4,6.7,7.3,Medium
TMDB-90,Beverly Hills Cop,2010,104,Horror,Japanese,France,PG-13,0,35000000,10500000,9.2,7.2,7.9,High
TMDB-771,Home Alone,2010,158,Documentary,Tamil,India,PG-13,0,59000000,17700000,9.8,8.7,8.7,High
TMDB-12154,Three Men and a Baby,2012,108,Documentary,Hindi,India,PG-13,0,109000000,32700000,8.4,6.0,7.1,Medium
TMDB-9576,Tootsie,2004,131,Thriller,English,USA,PG-13,0,77000000,23100000,9.8,10.0,9.1,High
TMDB-744,Top Gun,2013,158,Sci-Fi,Telugu,India,PG-13,0,14000000,4200000,9.8,6.8,8.0,High
TMDB-146,"Crouching Tiger, Hidden Dragon",2023,113,Sci-Fi,Hindi,India,PG-13,0,24000000,7200000,9.8,6.4,7.9,High
TMDB-14,American Beauty,2010,96,Thriller,French,France,PG-13,0,107000000,32100000,9.8,9.8,9.0,High
TMDB-45269,The King's Speech,2006,153,Documentary,Hindi,India,PG-13,0,79000000,23700000,8.4,9.8,8.4,High
TMDB-9493,Twins,2016,114,Horror,French,France,PG-13,0,65000000,19500000,9.8,10.0,9.1,High
TMDB-22556,The Yellow Handkerchief,2020,142,Comedy,Japanese,France,R,0,93000000,27900000,6.8,5.6,6.2,Medium
TMDB-873,The Color Purple,2010,129,Horror,Japanese,France,PG-13,0,35000000,10500000,9.8,7.5,8.2,High
TMDB-33196,Tidal Wave,2002,114,Horror,German,France,R,0,75000000,22500000,6.8,6.6,6.6,Medium
TMDB-205596,The Imitation Game,2021,100,Romance,English,USA,PG-13,0,46000000,13800000,7.6,10.0,8.1,High
TMDB-10765,Private Benjamin,2007,164,Mystery,Tamil,India,R,0,80000000,24000000,7.6,6.0,6.7,Medium
TMDB-16769,Coal Miner's Daughter,2013,144,Mystery,Telugu,India,PG-13,0,110000000,33000000,9.8,7.5,8.2,High
TMDB-33217,Diary of a Wimpy Kid,2004,138,Documentary,Korean,France,PG-13,0,29000000,8700000,8.4,9.6,8.3,High
TMDB-132232,Mama,2009,158,Sci-Fi,Telugu,India,R,0,34000000,10200000,6.8,5.8,6.3,Medium
TMDB-11153,National Lampoon's Vacation,2005,103,Sci-Fi,Korean,France,PG-13,0,54000000,16200000,9.8,7.9,8.4,High
TMDB-208134,Bad Grandpa,2021,99,Mystery,French,France,PG-13,0,70000000,21000000,9.2,6.1,7.5,High
TMDB-1165,The Queen,2020,107,Comedy,German,France,PG-13,0,93000000,27900000,9.8,8.5,8.6,High
TMDB-4011,Beetlejuice,2003,163,Sci-Fi,German,France,PG-13,0,4000000,1200000,9.8,8.4,8.5,High
TMDB-17202,Why Did I Get Married?,2011,128,Sci-Fi,German,France,PG-13,0,84000000,25200000,9.8,6.1,7.7,High
TMDB-9587,Little Women,2020,126,Thriller,Tamil,India,R,0,117000000,35100000,7.6,6.2,6.8,Medium
TMDB-65086,The Woman in Black,2000,166,Thriller,Spanish,France,PG-13,0,97000000,29100000,7.6,8.1,7.5,High
TMDB-10053,When a Stranger Calls,2001,119,Mystery,Telugu,India,PG-13,0,50000000,15000000,9.8,7.4,8.2,High
TMDB-11870,Big Fat Liar,2020,149,Horror,Japanese,France,PG-13,0,45000000,13500000,9.8,7.3,8.2,High
TMDB-11778,The Deer Hunter,2015,115,Romance,Telugu,India,PG-13,0,16000000,4800000,7.6,10.0,8.1,High
TMDB-586,Wag the Dog,2020,157,Comedy,Spanish,France,PG-13,0,93000000,27900000,9.8,6.9,8.0,High
TMDB-18736,The Lizzie McGuire Movie,2008,101,Thriller,Japanese,France,PG-13,0,57000000,17100000,6.8,7.9,7.0,Medium
TMDB-134411,Snitch,2005,113,Sci-Fi,Japanese,France,R,0,54000000,16200000,6.8,7.6,6.9,Medium
TMDB-287903,Krampus,2014,162,Comedy,French,France,R,0,63000000,18900000,6.8,7.5,6.9,Medium
TMDB-9276,The Faculty,2020,164,Horror,Japanese,France,PG-13,0,45000000,13500000,9.8,9.0,8.8,High
TMDB-15765,What's Love Got to Do with It,2008,160,Action,French,France,R,0,81000000,24300000,7.6,6.3,6.8,Medium
TMDB-2142,Cop Land,2005,151,Drama,Spanish,France,PG-13,0,102000000,30600000,9.8,7.5,8.2,High
TMDB-11397,Not Another Teen Movie,2023,115,Romance,Telugu,India,PG-13,0,96000000,28800000,6.8,10.0,7.8,High
TMDB-77016,End of Watch,2009,87,Animation,German,France,PG-13,0,58000000,17400000,9.8,8.4,8.5,High
TMDB-11478,The Skulls,2000,90,Action,Japanese,France,PG-13,0,1000000,300000,9.8,7.0,8.1,High
TMDB-266856,The Theory of Everything,2022,97,Comedy,Japanese,France,PG-13,0,23000000,6900000,7.6,10.0,8.1,High
TMDB-13411,Malibu's Most Wanted,2013,110,Romance,Hindi,India,PG-13,0,86000000,25800000,9.8,6.9,8.0,High
TMDB-10564,Where the Heart Is,2017,94,Mystery,French,France,PG-13,0,90000000,27000000,6.8,10.0,7.8,High
TMDB-947,Lawrence of Arabia,2002,161,Thriller,Spanish,France,PG-13,0,27000000,8100000,9.2,10.0,8.8,High
TMDB-24150,Halloween II,2011,97,Animation,Hindi,India,PG-13,0,108000000,32400000,9.2,9.7,8.7,High
TMDB-228970,Wild,2013,115,Romance,Japanese,France,PG-13,0,86000000,25800000,8.4,10.0,8.5,High
TMDB-18405,The Last House on the Left,2002,123,Documentary,Spanish,France,R,0,99000000,29700000,6.8,6.3,6.5,Medium
TMDB-6961,The Wedding Date,2021,136,Drama,Hindi,India,R,0,22000000,6600000,7.6,6.2,6.8,Medium
TMDB-11442,Halloween: Resurrection,2002,87,Comedy,Telugu,India,PG-13,0,3000000,900000,6.8,8.6,7.3,Medium
TMDB-2493,The Princess Bride,2012,149,Horror,Spanish,France,PG-13,0,85000000,25500000,9.8,8.2,8.5,High
TMDB-14047,The Great Debaters,2010,120,Action,Hindi,India,PG-13,0,11000000,3300000,7.6,10.0,8.1,High
TMDB-64690,Drive,2019,127,Animation,German,France,PG-13,0,68000000,20400000,9.2,8.0,8.1,High
TMDB-11132,Confessions of a Teenage Drama Queen,2001,100,Romance,English,USA,R,0,26000000,7800000,6.8,6.0,6.4,Medium
TMDB-17127,The Object of My Affection,2000,126,Thriller,German,France,PG-13,0,97000000,29100000,8.4,6.8,7.4,Medium
TMDB-1562,28 Weeks Later,2014,111,Thriller,Spanish,France,PG-13,0,87000000,26100000,6.8,10.0,7.8,High
TMDB-232679,When the Game Stands Tall,2015,108,Sci-Fi,Japanese,France,PG-13,0,64000000,19200000,8.4,10.0,8.5,High
TMDB-17880,Because of Winn-Dixie,2021,130,Romance,German,France,PG-13,0,46000000,13800000,9.8,6.8,8.0,High
TMDB-14736,Love & Basketball,2015,120,Romance,Spanish,France,PG-13,0,16000000,4800000,8.4,7.4,7.6,High
TMDB-9434,Grosse Pointe Blank,2009,87,Animation,English,USA,PG-13,0,58000000,17400000,7.6,7.2,7.1,Medium
TMDB-23706,All About Steve,2006,132,Comedy,Telugu,India,R,0,103000000,30900000,6.8,7.2,6.8,Medium
TMDB-11531,Book of Shadows: Blair Witch 2,2014,91,Thriller,Korean,France,R,0,87000000,26100000,6.8,5.6,6.2,Medium
TMDB-9100,The Craft,2014,117,Comedy,Spanish,France,PG-13,0,63000000,18900000,9.2,6.8,7.7,High
TMDB-116,Match Point,2002,154,Horror,Tamil,India,PG-13,0,75000000,22500000,9.8,8.6,8.6,High
TMDB-38843,Ramona and Beezus,2014,90,Action,Korean,France,PG-13,0,111000000,33300000,7.6,6.8,7.0,Medium
TMDB-1245,The Remains of the Day,2002,93,Documentary,Japanese,France,PG-13,0,99000000,29700000,9.8,9.0,8.8,High
TMDB-4995,Boogie Nights,2014,86,Thriller,Korean,France,PG-13,0,87000000,26100000,9.8,10.0,9.1,High
TMDB-10413,Nowhere to Run,2011,131,Drama,Japanese,France,R,0,12000000,3600000,7.6,6.3,6.8,Medium
TMDB-14012,Flicka,2000,88,Documentary,Spanish,France,R,0,49000000,14700000,7.6,6.0,6.7,Medium
TMDB-9793,The Hills Have Eyes 2,2014,143,Documentary,Korean,France,R,0,39000000,11700000,6.8,6.8,6.6,Medium
TMDB-12212,Urban Legends: Final Cut,2020,115,Action,Japanese,France,R,0,21000000,6300000,6.8,7.3,6.8,Medium
TMDB-13768,Tuck Everlasting,2004,110,Action,Tamil,India,PG-13,0,101000000,30300000,8.4,6.0,7.1,Medium
TMDB-8975,The Marine,2001,104,Mystery,Hindi,India,R,0,50000000,15000000,6.8,6.2,6.4,Medium
TMDB-342521,Keanu,2021,138,Sci-Fi,French,France,PG-13,0,94000000,28200000,6.8,8.5,7.2,Medium
TMDB-45272,Country Strong,2018,156,Thriller,German,France,PG-13,0,67000000,20100000,8.4,5.8,7.0,Medium
TMDB-9424,Disturbing Behavior,2000,133,Documentary,Hindi,India,R,0,49000000,14700000,6.8,6.8,6.6,Medium
TMDB-97367,The Place Beyond the Pines,2004,104,Horror,Tamil,India,PG-13,0,5000000,1500000,7.6,9.0,7.8,High
TMDB-254904,The November Man,2010,166,Thriller,Japanese,France,PG-13,0,107000000,32100000,9.8,9.6,9.0,High
TMDB-18681,Eye of the Beholder,2009,123,Sci-Fi,English,USA,PG-13,0,34000000,10200000,7.6,8.0,7.4,Medium
TMDB-12162,The Hurt Locker,2021,99,Mystery,French,France,PG-13,0,70000000,21000000,8.4,6.3,7.2,Medium
TMDB-11495,Firestarter,2017,150,Romance,Tamil,India,PG-13,0,66000000,19800000,9.2,6.8,7.7,High
TMDB-64689,Killing Them Softly,2022,96,Thriller,Telugu,India,PG-13,0,47000000,14100000,7.6,7.4,7.2,Medium
TMDB-157849,A Most Wanted Man,2006,150,Action,Hindi,India,PG-13,0,31000000,9300000,8.4,8.4,7.9,High
TMDB-13166,Freddy Got Fingered,2000,113,Documentary,German,France,PG-13,0,49000000,14700000,6.8,10.0,7.8,High
TMDB-15511,VeggieTales: The Pirates Who Don't Do Anything,2012,136,Thriller,Korean,France,R,0,37000000,11100000,6.8,6.8,6.6,Medium
TMDB-37003,U2 3D,2005,167,Animation,English,USA,R,0,78000000,23400000,8.4,5.5,6.9,Medium
TMDB-12211,Highlander: Endgame,2011,103,Sci-Fi,German,France,R,0,84000000,25200000,7.6,5.7,6.6,Medium
TMDB-13816,Idlewild,2004,152,Comedy,Japanese,France,PG-13,0,53000000,15900000,6.8,8.0,7.1,Medium
TMDB-51828,One Day,2004,146,Thriller,Japanese,France,PG-13,0,77000000,23100000,7.6,8.7,7.7,High
TMDB-22798,Whip It,2002,166,Thriller,English,USA,R,0,27000000,8100000,6.8,7.4,6.9,Medium
TMDB-7501,Knockaround Guys,2001,156,Drama,French,France,PG-13,0,2000000,600000,7.6,8.8,7.7,High
TMDB-10743,Confidence,2020,153,Documentary,Japanese,France,PG-13,0,69000000,20700000,8.4,7.5,7.6,High
TMDB-37718,The Muse,2004,91,Thriller,Telugu,India,R,0,77000000,23100000,6.8,6.6,6.6,Medium
TMDB-15237,De-Lovely,2012,149,Horror,Hindi,India,PG-13,0,85000000,25500000,9.2,7.5,8.0,High
TMDB-9686,New York Stories,2016,149,Horror,Telugu,India,PG-13,0,65000000,19500000,9.8,7.6,8.3,High
TMDB-17644,Barney's Great Adventure,2002,157,Comedy,Japanese,France,R,0,3000000,900000,6.8,5.0,6.0,Medium
TMDB-97430,The Man with the Iron Fists,2022,151,Thriller,Korean,France,R,0,47000000,14100000,6.8,7.5,6.9,Medium
TMDB-12257,Home Fries,2013,111,Drama,Japanese,France,PG-13,0,62000000,18600000,9.2,6.0,7.4,Medium
TMDB-13539,Here On Earth,2016,96,Thriller,German,France,R,0,17000000,5100000,6.8,6.0,6.4,Medium
TMDB-68,Brazil,2011,167,Animation,Hindi,India,PG-13,0,108000000,32400000,9.8,7.6,8.3,High
TMDB-14024,Raise Your Voice,2004,151,Thriller,Japanese,France,R,0,77000000,23100000,7.6,6.4,6.9,Medium
TMDB-115,The Big Lebowski,2014,168,Documentary,French,France,PG-13,0,39000000,11700000,9.8,9.9,9.1,High
TMDB-7874,Black Snake Moan,2009,93,Sci-Fi,Japanese,France,PG-13,0,34000000,10200000,7.6,6.8,7.0,Medium
TMDB-4911,Dark Blue,2014,89,Horror,Korean,France,PG-13,0,15000000,4500000,9.2,7.0,7.8,High
TMDB-1988,A Mighty Heart,2011,150,Romance,Korean,France,PG-13,0,36000000,10800000,9.8,6.8,8.0,High
TMDB-16222,Whatever It Takes,2022,108,Documentary,Japanese,France,PG-13,0,119000000,35700000,7.6,7.4,7.2,Medium
TMDB-9557,Boat Trip,2012,139,Horror,Spanish,France,R,0,85000000,25500000,6.8,6.6,6.6,Medium
TMDB-9026,The Importance of Being Earnest,2016,112,Comedy,Telugu,India,PG-13,0,113000000,33900000,8.4,6.3,7.2,Medium
TMDB-57943,The Love Letter,2014,100,Action,English,USA,R,0,111000000,33300000,6.8,5.5,6.2,Medium
TMDB-18276,Hoot,2018,140,Action,Telugu,India,R,0,91000000,27300000,6.8,6.2,6.4,Medium
TMDB-8321,In Bruges,2000,110,Action,Hindi,India,PG-13,0,1000000,300000,7.6,7.9,7.4,Medium
TMDB-72359,Peeples,2012,89,Horror,Japanese,France,R,0,85000000,25500000,6.8,6.2,6.4,Medium
TMDB-10186,The Rocker,2023,146,Drama,Hindi,India,PG-13,0,72000000,21600000,9.2,7.6,8.0,High
TMDB-25704,Post Grad,2021,127,Animation,English,USA,PG-13,0,118000000,35400000,7.6,8.7,7.7,High
TMDB-133694,Promised Land,2023,159,Mystery,French,France,PG-13,0,120000000,36000000,9.8,6.8,8.0,High
TMDB-19265,Whatever Works,2006,157,Comedy,Japanese,France,PG-13,0,103000000,30900000,9.8,7.4,8.2,High
TMDB-36047,The In Crowd,2016,105,Action,English,USA,R,0,41000000,12300000,7.6,6.3,6.8,Medium
TMDB-8053,The Three Burials of Melquiades Estrada,2001,128,Sci-Fi,Korean,France,PG-13,0,74000000,22200000,7.6,6.9,7.0,Medium
TMDB-2290,Jakob the Liar,2022,113,Documentary,Spanish,France,R,0,119000000,35700000,6.8,6.4,6.5,Medium
TMDB-5236,Kiss Kiss Bang Bang,2000,166,Thriller,Japanese,France,PG-13,0,97000000,29100000,7.6,7.6,7.3,Medium
TMDB-6552,Idle Hands,2006,130,Action,German,France,PG-13,0,31000000,9300000,6.8,8.0,7.1,Medium
TMDB-1018,Mulholland Drive,2016,163,Documentary,French,France,PG-13,0,89000000,26700000,9.8,10.0,9.1,High
TMDB-10075,Blood and Chocolate,2021,160,Romance,English,USA,R,0,46000000,13800000,6.8,7.4,6.9,Medium
TMDB-38031,You Will Meet a Tall Dark Stranger,2003,111,Drama,Telugu,India,PG-13,0,52000000,15600000,9.8,8.5,8.6,High
TMDB-42188,Never Let Me Go,2011,90,Romance,Korean,France,PG-13,0,36000000,10800000,7.6,7.9,7.4,Medium
TMDB-112430,The Company,2013,136,Drama,Japanese,France,R,0,62000000,18600000,7.6,6.2,6.8,Medium
TMDB-6687,Transsiberian,2008,124,Horror,Hindi,India,PG-13,0,105000000,31500000,9.8,6.9,8.0,High
TMDB-13853,The Clan of the Cave Bear,2022,140,Action,German,France,R,0,71000000,21300000,6.8,6.1,6.4,Medium
TMDB-31306,Crazy in Alabama,2012,160,Action,Hindi,India,R,0,61000000,18300000,6.8,6.7,6.6,Medium
TMDB-8461,Funny Games,2012,118,Documentary,Japanese,France,PG-13,0,109000000,32700000,8.4,6.2,7.2,Medium
TMDB-331592,Listening,2014,168,Documentary,Tamil,India,R,0,39000000,11700000,6.8,5.7,6.3,Medium
TMDB-47692,Felicia's Journey,2006,121,Thriller,English,USA,PG-13,0,7000000,2100000,9.8,8.0,8.4,High
TMDB-19,Metropolis,2012,86,Thriller,English,USA,R,0,37000000,11100000,6.8,7.5,6.9,Medium
TMDB-10045,District B13,2015,145,Romance,German,France,PG-13,0,16000000,4800000,9.2,8.0,8.1,High
TMDB-400,Things to Do in Denver When You're Dead,2011,86,Drama,English,USA,PG-13,0,12000000,3600000,9.8,6.7,8.0,High
TMDB-253450,The Assassin,2023,131,Drama,Telugu,India,R,0,72000000,21600000,6.8,6.9,6.7,Medium
TMDB-9104,Buffalo Soldiers,2018,123,Documentary,German,France,PG-13,0,19000000,5700000,7.6,6.9,7.0,Medium
TMDB-11190,The Return,2008,114,Horror,Korean,France,R,0,105000000,31500000,6.8,6.2,6.4,Medium
TMDB-16353,Ong Bak 2,2011,162,Animation,Telugu,India,R,0,108000000,32400000,6.8,5.5,6.2,Medium
TMDB-23759,Centurion,2011,160,Romance,Korean,France,PG-13,0,36000000,10800000,8.4,7.6,7.6,High
TMDB-24206,Silent Trigger,2016,88,Documentary,French,France,PG-13,0,89000000,26700000,9.2,5.5,7.3,Medium
TMDB-10185,The Midnight Meat Train,2021,115,Romance,Telugu,India,R,0,46000000,13800000,6.8,6.3,6.5,Medium
TMDB-75033,Winnie Mandela,2018,101,Thriller,English,USA,R,0,67000000,20100000,6.8,6.2,6.4,Medium
TMDB-74536,The Son of No One,2011,89,Mystery,Tamil,India,R,0,60000000,18000000,6.8,7.3,6.8,Medium
TMDB-31668,All The Queen's Men,2006,143,Documentary,Korean,France,PG-13,0,79000000,23700000,8.4,6.1,7.1,Medium
TMDB-13501,The Good Night,2018,91,Thriller,Japanese,France,R,0,67000000,20100000,6.8,6.2,6.4,Medium
TMDB-15208,Bathory: Countess of Blood,2021,104,Mystery,English,USA,PG-13,0,70000000,21000000,6.8,10.0,7.8,High
TMDB-172391,Khumba,2007,133,Sci-Fi,Hindi,India,R,0,104000000,31200000,6.8,7.6,6.9,Medium
TMDB-262543,Automata,2000,89,Horror,English,USA,R,0,25000000,7500000,6.8,7.5,6.9,Medium
TMDB-9288,Dungeons & Dragons: Wrath of the Dragon God,2003,128,Sci-Fi,Korean,France,R,0,4000000,1200000,6.8,5.8,6.3,Medium
TMDB-370980,Chiamatemi Francesco - Il Papa della gente,2012,110,Action,Telugu,India,R,0,61000000,18300000,6.8,6.3,6.5,Medium
TMDB-20083,Shinjuku Incident,2007,158,Sci-Fi,Tamil,India,R,0,104000000,31200000,6.8,6.8,6.6,Medium
TMDB-40880,Pandaemonium,2014,86,Thriller,Tamil,India,PG-13,0,87000000,26100000,6.8,8.5,7.2,Medium
TMDB-137,Groundhog Day,2014,121,Thriller,French,France,PG-13,0,87000000,26100000,9.8,8.6,8.6,High
TMDB-264999,Magic Mike XXL,2020,86,Thriller,Tamil,India,PG-13,0,117000000,35100000,6.8,10.0,7.8,High
TMDB-454,Romeo + Juliet,2021,142,Animation,German,France,PG-13,0,118000000,35400000,9.2,6.8,7.7,High
TMDB-53457,Sarah's Key,2001,142,Animation,Tamil,India,R,0,98000000,29400000,6.8,6.6,6.6,Medium
TMDB-288980,Freedom,2010,139,Horror,Spanish,France,R,0,35000000,10500000,6.8,6.6,6.6,Medium
TMDB-33,Unforgiven,2009,150,Romance,German,France,PG-13,0,106000000,31800000,9.8,9.0,8.8,High
TMDB-1951,Manderlay,2018,151,Thriller,Spanish,France,PG-13,0,67000000,20100000,8.4,6.4,7.2,Medium
TMDB-12405,Slumdog Millionaire,2023,161,Drama,Korean,France,PG-13,0,72000000,21600000,9.8,6.8,8.0,High
TMDB-10998,Fatal Attraction,2011,115,Romance,Tamil,India,PG-13,0,36000000,10800000,9.2,6.7,7.7,High
TMDB-114,Pretty Woman,2015,109,Mystery,Japanese,France,PG-13,0,40000000,12000000,9.8,7.0,8.1,High
TMDB-9396,Crocodile Dundee II,2007,95,Romance,German,France,R,0,56000000,16800000,6.8,6.2,6.4,Medium
TMDB-319910,Broken Horses,2016,85,Action,Korean,France,PG-13,0,41000000,12300000,6.8,7.9,7.0,Medium
TMDB-2604,Born on the Fourth of July,2006,145,Action,Korean,France,PG-13,0,31000000,9300000,9.8,10.0,9.1,High
TMDB-864,Cool Runnings,2016,105,Action,German,France,PG-13,0,41000000,12300000,9.8,6.8,8.0,High
TMDB-14435,My Bloody Valentine,2015,140,Romance,Japanese,France,PG-13,0,16000000,4800000,9.2,6.9,7.8,High
TMDB-1931,Stomp the Yard,2009,132,Animation,German,France,R,0,58000000,17400000,7.6,6.4,6.9,Medium
TMDB-691,The Spy Who Loved Me,2021,127,Animation,French,France,PG-13,0,118000000,35400000,8.4,8.5,8.0,High
TMDB-9877,Urban Legend,2006,142,Comedy,English,USA,PG-13,0,103000000,30900000,7.6,8.1,7.5,High
TMDB-62008,Good Deeds,2001,143,Sci-Fi,Japanese,France,PG-13,0,74000000,22200000,9.8,6.2,7.8,High
TMDB-12227,White Fang,2005,103,Sci-Fi,Korean,France,PG-13,0,54000000,16200000,8.4,6.4,7.2,Medium
TMDB-13824,Superstar,2023,135,Romance,French,France,PG-13,0,96000000,28800000,7.6,8.7,7.7,High
TMDB-71688,The Iron Lady,2002,98,Documentary,French,France,PG-13,0,99000000,29700000,7.6,8.7,7.7,High
TMDB-15173,Jonah: A VeggieTales Movie,2005,104,Mystery,Japanese,France,R,0,30000000,9000000,6.8,6.8,6.6,Medium
TMDB-8291,Poetic Justice,2021,123,Sci-Fi,Spanish,France,PG-13,0,94000000,28200000,9.8,8.4,8.5,High
TMDB-13950,All About the Benjamins,2016,117,Comedy,Telugu,India,R,0,113000000,33900000,7.6,5.8,6.6,Medium
TMDB-12158,Vampire in Brooklyn,2021,85,Romance,French,France,PG-13,0,46000000,13800000,9.8,6.1,7.7,High
TMDB-11586,Exorcist II: The Heretic,2023,130,Romance,Telugu,India,PG-13,0,96000000,28800000,8.4,7.9,7.7,High
TMDB-10008,An American Haunting,2004,149,Horror,German,France,PG-13,0,5000000,1500000,7.6,7.3,7.2,Medium
TMDB-2830,My Boss's Daughter,2017,88,Sci-Fi,Korean,France,PG-13,0,114000000,34200000,9.8,6.3,7.8,High
TMDB-12403,A Perfect Getaway,2009,134,Mystery,Hindi,India,PG-13,0,10000000,3000000,9.2,6.4,7.6,High
TMDB-34563,Our Family Wedding,2010,96,Thriller,Japanese,France,PG-13,0,107000000,32100000,9.2,8.2,8.2,High
TMDB-14557,Dead Man on Campus,2011,105,Romance,Japanese,France,R,0,36000000,10800000,6.8,6.8,6.6,Medium
TMDB-10368,Tea with Mussolini,2012,126,Thriller,English,USA,R,0,37000000,11100000,6.8,6.9,6.7,Medium
TMDB-10280,Thinner,2022,115,Action,English,USA,R,0,71000000,21300000,7.6,6.2,6.8,Medium
TMDB-12637,"New York, New York",2010,147,Comedy,German,France,PG-13,0,83000000,24900000,9.8,6.1,7.7,High
TMDB-34152,Crooklyn,2001,159,Mystery,English,USA,PG-13,0,50000000,15000000,9.8,6.9,8.0,High
TMDB-14434,I Think I Love My Wife,2017,97,Animation,Hindi,India,PG-13,0,18000000,5400000,8.4,6.2,7.2,Medium
TMDB-11470,Jason X,2009,131,Drama,Tamil,India,R,0,82000000,24600000,6.8,6.3,6.5,Medium
TMDB-10741,Bobby,2008,144,Horror,Telugu,India,R,0,105000000,31500000,6.8,7.3,6.8,Medium
TMDB-24940,Head Over Heels,2012,121,Thriller,French,France,PG-13,0,37000000,11100000,9.8,7.4,8.2,High
TMDB-82679,Fun Size,2021,86,Drama,Japanese,France,R,0,22000000,6600000,6.8,6.6,6.6,Medium
TMDB-2013,The Diving Bell and the Butterfly,2002,157,Comedy,Telugu,India,PG-13,0,3000000,900000,7.6,7.8,7.4,Medium
TMDB-1440,Little Children,2002,114,Horror,Korean,France,PG-13,0,75000000,22500000,7.6,7.9,7.4,Medium
TMDB-18041,Gossip,2013,113,Sci-Fi,English,USA,PG-13,0,14000000,4200000,8.4,6.1,7.1,Medium
TMDB-28029,A Walk on the Moon,2011,136,Drama,German,France,PG-13,0,12000000,3600000,7.6,6.9,7.0,Medium
TMDB-1123,Catch a Fire,2023,86,Drama,English,USA,PG-13,0,72000000,21600000,9.8,6.6,7.9,High
TMDB-14033,Soul Survivors,2010,169,Horror,English,USA,R,0,35000000,10500000,6.8,7.3,6.8,Medium
TMDB-87729,Jefferson in Paris,2007,162,Animation,Korean,France,PG-13,0,8000000,2400000,9.8,6.7,8.0,High
TMDB-16899,Easy Virtue,2002,117,Comedy,German,France,PG-13,0,3000000,900000,7.6,6.7,7.0,Medium
TMDB-41317,Caravans,2015,102,Animation,French,France,R,0,88000000,26400000,6.8,6.1,6.4,Medium
TMDB-245700,Mr. Turner,2005,123,Sci-Fi,Telugu,India,PG-13,0,54000000,16200000,9.8,10.0,9.1,High
TMDB-37842,Wild Grass,2002,145,Action,Spanish,France,R,0,51000000,15300000,6.8,6.6,6.6,Medium
TMDB-9045,Amen.,2003,141,Drama,French,France,PG-13,0,52000000,15600000,7.6,7.3,7.2,Medium
TMDB-44092,Reign of Assassins,2010,129,Horror,English,USA,PG-13,0,35000000,10500000,9.8,7.0,8.1,High
TMDB-16005,The Lucky Ones,2000,162,Comedy,Spanish,France,PG-13,0,73000000,21900000,9.2,6.4,7.6,High
TMDB-44754,Margaret,2023,161,Drama,Korean,France,PG-13,0,72000000,21600000,7.6,7.6,7.3,Medium
TMDB-23988,Stan Helsing,2000,123,Documentary,English,USA,PG-13,0,49000000,14700000,6.8,8.2,7.1,Medium
TMDB-43949,Flipped,2015,101,Drama,Hindi,India,PG-13,0,112000000,33600000,9.8,7.4,8.2,High
TMDB-142,Brokeback Mountain,2016,147,Comedy,Spanish,France,PG-13,0,113000000,33900000,9.8,6.8,8.0,High
TMDB-9603,Clueless,2006,127,Comedy,Hindi,India,PG-13,0,103000000,30900000,9.2,6.7,7.7,High
TMDB-10712,Far from Heaven,2017,153,Sci-Fi,English,USA,PG-13,0,114000000,34200000,8.4,6.2,7.2,Medium
TMDB-243938,Hot Tub Time Machine 2,2021,129,Mystery,Hindi,India,PG-13,0,70000000,21000000,8.4,7.9,7.7,High
TMDB-10876,Quills,2012,161,Thriller,Hindi,India,PG-13,0,37000000,11100000,7.6,7.0,7.1,Medium
TMDB-86838,Seven Psychopaths,2009,163,Sci-Fi,French,France,PG-13,0,34000000,10200000,7.6,9.0,7.8,High
TMDB-25208,The Caveman's Valentine,2001,153,Sci-Fi,Tamil,India,PG-13,0,74000000,22200000,8.4,5.7,7.0,Medium
TMDB-613,Downfall,2006,123,Documentary,Hindi,India,PG-13,0,79000000,23700000,7.6,10.0,8.1,High
TMDB-1913,The Sea Inside,2001,163,Sci-Fi,Japanese,France,PG-13,0,74000000,22200000,9.2,7.6,8.0,High
TMDB-97370,Under the Skin,2020,136,Thriller,Hindi,India,PG-13,0,117000000,35100000,8.4,7.9,7.7,High
TMDB-801,"Good Morning, Vietnam",2010,121,Thriller,German,France,PG-13,0,107000000,32100000,9.8,6.8,8.0,High
TMDB-70829,The Last Godfather,2017,149,Mystery,Korean,France,PG-13,0,90000000,27000000,7.6,6.8,7.0,Medium
TMDB-54518,Justin Bieber: Never Say Never,2010,122,Comedy,Korean,France,PG-13,0,83000000,24900000,9.8,5.6,7.6,High
TMDB-44214,Black Swan,2021,165,Romance,Telugu,India,PG-13,0,46000000,13800000,9.8,8.5,8.6,High
TMDB-240,The Godfather: Part II,2015,103,Sci-Fi,French,France,PG-13,0,64000000,19200000,9.8,10.0,9.1,High
TMDB-9816,Save the Last Dance,2009,115,Romance,French,France,PG-13,0,106000000,31800000,8.4,7.5,7.6,High
TMDB-10131,A Nightmare on Elm Street 4: The Dream Master,2000,89,Horror,Tamil,India,PG-13,0,25000000,7500000,9.8,8.5,8.6,High
TMDB-339984,Miracles from Heaven,2006,103,Documentary,French,France,PG-13,0,79000000,23700000,8.4,10.0,8.5,High
TMDB-8859,"Dude, Where’s My Car?",2002,124,Horror,English,USA,PG-13,0,75000000,22500000,7.6,6.8,7.0,Medium
TMDB-11967,Young Guns,2023,136,Drama,Hindi,India,PG-13,0,72000000,21600000,7.6,7.3,7.2,Medium
TMDB-239563,St. Vincent,2020,124,Horror,Hindi,India,PG-13,0,45000000,13500000,6.8,8.4,7.2,Medium
TMDB-222899,About Last Night,2007,164,Mystery,German,France,PG-13,0,80000000,24000000,8.4,6.4,7.2,Medium
TMDB-4951,10 Things I Hate About You,2022,126,Thriller,French,France,PG-13,0,47000000,14100000,7.6,10.0,8.1,High
TMDB-10985,The New Guy,2004,115,Action,French,France,R,0,101000000,30300000,6.8,7.3,6.8,Medium
TMDB-9644,National Lampoon's Loaded Weapon 1,2000,156,Thriller,German,France,PG-13,0,97000000,29100000,6.8,7.9,7.0,Medium
TMDB-332567,The Shallows,2018,96,Thriller,Telugu,India,PG-13,0,67000000,20100000,9.8,6.4,7.9,High
TMDB-1954,The Butterfly Effect,2013,117,Animation,Japanese,France,PG-13,0,38000000,11400000,6.8,8.4,7.2,Medium
TMDB-15489,Snow Day,2014,108,Documentary,Telugu,India,PG-13,0,39000000,11700000,7.6,7.5,7.2,Medium
TMDB-15250,This Christmas,2013,119,Mystery,German,France,R,0,110000000,33000000,7.6,5.8,6.6,Medium
TMDB-22345,Baby Geniuses,2017,134,Mystery,English,USA,PG-13,0,90000000,27000000,9.2,5.7,7.3,Medium
TMDB-9448,The Big Hit,2013,103,Sci-Fi,French,France,R,0,14000000,4200000,6.8,6.2,6.4,Medium
TMDB-38223,Harriet the Spy,2022,105,Action,Hindi,India,R,0,71000000,21300000,6.8,5.8,6.3,Medium
TMDB-11186,Child's Play 2,2021,139,Mystery,Japanese,France,R,0,70000000,21000000,6.8,6.2,6.4,Medium
TMDB-136835,No Good Deed,2010,105,Action,Spanish,France,PG-13,0,11000000,3300000,7.6,7.2,7.1,Medium
TMDB-5876,The Mist,2006,118,Documentary,Tamil,India,PG-13,0,79000000,23700000,9.2,10.0,8.8,High
TMDB-264660,Ex Machina,2005,116,Drama,Hindi,India,R,0,102000000,30600000,6.8,6.3,6.5,Medium
TMDB-492,Being John Malkovich,2011,122,Animation,Korean,France,PG-13,0,108000000,32400000,9.2,7.0,7.8,High
TMDB-25462,Two Can Play That Game,2023,92,Animation,Telugu,India,PG-13,0,48000000,14400000,7.6,8.0,7.4,Medium
TMDB-238603,Earth to Echo,2015,136,Drama,French,France,PG-13,0,112000000,33600000,7.6,8.2,7.5,High
TMDB-10691,Crazy/Beautiful,2021,108,Sci-Fi,Hindi,India,PG-13,0,94000000,28200000,9.2,6.8,7.7,High
TMDB-1251,Letters from Iwo Jima,2002,138,Documentary,Telugu,India,PG-13,0,99000000,29700000,9.8,7.2,8.1,High
TMDB-5172,The Astronaut Farmer,2004,125,Action,Tamil,India,PG-13,0,101000000,30300000,9.8,10.0,9.1,High
TMDB-58680,Woo,2022,153,Documentary,Spanish,France,R,0,119000000,35700000,7.6,6.4,6.9,Medium
TMDB-264644,Room,2004,118,Documentary,Korean,France,PG-13,0,29000000,8700000,6.8,7.9,7.0,Medium
TMDB-14577,Dirty Work,2011,135,Romance,Korean,France,PG-13,0,36000000,10800000,7.6,10.0,8.1,High
TMDB-11592,Serial Mom,2002,158,Documentary,Telugu,India,PG-13,0,99000000,29700000,8.4,10.0,8.5,High
TMDB-16406,Dick,2014,121,Thriller,Spanish,France,PG-13,0,87000000,26100000,9.2,6.8,7.7,High
TMDB-19052,Light It Up,2020,124,Horror,Telugu,India,R,0,45000000,13500000,6.8,6.3,6.5,Medium
TMDB-3682,54,2008,137,Comedy,Tamil,India,PG-13,0,33000000,9900000,6.8,9.1,7.4,Medium
TMDB-9683,Bubble Boy,2009,140,Romance,Korean,France,R,0,106000000,31800000,6.8,7.2,6.8,Medium
TMDB-2084,Birthday Girl,2017,118,Sci-Fi,English,USA,R,0,114000000,34200000,6.8,7.4,6.9,Medium
TMDB-107811,21 & Over,2013,113,Sci-Fi,Hindi,India,R,0,14000000,4200000,7.6,6.6,6.9,Medium
TMDB-2266,"Paris, je t'aime",2020,140,Action,English,USA,PG-13,0,21000000,6300000,7.6,10.0,8.1,High
TMDB-13074,Resurrecting the Champ,2016,113,Documentary,Tamil,India,PG-13,0,89000000,26700000,9.8,6.1,7.7,High
TMDB-144340,Admission,2010,113,Documentary,French,France,PG-13,0,59000000,17700000,9.8,8.5,8.6,High
TMDB-48217,The Widow of Saint-Pierre,2017,115,Romance,Spanish,France,R,0,66000000,19800000,6.8,6.9,6.7,Medium
TMDB-28211,Chloe,2005,101,Drama,English,USA,PG-13,0,102000000,30600000,9.8,7.3,8.2,High
TMDB-47502,Faithful,2016,153,Documentary,Japanese,France,R,0,89000000,26700000,6.8,6.2,6.4,Medium
TMDB-9950,Find Me Guilty,2018,105,Action,German,France,PG-13,0,91000000,27300000,9.8,7.4,8.2,High
TMDB-84892,The Perks of Being a Wallflower,2022,113,Documentary,Spanish,France,R,0,119000000,35700000,6.8,7.3,6.8,Medium
TMDB-24227,Excessive Force,2012,126,Thriller,Tamil,India,R,0,37000000,11100000,6.8,5.8,6.3,Medium
TMDB-9672,Infamous,2004,105,Action,German,France,PG-13,0,101000000,30300000,8.4,6.6,7.3,Medium
TMDB-44853,The Claim,2020,91,Thriller,Telugu,India,PG-13,0,117000000,35100000,9.8,5.8,7.6,High
TMDB-157544,The Vatican Tapes,2021,150,Romance,Korean,France,R,0,46000000,13800000,6.8,6.1,6.4,Medium
TMDB-59678,Attack the Block,2007,115,Romance,Korean,France,PG-13,0,56000000,16800000,6.8,8.8,7.3,Medium
TMDB-79777,In the Land of Blood and Honey,2001,92,Animation,French,France,PG-13,0,98000000,29400000,8.4,6.3,7.2,Medium
TMDB-158011,The Call,2011,125,Romance,French,France,PG-13,0,36000000,10800000,9.8,6.3,7.8,High
TMDB-407887,Operation Chromite,2006,86,Thriller,German,France,R,0,7000000,2100000,6.8,6.7,6.6,Medium
TMDB-17043,The Crocodile Hunter: Collision Course,2003,146,Drama,Hindi,India,R,0,52000000,15600000,6.8,6.7,6.6,Medium
TMDB-8952,I Love You Phillip Morris,2023,151,Drama,Japanese,France,PG-13,0,72000000,21600000,8.4,9.1,8.2,High
TMDB-62204,Quest for Fire,2015,124,Mystery,Korean,France,PG-13,0,40000000,12000000,9.2,7.3,7.9,High
TMDB-13435,Antwone Fisher,2011,131,Drama,Korean,France,R,0,12000000,3600000,7.6,6.2,6.8,Medium
TMDB-17187,The Emperor's Club,2018,166,Thriller,Hindi,India,PG-13,0,67000000,20100000,8.4,6.1,7.1,Medium
TMDB-319,True Romance,2011,159,Mystery,Tamil,India,PG-13,0,60000000,18000000,9.8,9.8,9.0,High
TMDB-59457,Womb,2010,158,Documentary,Japanese,France,R,0,59000000,17700000,6.8,6.8,6.6,Medium
TMDB-9504,Glengarry Glen Ross,2021,90,Romance,Spanish,France,PG-13,0,46000000,13800000,8.4,7.3,7.5,High
TMDB-37414,The Killer Inside Me,2023,91,Drama,Hindi,India,PG-13,0,72000000,21600000,9.8,6.1,7.7,High
TMDB-6217,Cat People,2017,148,Sci-Fi,Japanese,France,PG-13,0,114000000,34200000,9.8,6.2,7.8,High
TMDB-26688,Sorority Row,2006,119,Horror,German,France,PG-13,0,55000000,16500000,6.8,9.4,7.5,High
TMDB-43867,The Prisoner of Zenda,2001,121,Drama,Tamil,India,R,0,2000000,600000,6.8,6.4,6.5,Medium
TMDB-6615,Lars and the Real Girl,2010,103,Documentary,Tamil,India,PG-13,0,59000000,17700000,9.2,6.8,7.7,High
TMDB-14574,The Boy in the Striped Pyjamas,2000,110,Action,Telugu,India,PG-13,0,1000000,300000,7.6,7.3,7.2,Medium
TMDB-16,Dancer in the Dark,2000,126,Thriller,English,USA,PG-13,0,97000000,29100000,8.4,8.5,8.0,High
TMDB-39780,Oscar and Lucinda,2022,139,Horror,English,USA,R,0,95000000,28500000,7.6,5.7,6.6,Medium
TMDB-21612,The Funeral,2023,161,Drama,German,France,R,0,72000000,21600000,6.8,6.9,6.7,Medium
TMDB-36691,Solitary Man,2015,141,Drama,Hindi,India,PG-13,0,112000000,33600000,7.6,8.2,7.5,High
TMDB-23631,Machete,2006,169,Horror,Telugu,India,PG-13,0,55000000,16500000,9.8,8.5,8.6,High
TMDB-45324,Casino Jack,2006,122,Comedy,German,France,PG-13,0,103000000,30900000,7.6,6.9,7.0,Medium
TMDB-12144,The Land Before Time,2012,123,Documentary,German,France,R,0,109000000,32700000,6.8,6.0,6.4,Medium
TMDB-11658,Tae Guk Gi: The Brotherhood of War,2005,122,Animation,French,France,R,0,78000000,23400000,6.8,6.9,6.7,Medium
TMDB-56601,The Perfect Game,2020,154,Horror,Korean,France,PG-13,0,45000000,13500000,7.6,7.2,7.1,Medium
TMDB-9552,The Exorcist,2013,131,Drama,English,USA,PG-13,0,62000000,18600000,9.8,7.0,8.1,High
TMDB-578,Jaws,2020,86,Thriller,Hindi,India,PG-13,0,117000000,35100000,9.8,8.4,8.5,High
TMDB-2105,American Pie,2015,128,Sci-Fi,Hindi,India,PG-13,0,64000000,19200000,9.8,10.0,9.1,High
TMDB-126319,Ernest & Celestine,2002,141,Thriller,French,France,PG-13,0,27000000,8100000,6.8,8.0,7.1,Medium
TMDB-10136,The Golden Child,2000,166,Thriller,Korean,France,PG-13,0,97000000,29100000,8.4,6.0,7.1,Medium
TMDB-67660,Think Like a Man,2004,157,Comedy,German,France,PG-13,0,53000000,15900000,9.8,7.3,8.2,High
TMDB-10611,Barbershop,2016,129,Horror,French,France,PG-13,0,65000000,19500000,9.8,6.4,7.9,High
TMDB-154,Star Trek II: The Wrath of Khan,2019,148,Sci-Fi,Korean,France,PG-13,0,44000000,13200000,7.6,6.9,7.0,Medium
TMDB-3049,Ace Ventura: Pet Detective,2002,143,Documentary,French,France,PG-13,0,99000000,29700000,9.8,7.3,8.2,High
TMDB-860,WarGames,2001,130,Romance,Korean,France,PG-13,0,26000000,7800000,6.8,9.0,7.4,Medium
TMDB-9281,Witness,2002,92,Comedy,Spanish,France,PG-13,0,3000000,900000,9.2,7.2,7.9,High
TMDB-75674,Act of Valor,2018,94,Horror,English,USA,R,0,115000000,34500000,6.8,7.3,6.8,Medium
TMDB-9762,Step Up,2000,90,Action,Tamil,India,PG-13,0,1000000,300000,9.8,10.0,9.1,High
TMDB-3179,Beavis and Butt-Head Do America,2020,117,Comedy,Spanish,France,PG-13,0,93000000,27900000,9.2,6.8,7.7,High
TMDB-184,Jackie Brown,2019,88,Sci-Fi,English,USA,PG-13,0,44000000,13200000,9.8,8.8,8.7,High
TMDB-13335,Harold & Kumar Escape from Guantanamo Bay,2023,86,Drama,Spanish,France,PG-13,0,72000000,21600000,7.6,7.3,7.2,Medium
TMDB-76726,Chronicle,2020,127,Comedy,Spanish,France,R,0,93000000,27900000,7.6,6.1,6.8,Medium
TMDB-10269,Yentl,2014,161,Thriller,English,USA,PG-13,0,87000000,26100000,8.4,5.8,7.0,Medium
TMDB-36819,Time Bandits,2006,109,Horror,Hindi,India,PG-13,0,55000000,16500000,9.8,9.4,8.9,High
TMDB-17130,Crossroads,2016,87,Comedy,French,France,R,0,113000000,33900000,7.6,6.1,6.8,Medium
TMDB-57214,Project X,2000,136,Thriller,Korean,France,PG-13,0,97000000,29100000,6.8,8.4,7.2,Medium
TMDB-11202,Patton,2000,131,Thriller,Japanese,France,PG-13,0,97000000,29100000,8.4,10.0,8.5,High
TMDB-9357,One Hour Photo,2002,92,Comedy,Japanese,France,PG-13,0,3000000,900000,7.6,7.9,7.4,Medium
TMDB-13812,Quarantine,2002,86,Thriller,Hindi,India,PG-13,0,27000000,8100000,9.2,6.9,7.8,High
TMDB-9030,The Eye,2002,108,Documentary,Tamil,India,R,0,99000000,29700000,6.8,6.4,6.5,Medium
TMDB-19084,Johnson Family Vacation,2006,152,Comedy,Spanish,France,R,0,103000000,30900000,6.8,6.3,6.5,Medium
TMDB-8386,How High,2017,143,Sci-Fi,Korean,France,PG-13,0,114000000,34200000,8.4,6.2,7.2,Medium
TMDB-10437,The Muppet Christmas Carol,2007,158,Sci-Fi,Hindi,India,R,0,104000000,31200000,6.8,7.3,6.8,Medium
TMDB-1360,Frida,2000,156,Thriller,Japanese,France,PG-13,0,97000000,29100000,8.4,6.7,7.3,Medium
TMDB-101267,Katy Perry: Part of Me,2013,122,Animation,German,France,R,0,38000000,11400000,6.8,6.3,6.5,Medium
TMDB-222935,The Fault in Our Stars,2022,157,Comedy,Telugu,India,PG-13,0,23000000,6900000,6.8,10.0,7.8,High
TMDB-10220,Rounders,2023,130,Romance,Spanish,France,PG-13,0,96000000,28800000,9.2,10.0,8.8,High
TMDB-284296,Top Five,2017,122,Animation,German,France,PG-13,0,18000000,5400000,8.4,7.9,7.7,High
TMDB-31915,Prophecy,2022,124,Horror,French,France,PG-13,0,95000000,28500000,9.8,6.4,7.9,High
TMDB-11601,Stir of Echoes,2005,168,Sci-Fi,Spanish,France,PG-13,0,54000000,16200000,9.8,6.4,7.9,High
TMDB-205220,Philomena,2019,112,Animation,Hindi,India,PG-13,0,68000000,20400000,9.8,9.7,9.0,High
TMDB-11354,The Upside of Anger,2003,101,Drama,French,France,PG-13,0,52000000,15600000,8.4,6.4,7.2,Medium
TMDB-16241,The Boys from Brazil,2015,138,Sci-Fi,French,France,PG-13,0,64000000,19200000,8.4,7.2,7.5,High
TMDB-14191,Aquamarine,2023,130,Romance,English,USA,PG-13,0,96000000,28800000,7.6,7.8,7.4,Medium
TMDB-286565,Paper Towns,2002,121,Thriller,Spanish,France,PG-13,0,27000000,8100000,7.6,8.0,7.4,Medium
TMDB-26710,My Baby's Daddy,2022,102,Comedy,German,France,R,0,23000000,6900000,6.8,5.7,6.3,Medium
TMDB-129670,Nebraska,2021,147,Animation,Korean,France,PG-13,0,118000000,35400000,9.8,6.7,8.0,High
TMDB-9059,Tales from the Crypt: Demon Knight,2000,167,Comedy,Spanish,France,R,0,73000000,21900000,6.8,7.2,6.8,Medium
TMDB-34549,Max Keeble's Big Move,2014,125,Action,Korean,France,PG-13,0,111000000,33300000,9.8,8.2,8.5,High
TMDB-57157,Young Adult,2002,132,Comedy,Spanish,France,PG-13,0,3000000,900000,9.8,7.2,8.1,High
TMDB-1948,Crank,2012,147,Comedy,French,France,PG-13,0,13000000,3900000,9.2,10.0,8.8,High
TMDB-28353,Def Jam's How to Be a Player,2016,136,Thriller,Japanese,France,R,0,17000000,5100000,6.8,5.5,6.2,Medium
TMDB-46889,Living Out Loud,2017,163,Sci-Fi,German,France,PG-13,0,114000000,34200000,9.8,6.0,7.7,High
TMDB-38093,Just Wright,2010,110,Action,German,France,R,0,11000000,3300000,7.6,6.2,6.8,Medium
TMDB-14976,Rachel Getting Married,2004,126,Thriller,French,France,PG-13,0,77000000,23100000,9.8,9.2,8.8,High
TMDB-11027,The Postman Always Rings Twice,2019,105,Romance,French,France,PG-13,0,116000000,34800000,7.6,8.4,7.6,High
TMDB-3635,Girl with a Pearl Earring,2015,162,Animation,Korean,France,R,0,88000000,26400000,7.6,6.6,6.9,Medium
TMDB-387,Das Boot,2019,169,Mystery,English,USA,PG-13,0,20000000,6000000,9.8,8.5,8.6,High
TMDB-6020,Sorority Boys,2020,105,Action,English,USA,R,0,21000000,6300000,6.8,6.1,6.4,Medium
TMDB-122906,About Time,2020,117,Comedy,Telugu,India,PG-13,0,93000000,27900000,8.4,8.4,7.9,High
TMDB-9550,House of Flying Daggers,2009,141,Drama,German,France,PG-13,0,82000000,24600000,9.8,7.0,8.1,High
TMDB-60599,Arbitrage,2015,113,Sci-Fi,Korean,France,R,0,64000000,19200000,6.8,7.2,6.8,Medium
TMDB-227719,Project Almanac,2014,124,Horror,Telugu,India,R,0,15000000,4500000,6.8,6.9,6.7,Medium
TMDB-14299,Cadillac Records,2000,93,Documentary,Telugu,India,PG-13,0,49000000,14700000,6.8,8.2,7.1,Medium
TMDB-19419,Screwed,2021,164,Mystery,Korean,France,R,0,70000000,21000000,6.8,5.8,6.3,Medium
TMDB-12088,Fortress,2013,92,Animation,Spanish,France,PG-13,0,38000000,11400000,7.6,6.8,7.0,Medium
TMDB-14799,For Your Consideration,2004,126,Thriller,Spanish,France,PG-13,0,77000000,23100000,9.2,8.4,8.3,High
TMDB-9466,Celebrity,2008,118,Documentary,Tamil,India,PG-13,0,9000000,2700000,9.8,8.8,8.7,High
TMDB-7510,Running with Scissors,2009,130,Romance,German,France,PG-13,0,106000000,31800000,7.6,6.9,7.0,Medium
TMDB-31246,From Justin to Kelly,2007,95,Romance,Tamil,India,PG-13,0,56000000,16800000,8.4,10.0,8.5,High
TMDB-61752,Girl 6,2007,127,Animation,Spanish,France,PG-13,0,8000000,2400000,9.8,7.4,8.2,High
TMDB-10944,In the Cut,2004,86,Thriller,Telugu,India,PG-13,0,77000000,23100000,8.4,5.7,7.0,Medium
TMDB-10362,Two Lovers,2002,159,Horror,Korean,France,PG-13,0,75000000,22500000,9.2,10.0,8.8,High
TMDB-14778,Last Orders,2004,143,Documentary,French,France,R,0,29000000,8700000,6.8,6.8,6.6,Medium
TMDB-45226,The Pursuit of D.B. Cooper,2012,103,Documentary,German,France,PG-13,0,109000000,32700000,9.2,6.0,7.4,Medium
TMDB-10212,Ravenous,2023,137,Animation,Hindi,India,R,0,48000000,14400000,6.8,6.3,6.5,Medium
TMDB-8669,Charlie Bartlett,2016,145,Action,Telugu,India,PG-13,0,41000000,12300000,6.8,9.7,7.7,High
TMDB-179144,The Great Beauty,2010,106,Thriller,Spanish,France,R,0,107000000,32100000,6.8,6.7,6.6,Medium
TMDB-16857,The Dangerous Lives of Altar Boys,2015,149,Mystery,French,France,R,0,40000000,12000000,6.8,5.8,6.3,Medium
TMDB-86825,Stoker,2023,86,Drama,Spanish,France,PG-13,0,72000000,21600000,8.4,7.3,7.5,High
TMDB-844,2046,2006,161,Thriller,Hindi,India,PG-13,0,7000000,2100000,8.4,6.4,7.2,Medium
TMDB-8060,Married Life,2023,110,Romance,French,France,PG-13,0,96000000,28800000,7.6,6.7,7.0,Medium
TMDB-15907,Duma,2003,154,Mystery,Korean,France,R,0,100000000,30000000,7.6,6.1,6.8,Medium
TMDB-38448,Ondine,2010,136,Thriller,English,USA,PG-13,0,107000000,32100000,9.8,6.2,7.8,High
TMDB-327,Brother,2023,103,Sci-Fi,French,France,R,0,24000000,7200000,6.8,6.4,6.5,Medium
TMDB-9260,Welcome to Collinwood,2003,119,Mystery,Spanish,France,PG-13,0,100000000,30000000,9.2,6.2,7.5,High
TMDB-61337,Critical Care,2012,154,Horror,Japanese,France,PG-13,0,85000000,25500000,9.8,6.2,7.8,High
TMDB-13079,The Life Before Her Eyes,2019,91,Drama,Korean,France,R,0,92000000,27600000,7.6,5.8,6.6,Medium
TMDB-89325,Darling Companion,2017,120,Romance,Hindi,India,PG-13,0,66000000,19800000,9.8,6.1,7.7,High
TMDB-4170,Trade,2008,118,Documentary,English,USA,PG-13,0,9000000,2700000,7.6,6.8,7.0,Medium
TMDB-41508,Fateless,2023,139,Mystery,German,France,R,0,120000000,36000000,6.8,6.6,6.6,Medium
TMDB-12479,Breakfast of Champions,2004,118,Documentary,Tamil,India,R,0,29000000,8700000,6.8,6.6,6.6,Medium
TMDB-44555,"A Woman, a Gun and a Noodle Shop",2005,100,Romance,Telugu,India,PG-13,0,6000000,1800000,9.8,5.6,7.6,High
TMDB-10133,Cypher,2003,136,Drama,Japanese,France,PG-13,0,52000000,15600000,9.2,9.7,8.7,High
TMDB-21345,City of Life and Death,2014,130,Action,Korean,France,R,0,111000000,33300000,6.8,5.6,6.2,Medium
TMDB-173931,Legend of a Rabbit,2000,107,Comedy,Japanese,France,R,0,73000000,21900000,6.8,5.6,6.2,Medium
TMDB-61984,Space Battleship Yamato,2022,101,Thriller,Hindi,India,R,0,47000000,14100000,6.8,7.0,6.7,Medium
TMDB-50601,5 Days of War,2019,157,Animation,Japanese,France,PG-13,0,68000000,20400000,9.8,6.6,7.9,High
TMDB-26466,Triangle,2014,165,Action,Korean,France,R,0,111000000,33300000,7.6,6.1,6.8,Medium
TMDB-345003,10 Days in a Madhouse,2017,153,Sci-Fi,German,France,R,0,114000000,34200000,6.8,7.6,6.9,Medium
TMDB-236751,Heaven is for Real,2015,95,Romance,Hindi,India,PG-13,0,16000000,4800000,9.2,6.2,7.5,High
TMDB-107,Snatch,2016,110,Action,Spanish,France,PG-13,0,41000000,12300000,9.8,7.9,8.4,High
TMDB-357837,Dancin' It's On,2010,132,Comedy,English,USA,R,0,83000000,24900000,6.8,6.0,6.4,Medium
TMDB-8913,Pet Sematary,2008,112,Comedy,Korean,France,PG-13,0,33000000,9900000,7.6,6.7,7.0,Medium
TMDB-13889,Madadayo,2002,138,Documentary,Korean,France,PG-13,0,99000000,29700000,7.6,7.5,7.2,Medium
TMDB-18530,The Cry of the Owl,2020,159,Horror,Korean,France,R,0,45000000,13500000,6.8,7.4,6.9,Medium
TMDB-358451,A Tale of Three Cities,2005,131,Drama,Hindi,India,R,0,102000000,30600000,6.8,5.5,6.2,Medium
TMDB-927,Gremlins,2010,126,Thriller,English,USA,PG-13,0,107000000,32100000,9.8,7.2,8.1,High
TMDB-11,Star Wars,2018,116,Thriller,French,France,PG-13,0,67000000,20100000,9.8,10.0,9.1,High
TMDB-291870,Dirty Grandpa,2004,141,Thriller,French,France,PG-13,0,77000000,23100000,6.8,10.0,7.8,High
TMDB-907,Doctor Zhivago,2015,147,Animation,English,USA,PG-13,0,88000000,26400000,9.2,9.7,8.7,High
TMDB-206563,Trash,2023,159,Mystery,Tamil,India,PG-13,0,120000000,36000000,9.8,6.8,8.0,High
TMDB-11887,High School Musical 3: Senior Year,2015,110,Romance,German,France,PG-13,0,16000000,4800000,9.8,6.8,8.0,High
TMDB-45317,The Fighter,2001,125,Romance,French,France,PG-13,0,26000000,7800000,9.8,10.0,9.1,High
TMDB-12094,Jackass Number Two,2014,166,Thriller,Hindi,India,PG-13,0,87000000,26100000,9.2,8.7,8.4,High
TMDB-10377,My Cousin Vinny,2010,126,Thriller,Korean,France,PG-13,0,107000000,32100000,9.2,6.3,7.5,High
TMDB-249164,If I Stay,2012,107,Comedy,German,France,PG-13,0,13000000,3900000,6.8,10.0,7.8,High
TMDB-256092,Drive Hard,2020,90,Action,Korean,France,PG-13,0,21000000,6300000,8.4,7.0,7.4,Medium
TMDB-9942,Major League,2015,95,Romance,Telugu,India,R,0,16000000,4800000,6.8,7.3,6.8,Medium
TMDB-10748,St. Trinian's,2008,124,Horror,French,France,PG-13,0,105000000,31500000,6.8,8.8,7.3,Medium
TMDB-1817,Phone Booth,2010,167,Comedy,French,France,PG-13,0,83000000,24900000,9.8,6.1,7.7,High
TMDB-10229,A Walk to Remember,2001,88,Sci-Fi,Japanese,France,PG-13,0,74000000,22200000,9.8,8.7,8.7,High
TMDB-687,Dead Man Walking,2023,111,Drama,Hindi,India,PG-13,0,72000000,21600000,7.6,10.0,8.1,High
TMDB-796,Cruel Intentions,2007,139,Mystery,Tamil,India,PG-13,0,80000000,24000000,8.4,7.4,7.6,High
TMDB-22804,Saw VI,2022,108,Documentary,Tamil,India,PG-13,0,119000000,35700000,7.6,9.1,7.8,High
TMDB-10156,History of the World: Part I,2004,100,Action,Japanese,France,PG-13,0,101000000,30300000,9.8,9.8,9.0,High
TMDB-12837,The Secret Life of Bees,2005,147,Animation,Spanish,France,PG-13,0,78000000,23400000,8.4,6.3,7.2,Medium
TMDB-17708,Corky Romano,2008,96,Thriller,Japanese,France,R,0,57000000,17100000,6.8,6.8,6.6,Medium
TMDB-13937,Raising Cain,2010,149,Horror,Korean,France,PG-13,0,35000000,10500000,9.8,7.6,8.3,High
TMDB-28932,F.I.S.T.,2020,109,Horror,English,USA,PG-13,0,45000000,13500000,9.8,6.7,8.0,High
TMDB-31909,Invaders from Mars,2008,114,Horror,Japanese,France,PG-13,0,105000000,31500000,9.8,8.4,8.5,High
TMDB-167073,Brooklyn,2018,108,Documentary,Spanish,France,PG-13,0,19000000,5700000,6.8,10.0,7.8,High
TMDB-3175,Barry Lyndon,2012,160,Action,Telugu,India,PG-13,0,61000000,18300000,9.8,7.0,8.1,High
TMDB-14369,Out Cold,2019,122,Animation,Telugu,India,R,0,68000000,20400000,6.8,6.3,6.5,Medium
TMDB-16888,The Ladies Man,2008,123,Documentary,Spanish,France,PG-13,0,9000000,2700000,8.4,7.8,7.7,High
TMDB-121826,Quartet,2010,123,Documentary,English,USA,R,0,59000000,17700000,6.8,6.7,6.6,Medium
TMDB-10646,Tomcats,2016,95,Action,French,France,R,0,41000000,12300000,6.8,6.1,6.4,Medium
TMDB-12149,Frailty,2008,164,Horror,Telugu,India,R,0,105000000,31500000,7.6,6.6,6.9,Medium
TMDB-304357,Woman in Gold,2003,136,Drama,Korean,France,PG-13,0,52000000,15600000,7.6,9.0,7.8,High
TMDB-11184,Kinsey,2018,100,Action,Telugu,India,PG-13,0,91000000,27300000,9.8,7.4,8.2,High
TMDB-766,Army of Darkness,2018,101,Thriller,German,France,PG-13,0,67000000,20100000,9.8,6.3,7.8,High
TMDB-20009,Slackers,2016,146,Thriller,Tamil,India,R,0,17000000,5100000,6.8,6.4,6.5,Medium
TMDB-1587,What's Eating Gilbert Grape,2007,145,Romance,Tamil,India,PG-13,0,56000000,16800000,9.8,8.0,8.4,High
TMDB-30973,The Visual Bible: The Gospel of John,2006,144,Horror,Tamil,India,R,0,55000000,16500000,6.8,7.2,6.8,Medium
TMDB-11109,Vera Drake,2019,95,Romance,Korean,France,PG-13,0,116000000,34800000,9.8,10.0,9.1,High
TMDB-9027,The Guru,2008,116,Thriller,German,France,R,0,57000000,17100000,7.6,6.3,6.8,Medium
TMDB-63020,The Perez Family,2001,152,Animation,Telugu,India,PG-13,0,98000000,29400000,9.8,5.8,7.6,High
TMDB-86829,Inside Llewyn Davis,2022,169,Horror,Telugu,India,PG-13,0,95000000,28500000,9.8,6.8,8.0,High
TMDB-11065,O,2006,116,Thriller,Japanese,France,R,0,7000000,2100000,6.8,6.2,6.4,Medium
TMDB-13888,Return to the Blue Lagoon,2004,100,Action,Hindi,India,R,0,101000000,30300000,6.8,6.8,6.6,Medium
TMDB-42345,The Molly Maguires,2004,87,Comedy,French,France,R,0,53000000,15900000,7.6,6.1,6.8,Medium
TMDB-13994,Romance & Cigarettes,2014,103,Documentary,Spanish,France,R,0,39000000,11700000,7.6,6.3,6.8,Medium
TMDB-1590,Copying Beethoven,2013,158,Sci-Fi,Tamil,India,R,0,14000000,4200000,6.8,6.1,6.4,Medium
TMDB-62728,Brighton Rock,2011,97,Animation,Hindi,India,PG-13,0,108000000,32400000,7.6,7.5,7.2,Medium
TMDB-11917,Saw V,2002,110,Action,Spanish,France,R,0,51000000,15300000,7.6,6.4,6.9,Medium
TMDB-45138,Machine Gun McCain,2001,166,Drama,English,USA,R,0,2000000,600000,6.8,6.8,6.6,Medium
TMDB-80271,LOL,2020,87,Comedy,Hindi,India,PG-13,0,93000000,27900000,6.8,10.0,7.8,High
TMDB-4657,Jindabyne,2019,145,Romance,English,USA,R,0,116000000,34800000,6.8,6.9,6.7,Medium
TMDB-14395,Kabhi Alvida Naa Kehna,2021,131,Drama,Japanese,France,R,0,22000000,6600000,7.6,6.3,6.8,Medium
TMDB-24137,An Ideal Husband,2008,149,Horror,Hindi,India,PG-13,0,105000000,31500000,8.4,5.7,7.0,Medium
TMDB-190847,The Last Days on Mars,2012,153,Documentary,Spanish,France,R,0,109000000,32700000,6.8,6.3,6.5,Medium
TMDB-11056,Darkness,2014,134,Horror,Korean,France,PG-13,0,15000000,4500000,9.2,5.8,7.4,Medium
TMDB-62,2001: A Space Odyssey,2010,91,Thriller,German,France,PG-13,0,107000000,32100000,9.8,10.0,9.1,High
TMDB-601,E.T. the Extra-Terrestrial,2010,162,Comedy,Tamil,India,PG-13,0,83000000,24900000,9.8,6.6,7.9,High
TMDB-13067,In the Land of Women,2008,103,Documentary,German,France,PG-13,0,9000000,2700000,6.8,8.0,7.1,Medium
TMDB-25379,The Blue Butterfly,2021,129,Mystery,Hindi,India,R,0,70000000,21000000,7.6,5.7,6.6,Medium
TMDB-88641,There Goes My Baby,2015,168,Sci-Fi,Korean,France,R,0,64000000,19200000,6.8,6.1,6.4,Medium
TMDB-58051,Housefull,2001,141,Drama,Japanese,France,R,0,2000000,600000,6.8,6.4,6.5,Medium
TMDB-14877,September Dawn,2004,163,Documentary,Japanese,France,R,0,29000000,8700000,7.6,6.6,6.9,Medium
TMDB-96399,For Greater Glory - The True Story of Cristiada,2004,124,Horror,Korean,France,R,0,5000000,1500000,6.8,5.6,6.2,Medium
TMDB-304410,The Bélier Family,2022,152,Comedy,Hindi,India,R,0,23000000,6900000,6.8,6.8,6.6,Medium
TMDB-489,Good Will Hunting,2019,153,Sci-Fi,Japanese,France,PG-13,0,44000000,13200000,9.8,10.0,9.1,High
TMDB-373314,Misconduct,2005,168,Sci-Fi,Japanese,France,R,0,54000000,16200000,6.8,6.0,6.4,Medium
TMDB-214,Saw III,2020,162,Comedy,Telugu,India,PG-13,0,93000000,27900000,9.8,6.6,7.9,High
TMDB-10890,Stripes,2011,153,Sci-Fi,Telugu,India,PG-13,0,84000000,25200000,9.8,6.9,8.0,High
TMDB-1588,Bring It On,2001,121,Drama,Tamil,India,PG-13,0,2000000,600000,9.2,10.0,8.8,High
TMDB-316727,The Purge: Election Year,2011,87,Animation,German,France,PG-13,0,108000000,32400000,8.4,10.0,8.5,High
TMDB-10314,She's All That,2011,136,Drama,English,USA,PG-13,0,12000000,3600000,8.4,7.8,7.7,High
TMDB-663,Saw IV,2009,113,Sci-Fi,English,USA,PG-13,0,34000000,10200000,9.8,7.5,8.2,High
TMDB-11804,White Noise,2022,98,Documentary,Telugu,India,PG-13,0,119000000,35700000,7.6,7.4,7.2,Medium
TMDB-16781,Madea's Family Reunion,2005,124,Mystery,French,France,PG-13,0,30000000,9000000,9.8,9.4,8.9,High
TMDB-11873,The Color of Money,2015,157,Animation,Spanish,France,PG-13,0,88000000,26400000,9.8,10.0,9.1,High
TMDB-9289,The Longest Day,2016,149,Horror,French,France,PG-13,0,65000000,19500000,6.8,10.0,7.8,High
TMDB-10414,The Mighty Ducks,2014,135,Action,English,USA,PG-13,0,111000000,33300000,9.8,6.4,7.9,High
TMDB-1970,The Grudge,2007,129,Mystery,Japanese,France,PG-13,0,80000000,24000000,7.6,6.8,7.0,Medium
TMDB-9614,Happy Gilmore,2010,126,Thriller,Korean,France,PG-13,0,107000000,32100000,9.8,7.0,8.1,High
TMDB-8922,Jeepers Creepers,2013,122,Animation,French,France,PG-13,0,38000000,11400000,8.4,6.9,7.4,Medium
TMDB-1648,Bill & Ted's Excellent Adventure,2012,100,Action,Spanish,France,PG-13,0,61000000,18300000,9.8,7.6,8.3,High
TMDB-17917,Oliver!,2006,87,Comedy,German,France,R,0,103000000,30900000,7.6,6.6,6.9,Medium
TMDB-74534,The Best Exotic Marigold Hotel,2021,90,Romance,Spanish,France,PG-13,0,46000000,13800000,9.8,7.3,8.2,High
TMDB-19405,Recess: School's Out,2000,131,Thriller,Japanese,France,R,0,97000000,29100000,6.8,6.2,6.4,Medium
TMDB-9355,Mad Max Beyond Thunderdome,2018,124,Horror,German,France,PG-13,0,115000000,34500000,9.8,6.9,8.0,High
TMDB-10999,Commando,2007,125,Romance,Korean,France,PG-13,0,56000000,16800000,9.2,7.3,7.9,High
TMDB-321258,The Boy,2015,134,Mystery,German,France,PG-13,0,40000000,12000000,8.4,6.2,7.2,Medium
TMDB-44040,Devil,2005,146,Drama,English,USA,PG-13,0,102000000,30600000,9.2,6.9,7.8,High
TMDB-10426,Friday After Next,2021,140,Romance,German,France,R,0,46000000,13800000,7.6,6.4,6.9,Medium
TMDB-280092,Insidious: Chapter 3,2004,114,Horror,German,France,PG-13,0,5000000,1500000,6.8,8.4,7.2,Medium
TMDB-13938,The Last Dragon,2005,119,Mystery,German,France,PG-13,0,30000000,9000000,8.4,6.3,7.2,Medium
TMDB-10163,The Lawnmower Man,2002,148,Documentary,Spanish,France,R,0,99000000,29700000,7.6,6.3,6.8,Medium
TMDB-12182,Nick and Norah's Infinite Playlist,2006,104,Horror,English,USA,PG-13,0,55000000,16500000,8.4,7.8,7.7,High
TMDB-1832,Dogma,2005,101,Drama,German,France,PG-13,0,102000000,30600000,9.8,8.0,8.4,High
TMDB-9034,The Banger Sisters,2002,129,Horror,Korean,France,R,0,75000000,22500000,6.8,6.0,6.4,Medium
TMDB-15301,Twilight Zone: The Movie,2018,86,Thriller,Telugu,India,PG-13,0,67000000,20100000,9.8,7.3,8.2,High
TMDB-10135,Road House,2006,132,Comedy,Japanese,France,PG-13,0,103000000,30900000,7.6,8.4,7.6,High
TMDB-26352,A Low Down Dirty Shame,2010,109,Horror,Telugu,India,PG-13,0,35000000,10500000,9.2,9.8,8.8,High
TMDB-20616,Swimfan,2020,121,Thriller,Spanish,France,PG-13,0,117000000,35100000,7.6,8.8,7.7,High
TMDB-9794,Employee of the Month,2013,97,Animation,Japanese,France,R,0,38000000,11400000,6.8,6.8,6.6,Medium
TMDB-15037,Can't Hardly Wait,2009,168,Sci-Fi,German,France,PG-13,0,34000000,10200000,7.6,7.6,7.3,Medium
TMDB-227,The Outsiders,2000,104,Horror,Spanish,France,PG-13,0,25000000,7500000,9.8,6.9,8.0,High
TMDB-294272,Pete's Dragon,2009,157,Animation,Korean,France,R,0,58000000,17400000,6.8,7.5,6.9,Medium
TMDB-11336,The Dead Zone,2021,169,Mystery,French,France,PG-13,0,70000000,21000000,9.8,7.4,8.2,High
TMDB-283445,Sinister 2,2018,102,Comedy,Korean,France,R,0,43000000,12900000,6.8,7.6,6.9,Medium
TMDB-88036,Sparkle,2006,121,Thriller,Korean,France,R,0,7000000,2100000,7.6,6.2,6.8,Medium
TMDB-10984,Valentine,2004,142,Comedy,German,France,PG-13,0,53000000,15900000,7.6,7.5,7.2,Medium
TMDB-22824,The Fourth Kind,2016,158,Documentary,Japanese,France,R,0,89000000,26700000,6.8,7.6,6.9,Medium
TMDB-9526,A Prairie Home Companion,2000,130,Action,Telugu,India,PG-13,0,1000000,300000,8.4,6.8,7.4,Medium
TMDB-39349,Sugar Hill,2017,150,Romance,Japanese,France,PG-13,0,66000000,19800000,6.8,9.1,7.4,Medium
TMDB-15983,Invasion U.S.A.,2012,143,Documentary,Tamil,India,PG-13,0,109000000,32700000,7.6,7.6,7.3,Medium
TMDB-14544,Roll Bounce,2003,153,Sci-Fi,French,France,PG-13,0,4000000,1200000,9.8,6.7,8.0,High
TMDB-11545,Rushmore,2001,90,Romance,Spanish,France,PG-13,0,26000000,7800000,9.8,6.6,7.9,High
TMDB-42684,Skyline,2016,165,Action,Tamil,India,R,0,41000000,12300000,7.6,6.6,6.9,Medium
TMDB-268238,The Second Best Exotic Marigold Hotel,2001,167,Animation,French,France,PG-13,0,98000000,29400000,9.8,6.7,8.0,High
TMDB-8359,Kit Kittredge: An American Girl,2002,101,Thriller,Spanish,France,R,0,27000000,8100000,6.8,6.4,6.5,Medium
TMDB-15648,The Perfect Man,2016,164,Horror,French,France,R,0,65000000,19500000,7.6,6.4,6.9,Medium
TMDB-41823,Mo' Better Blues,2018,124,Horror,English,USA,PG-13,0,115000000,34500000,9.8,6.7,8.0,High
TMDB-11891,Kung Pow: Enter the Fist,2019,105,Romance,Tamil,India,PG-13,0,116000000,34800000,9.2,5.8,7.4,Medium
TMDB-9362,Tremors,2020,105,Action,Telugu,India,PG-13,0,21000000,6300000,8.4,6.8,7.4,Medium
TMDB-9902,Wrong Turn,2016,148,Documentary,Spanish,France,R,0,89000000,26700000,6.8,6.2,6.4,Medium
TMDB-14729,The Long Riders,2018,169,Horror,Spanish,France,PG-13,0,115000000,34500000,9.2,6.8,7.7,High
TMDB-9455,The Corruptor,2013,137,Animation,German,France,PG-13,0,38000000,11400000,8.4,6.4,7.2,Medium
TMDB-103731,Mud,2013,159,Mystery,German,France,PG-13,0,110000000,33000000,9.2,6.6,7.6,High
TMDB-10090,Reno 911!: Miami,2002,125,Action,Korean,France,PG-13,0,51000000,15300000,6.8,8.4,7.2,Medium
TMDB-164558,One Direction: This Is Us,2020,117,Comedy,German,France,PG-13,0,93000000,27900000,8.4,5.8,7.0,Medium
TMDB-19905,"The Goods: Live Hard, Sell Hard",2016,98,Documentary,French,France,R,0,89000000,26700000,6.8,7.2,6.8,Medium
TMDB-17710,Hey Arnold! The Movie,2013,164,Mystery,Hindi,India,R,0,110000000,33000000,6.8,6.0,6.4,Medium
TMDB-75900,My Week with Marilyn,2016,169,Horror,German,France,PG-13,0,65000000,19500000,7.6,6.9,7.0,Medium
TMDB-9515,The Matador,2008,138,Documentary,Spanish,France,PG-13,0,9000000,2700000,8.4,7.4,7.6,High
TMDB-27322,Love Jones,2016,127,Comedy,Japanese,France,R,0,113000000,33900000,6.8,5.7,6.3,Medium
TMDB-328425,The Gift,2018,118,Documentary,Japanese,France,R,0,19000000,5700000,6.8,7.3,6.8,Medium
TMDB-14120,End of the Spear,2004,116,Thriller,English,USA,R,0,77000000,23100000,6.8,5.6,6.2,Medium
TMDB-10050,Get Over It,2007,87,Animation,Hindi,India,PG-13,0,8000000,2400000,7.6,7.4,7.2,Medium
TMDB-1542,Office Space,2002,107,Comedy,Spanish,France,PG-13,0,3000000,900000,9.2,8.7,8.4,High
TMDB-10490,Drop Dead Gorgeous,2008,98,Documentary,Spanish,France,R,0,9000000,2700000,6.8,7.3,6.8,Medium
TMDB-87093,Big Eyes,2016,88,Documentary,Spanish,France,PG-13,0,89000000,26700000,9.8,9.6,9.0,High
TMDB-10029,Very Bad Things,2014,99,Horror,Spanish,France,PG-13,0,15000000,4500000,9.8,7.4,8.2,High
TMDB-9893,Sleepover,2007,167,Animation,Telugu,India,PG-13,0,8000000,2400000,8.4,7.5,7.6,High
TMDB-11507,Body Double,2022,119,Horror,Tamil,India,PG-13,0,95000000,28500000,9.8,7.0,8.1,High
TMDB-37931,MacGruber,2022,98,Documentary,Spanish,France,PG-13,0,119000000,35700000,6.8,7.8,7.0,Medium
TMDB-3472,Dirty Pretty Things,2007,156,Drama,Tamil,India,PG-13,0,32000000,9600000,9.8,6.6,7.9,High
TMDB-87818,Movie 43,2011,153,Sci-Fi,Tamil,India,PG-13,0,84000000,25200000,8.4,10.0,8.5,High
TMDB-13160,Over Her Dead Body,2019,133,Sci-Fi,Telugu,India,PG-13,0,44000000,13200000,6.8,8.4,7.2,Medium
TMDB-88005,Seeking a Friend for the End of the World,2022,111,Thriller,Japanese,France,PG-13,0,47000000,14100000,6.8,9.4,7.5,High
TMDB-52067,Cedar Rapids,2008,128,Documentary,Spanish,France,PG-13,0,9000000,2700000,9.8,6.7,8.0,High
TMDB-73,American History X,2011,115,Romance,Spanish,France,PG-13,0,36000000,10800000,8.4,10.0,8.5,High
TMDB-134597,The Collection,2010,162,Comedy,Tamil,India,R,0,83000000,24900000,6.8,7.0,6.7,Medium
TMDB-24034,Teacher's Pet,2010,154,Horror,Tamil,India,R,0,35000000,10500000,6.8,6.3,6.5,Medium
TMDB-14283,The Red Violin,2010,165,Action,Tamil,India,PG-13,0,11000000,3300000,6.8,10.0,7.8,High
TMDB-404,The Straight Story,2019,128,Sci-Fi,Hindi,India,PG-13,0,44000000,13200000,9.8,7.9,8.4,High
TMDB-13201,Deuces Wild,2012,141,Thriller,German,France,R,0,37000000,11100000,6.8,6.9,6.7,Medium
TMDB-209403,Bad Words,2018,125,Action,Telugu,India,R,0,91000000,27300000,6.8,6.3,6.5,Medium
TMDB-7942,"Run, Fatboy, Run",2001,106,Drama,Tamil,India,PG-13,0,2000000,600000,7.6,8.6,7.6,High
TMDB-73247,Heartbeeps,2013,137,Animation,Tamil,India,R,0,38000000,11400000,6.8,6.3,6.5,Medium
TMDB-253331,Black or White,2018,113,Documentary,Hindi,India,PG-13,0,19000000,5700000,8.4,8.8,8.1,High
TMDB-34043,On the Line,2012,119,Horror,German,France,PG-13,0,85000000,25500000,7.6,6.8,7.0,Medium
TMDB-9952,Rescue Dawn,2014,149,Horror,Spanish,France,PG-13,0,15000000,4500000,7.6,7.4,7.2,Medium
TMDB-256924,Danny Collins,2003,103,Sci-Fi,Telugu,India,R,0,4000000,1200000,6.8,6.1,6.4,Medium
TMDB-82532,"Jeff, Who Lives at Home",2023,146,Drama,English,USA,PG-13,0,72000000,21600000,9.2,6.2,7.5,High
TMDB-41110,I Am Love,2022,105,Action,Japanese,France,R,0,71000000,21300000,6.8,6.2,6.4,Medium
TMDB-134371,Atlas Shrugged Part II,2006,151,Thriller,German,France,R,0,7000000,2100000,6.8,7.3,6.8,Medium
TMDB-2088,Romeo Is Bleeding,2016,136,Thriller,French,France,R,0,17000000,5100000,6.8,7.0,6.7,Medium
TMDB-10388,The Limey,2012,97,Comedy,French,France,PG-13,0,13000000,3900000,9.8,6.7,8.0,High
TMDB-1640,Crash,2006,133,Documentary,Tamil,India,PG-13,0,79000000,23700000,8.4,10.0,8.5,High
TMDB-25520,The House of Mirth,2012,105,Action,Hindi,India,R,0,61000000,18300000,6.8,6.6,6.6,Medium
TMDB-27342,Malone,2015,133,Sci-Fi,German,France,R,0,64000000,19200000,6.8,6.0,6.4,Medium
TMDB-13689,Peaceful Warrior,2010,99,Horror,German,France,PG-13,0,35000000,10500000,8.4,6.0,7.1,Medium
TMDB-67911,Bucky Larson: Born to Be a Star,2005,139,Mystery,Korean,France,R,0,30000000,9000000,6.8,6.7,6.6,Medium
TMDB-24664,Bamboozled,2012,119,Horror,Korean,France,PG-13,0,85000000,25500000,9.8,6.4,7.9,High
TMDB-329440,The Forest,2009,147,Animation,Hindi,India,PG-13,0,58000000,17400000,6.8,8.7,7.3,Medium
TMDB-47890,Sphinx,2020,167,Comedy,Spanish,France,PG-13,0,93000000,27900000,8.4,6.4,7.2,Medium
TMDB-252512,While We're Young,2011,88,Sci-Fi,Spanish,France,PG-13,0,84000000,25200000,8.4,7.4,7.6,High
TMDB-55720,A Better Life,2008,96,Thriller,German,France,PG-13,0,57000000,17100000,9.8,6.4,7.9,High
TMDB-9613,Spider,2005,106,Drama,English,USA,PG-13,0,102000000,30600000,9.8,7.3,8.2,High
TMDB-29076,Gun Shy,2017,154,Mystery,French,France,R,0,90000000,27000000,6.8,6.9,6.7,Medium
TMDB-29339,Nicholas Nickleby,2015,134,Mystery,German,France,PG-13,0,40000000,12000000,8.4,8.7,8.0,High
TMDB-68812,The Iceman,2008,127,Comedy,Spanish,France,PG-13,0,33000000,9900000,7.6,9.8,8.0,High
TMDB-32740,Krrish,2011,114,Mystery,Korean,France,R,0,60000000,18000000,6.8,6.2,6.4,Medium
TMDB-14195,Cecil B. Demented,2016,150,Action,Korean,France,PG-13,0,41000000,12300000,8.4,6.3,7.2,Medium
TMDB-73567,Killer Joe,2001,104,Mystery,Japanese,France,PG-13,0,50000000,15000000,9.8,6.6,7.9,High
TMDB-41479,The Joneses,2016,144,Horror,German,France,R,0,65000000,19500000,6.8,6.4,6.5,Medium
TMDB-15394,Owning Mahowny,2011,159,Mystery,Spanish,France,PG-13,0,60000000,18000000,7.6,7.0,7.1,Medium
TMDB-10071,The Brothers Solomon,2016,167,Comedy,Spanish,France,PG-13,0,113000000,33900000,7.6,7.3,7.2,Medium
TMDB-1989,My Blueberry Nights,2001,146,Drama,Telugu,India,PG-13,0,2000000,600000,8.4,6.7,7.3,Medium
TMDB-91076,Illuminata,2000,111,Thriller,Hindi,India,PG-13,0,97000000,29100000,7.6,7.3,7.2,Medium
TMDB-12779,Swept Away,2002,169,Horror,English,USA,PG-13,0,75000000,22500000,9.8,5.7,7.6,High
TMDB-13191,"War, Inc.",2021,154,Mystery,French,France,PG-13,0,70000000,21000000,6.8,7.8,7.0,Medium
TMDB-11770,Shaolin Soccer,2018,140,Action,French,France,PG-13,0,91000000,27300000,8.4,6.6,7.3,Medium
TMDB-12703,The Brown Bunny,2001,136,Drama,Tamil,India,R,0,2000000,600000,7.6,5.7,6.6,Medium
TMDB-64559,The Swindle,2016,160,Action,English,USA,R,0,41000000,12300000,7.6,5.5,6.5,Medium
TMDB-222649,Rosewater,2013,165,Romance,French,France,R,0,86000000,25800000,6.8,6.2,6.4,Medium
TMDB-115872,The Chambermaid on the Titanic,2004,87,Comedy,German,France,R,0,53000000,15900000,6.8,5.5,6.2,Medium
TMDB-101173,Coriolanus,2023,133,Sci-Fi,Korean,France,R,0,24000000,7200000,6.8,6.7,6.6,Medium
TMDB-25350,Imaginary Heroes,2001,100,Romance,Hindi,India,R,0,26000000,7800000,6.8,6.1,6.4,Medium
TMDB-10034,High Heels and Low Lifes,2016,136,Thriller,Spanish,France,R,0,17000000,5100000,6.8,7.4,6.9,Medium
TMDB-20178,World's Greatest Dad,2010,101,Thriller,French,France,PG-13,0,107000000,32100000,6.8,8.4,7.2,Medium
TMDB-5072,Severance,2001,121,Drama,French,France,R,0,2000000,600000,7.6,6.3,6.8,Medium
TMDB-18191,Edmond,2017,155,Romance,English,USA,R,0,66000000,19800000,7.6,6.6,6.9,Medium
TMDB-31007,Welcome to the Rileys,2008,123,Documentary,Spanish,France,R,0,9000000,2700000,6.8,6.7,6.6,Medium
TMDB-11546,Police Academy: Mission to Moscow,2017,144,Mystery,Telugu,India,R,0,90000000,27000000,6.8,6.2,6.4,Medium
TMDB-41894,Blood Done Sign My Name,2011,131,Drama,Hindi,India,R,0,12000000,3600000,7.6,6.1,6.8,Medium
TMDB-184374,Cinco de Mayo: La Batalla,2016,90,Action,Tamil,India,R,0,41000000,12300000,6.8,6.3,6.5,Medium
TMDB-268171,Elsa & Fred,2019,134,Mystery,Korean,France,R,0,20000000,6000000,7.6,6.6,6.9,Medium
TMDB-78149,"An Alan Smithee Film: Burn, Hollywood, Burn",2016,108,Documentary,French,France,R,0,89000000,26700000,6.8,6.7,6.6,Medium
TMDB-24663,The Open Road,2008,140,Action,French,France,R,0,81000000,24300000,6.8,6.0,6.4,Medium
TMDB-39037,The Good Guy,2015,95,Romance,German,France,R,0,16000000,4800000,6.8,6.2,6.4,Medium
TMDB-22805,Motherhood,2016,95,Action,Telugu,India,R,0,41000000,12300000,6.8,6.6,6.6,Medium
TMDB-39055,Free Style,2007,168,Sci-Fi,Hindi,India,R,0,104000000,31200000,7.6,5.4,6.5,Medium
TMDB-245846,Strangerland,2012,93,Documentary,Tamil,India,R,0,109000000,32700000,6.8,6.2,6.4,Medium
TMDB-25186,Janky Promoters,2012,94,Horror,Hindi,India,R,0,85000000,25500000,7.6,6.6,6.9,Medium
TMDB-15017,Blonde Ambition,2019,110,Romance,Telugu,India,R,0,116000000,34800000,6.8,6.0,6.4,Medium
TMDB-12245,The Oxford Murders,2010,85,Action,Korean,France,R,0,11000000,3300000,6.8,6.4,6.5,Medium
TMDB-49787,The Reef,2012,168,Documentary,Hindi,India,R,0,109000000,32700000,6.8,5.6,6.2,Medium
TMDB-16358,Eulogy,2003,127,Animation,Spanish,France,R,0,28000000,8400000,6.8,6.6,6.6,Medium
TMDB-7006,White Noise 2: The Light,2008,163,Documentary,Hindi,India,PG-13,0,9000000,2700000,9.2,6.1,7.5,High
TMDB-66767,Beat the World,2003,92,Animation,German,France,R,0,28000000,8400000,6.8,5.8,6.3,Medium
TMDB-17622,Fifty Dead Men Walking,2002,128,Documentary,Hindi,India,R,0,99000000,29700000,6.8,6.6,6.6,Medium
TMDB-283671,Jungle Shuffle,2013,117,Animation,Tamil,India,R,0,38000000,11400000,6.8,5.7,6.3,Medium
TMDB-18516,Adam Resurrected,2016,114,Horror,French,France,PG-13,0,65000000,19500000,9.8,6.1,7.7,High
TMDB-217708,Of Horses and Men,2004,135,Action,Spanish,France,R,0,101000000,30300000,6.8,6.9,6.7,Medium
TMDB-42057,It's a Wonderful Afterlife,2018,87,Comedy,English,USA,PG-13,0,43000000,12900000,8.4,6.6,7.3,Medium
TMDB-17577,The Devil's Tomb,2001,129,Mystery,Hindi,India,R,0,50000000,15000000,6.8,6.8,6.6,Medium
TMDB-14608,Partition,2020,90,Action,Spanish,France,R,0,21000000,6300000,7.6,6.0,6.7,Medium
TMDB-34417,Good Intentions,2004,107,Comedy,Telugu,India,R,0,53000000,15900000,6.8,5.4,6.2,Medium
TMDB-15067,"The Good, The Bad, The Weird",2006,132,Comedy,English,USA,PG-13,0,103000000,30900000,7.6,6.9,7.0,Medium
TMDB-78383,Nurse 3-D,2001,120,Romance,Spanish,France,R,0,26000000,7800000,7.6,6.4,6.9,Medium
TMDB-43090,Gunless,2006,118,Documentary,German,France,R,0,79000000,23700000,6.8,7.4,6.9,Medium
TMDB-16614,Adventureland,2023,107,Animation,Korean,France,PG-13,0,48000000,14400000,8.4,7.0,7.4,Medium
TMDB-9700,The Lost City,2001,106,Drama,Tamil,India,R,0,2000000,600000,6.8,6.8,6.6,Medium
TMDB-10471,Next Friday,2013,154,Mystery,Hindi,India,PG-13,0,110000000,33000000,9.2,7.0,7.8,High
TMDB-250066,American Heist,2015,140,Romance,Hindi,India,R,0,16000000,4800000,6.8,6.8,6.6,Medium
TMDB-667,You Only Live Twice,2008,164,Horror,Korean,France,PG-13,0,105000000,31500000,8.4,6.9,7.4,Medium
TMDB-208869,Plastic,2007,119,Mystery,Korean,France,R,0,80000000,24000000,7.6,6.0,6.7,Medium
TMDB-86837,Amour,2007,100,Romance,Tamil,India,PG-13,0,56000000,16800000,8.4,6.4,7.2,Medium
TMDB-10306,Poltergeist III,2008,91,Thriller,Japanese,France,R,0,57000000,17100000,6.8,6.0,6.4,Medium
TMDB-106845,Re-Kill,2019,140,Romance,Tamil,India,R,0,116000000,34800000,6.8,7.3,6.8,Medium
TMDB-11576,"It's a Mad, Mad, Mad, Mad World",2021,126,Drama,English,USA,PG-13,0,22000000,6600000,7.6,10.0,8.1,High
TMDB-219,Volver,2005,130,Romance,Spanish,France,PG-13,0,6000000,1800000,6.8,8.0,7.1,Medium
TMDB-11827,Heavy Metal,2009,144,Mystery,German,France,R,0,10000000,3000000,6.8,7.3,6.8,Medium
TMDB-22820,Gentlemen Broncos,2006,103,Documentary,Telugu,India,PG-13,0,79000000,23700000,8.4,6.1,7.1,Medium
TMDB-31174,Richard III,2012,88,Documentary,English,USA,PG-13,0,109000000,32700000,8.4,7.2,7.5,High
TMDB-244316,Into the Grizzly Maze,2003,135,Romance,English,USA,PG-13,0,76000000,22800000,7.6,7.5,7.2,Medium
TMDB-37737,Kites,2021,113,Sci-Fi,Hindi,India,R,0,94000000,28200000,6.8,7.4,6.9,Medium
TMDB-62215,Melancholia,2008,139,Horror,Spanish,France,PG-13,0,105000000,31500000,8.4,6.4,7.2,Medium
TMDB-66125,Red Dog,2012,166,Thriller,Tamil,India,R,0,37000000,11100000,6.8,6.4,6.5,Medium
TMDB-132316,Jab Tak Hai Jaan,2021,138,Sci-Fi,Japanese,France,PG-13,0,94000000,28200000,7.6,6.7,7.0,Medium
TMDB-348,Alien,2009,116,Drama,German,France,PG-13,0,82000000,24600000,9.8,6.2,7.8,High
TMDB-30497,The Texas Chain Saw Massacre,2014,133,Documentary,French,France,PG-13,0,39000000,11700000,9.8,7.0,8.1,High
TMDB-27586,The Runaways,2010,96,Thriller,French,France,R,0,107000000,32100000,6.8,7.2,6.8,Medium
TMDB-14811,Fiddler on the Roof,2018,106,Thriller,German,France,PG-13,0,67000000,20100000,9.8,9.9,9.1,High
TMDB-660,Thunderball,2018,121,Thriller,Spanish,France,PG-13,0,67000000,20100000,9.2,7.3,7.9,High
TMDB-68684,Detention,2018,136,Thriller,English,USA,PG-13,0,67000000,20100000,7.6,9.2,7.8,High
TMDB-40794,Loose Cannons,2000,92,Comedy,French,France,R,0,73000000,21900000,6.8,6.9,6.7,Medium
TMDB-9400,Set It Off,2020,168,Documentary,Tamil,India,PG-13,0,69000000,20700000,9.8,7.0,8.1,High
TMDB-16162,The Best Man,2012,156,Thriller,German,France,PG-13,0,37000000,11100000,9.8,6.0,7.7,High
TMDB-10585,Child's Play,2010,157,Comedy,Japanese,France,R,0,83000000,24900000,7.6,5.7,6.6,Medium
TMDB-2359,Sicko,2014,108,Documentary,Hindi,India,PG-13,0,39000000,11700000,9.8,5.7,7.6,High
TMDB-238636,The Purge: Anarchy,2009,166,Drama,Korean,France,PG-13,0,82000000,24600000,8.4,9.9,8.4,High
TMDB-10472,Down to You,2005,152,Animation,Tamil,India,R,0,78000000,23400000,6.8,6.3,6.5,Medium
TMDB-11282,Harold & Kumar Go to White Castle,2015,136,Drama,Japanese,France,PG-13,0,112000000,33600000,7.6,6.9,7.0,Medium
TMDB-6521,The Contender,2000,89,Horror,French,France,PG-13,0,25000000,7500000,9.8,6.3,7.8,High
TMDB-14181,Boiler Room,2003,145,Romance,Spanish,France,R,0,76000000,22800000,6.8,6.6,6.6,Medium
TMDB-1621,Trading Places,2023,144,Mystery,German,France,PG-13,0,120000000,36000000,9.8,6.8,8.0,High
TMDB-9656,Black Christmas,2014,98,Documentary,German,France,PG-13,0,39000000,11700000,7.6,6.9,7.0,Medium
TMDB-16428,Breakin' All the Rules,2011,88,Sci-Fi,Korean,France,R,0,84000000,25200000,6.8,5.8,6.3,Medium
TMDB-10705,Henry V,2023,135,Romance,Spanish,France,PG-13,0,96000000,28800000,9.8,8.6,8.6,High
TMDB-8272,The Savages,2014,99,Horror,German,France,PG-13,0,15000000,4500000,7.6,7.4,7.2,Medium
TMDB-24621,Chasing Papi,2016,154,Horror,Hindi,India,R,0,65000000,19500000,6.8,6.1,6.4,Medium
TMDB-1619,The Way of the Gun,2014,113,Documentary,Spanish,France,PG-13,0,39000000,11700000,8.4,6.8,7.4,Medium
TMDB-9685,Igby Goes Down,2016,149,Horror,German,France,PG-13,0,65000000,19500000,9.2,6.8,7.7,High
TMDB-14425,PCU,2022,136,Thriller,Korean,France,PG-13,0,47000000,14100000,6.8,9.3,7.5,High
TMDB-14624,The Ultimate Gift,2004,133,Documentary,French,France,PG-13,0,29000000,8700000,7.6,6.9,7.0,Medium
TMDB-10179,The Ice Pirates,2017,127,Animation,Telugu,India,PG-13,0,18000000,5400000,7.6,7.4,7.2,Medium
TMDB-15568,Gracie,2015,85,Romance,German,France,PG-13,0,16000000,4800000,8.4,6.7,7.3,Medium
TMDB-14057,Trust the Man,2007,126,Drama,Tamil,India,R,0,32000000,9600000,7.6,6.6,6.9,Medium
TMDB-12621,Hamlet 2,2014,133,Documentary,Tamil,India,PG-13,0,39000000,11700000,9.2,6.8,7.7,High
TMDB-1808,Velvet Goldmine,2023,125,Romance,Spanish,France,PG-13,0,96000000,28800000,8.4,6.8,7.4,Medium
TMDB-293670,The Wailing,2004,106,Thriller,French,France,R,0,77000000,23100000,6.8,6.3,6.5,Medium
TMDB-67675,Glee: The Concert Movie,2014,164,Horror,French,France,PG-13,0,15000000,4500000,7.6,7.3,7.2,Medium
TMDB-27329,The Legend of Suriyothai,2013,158,Sci-Fi,Telugu,India,R,0,14000000,4200000,6.8,5.7,6.3,Medium
TMDB-29514,Two Evil Eyes,2013,104,Mystery,English,USA,PG-13,0,110000000,33000000,9.8,7.4,8.2,High
TMDB-250349,Barbecue,2020,153,Documentary,Tamil,India,R,0,69000000,20700000,6.8,6.6,6.6,Medium
TMDB-12454,All or Nothing,2018,169,Horror,Telugu,India,PG-13,0,115000000,34500000,9.8,8.5,8.6,High
TMDB-39806,Princess Kaiulani,2023,113,Sci-Fi,French,France,R,0,24000000,7200000,6.8,5.6,6.2,Medium
TMDB-15699,Opal Dream,2015,118,Sci-Fi,Japanese,France,PG-13,0,64000000,19200000,9.2,6.0,7.4,Medium
TMDB-8883,Flame & Citron,2006,133,Documentary,English,USA,PG-13,0,79000000,23700000,6.8,10.0,7.8,High
TMDB-17926,Undiscovered,2008,150,Action,Korean,France,R,0,81000000,24300000,6.8,6.8,6.6,Medium
TMDB-291081,Red Riding: In the Year of Our Lord 1974,2002,122,Comedy,Korean,France,PG-13,0,3000000,900000,7.6,7.8,7.4,Medium
TMDB-41248,The Girl on the Train,2011,147,Animation,Japanese,France,R,0,108000000,32400000,6.8,5.8,6.3,Medium
TMDB-25968,Veronika Decides to Die,2007,137,Animation,Japanese,France,PG-13,0,8000000,2400000,6.8,9.0,7.4,Medium
TMDB-9671,Crocodile Dundee,2015,118,Sci-Fi,French,France,R,0,64000000,19200000,6.8,6.2,6.4,Medium
TMDB-52010,"Ultramarines: A Warhammer 40,000 Movie",2011,153,Sci-Fi,English,USA,R,0,84000000,25200000,6.8,6.1,6.4,Medium
TMDB-11588,The I Inside,2001,132,Animation,Japanese,France,R,0,98000000,29400000,6.8,6.7,6.6,Medium
TMDB-43418,Beneath Hill 60,2008,113,Documentary,Korean,France,R,0,9000000,2700000,6.8,7.0,6.7,Medium
TMDB-71157,Polisse,2006,107,Comedy,German,France,PG-13,0,103000000,30900000,6.8,10.0,7.8,High
TMDB-13483,Awake,2019,94,Mystery,German,France,R,0,20000000,6000000,6.8,7.4,6.9,Medium
TMDB-333355,Star Wars: Clone Wars: Volume 1,2023,150,Romance,German,France,PG-13,0,96000000,28800000,8.4,6.7,7.3,Medium
TMDB-327833,Skin Trade,2007,105,Romance,Telugu,India,PG-13,0,56000000,16800000,6.8,8.0,7.1,Medium
TMDB-1547,The Lost Boys,2002,136,Thriller,Telugu,India,PG-13,0,27000000,8100000,9.8,8.2,8.5,High
TMDB-25196,Crazy Heart,2021,142,Animation,German,France,PG-13,0,118000000,35400000,8.4,6.1,7.1,Medium
TMDB-16323,The Rose,2009,95,Romance,German,France,R,0,106000000,31800000,6.8,6.4,6.5,Medium
TMDB-175528,Baggage Claim,2023,167,Animation,Hindi,India,R,0,48000000,14400000,6.8,6.9,6.7,Medium
TMDB-8069,Barbarella,2010,125,Action,Tamil,India,PG-13,0,11000000,3300000,6.8,8.7,7.3,Medium
TMDB-71805,Shipwrecked,2022,96,Thriller,English,USA,R,0,47000000,14100000,6.8,6.9,6.7,Medium
TMDB-9451,Election,2009,140,Romance,Tamil,India,PG-13,0,106000000,31800000,9.8,6.7,8.0,High
TMDB-16727,The Namesake,2021,125,Romance,Japanese,France,PG-13,0,46000000,13800000,9.8,6.1,7.7,High
TMDB-272693,The DUFF,2011,128,Sci-Fi,Hindi,India,R,0,84000000,25200000,6.8,6.9,6.7,Medium
TMDB-10696,Glitter,2017,125,Romance,Korean,France,R,0,66000000,19800000,6.8,6.1,6.4,Medium
TMDB-150202,The Haunting in Connecticut 2: Ghosts of Georgia,2008,169,Horror,Japanese,France,R,0,105000000,31500000,6.8,5.8,6.3,Medium
TMDB-19644,Silmido,2014,127,Comedy,Korean,France,R,0,63000000,18900000,6.8,6.0,6.4,Medium
TMDB-29963,Bright Star,2009,111,Drama,English,USA,PG-13,0,82000000,24600000,8.4,7.3,7.5,High
TMDB-26022,My Name Is Khan,2012,99,Horror,Japanese,France,R,0,85000000,25500000,7.6,6.6,6.9,Medium
TMDB-152747,All Is Lost,2008,111,Thriller,Telugu,India,R,0,57000000,17100000,8.4,5.1,6.8,Medium
TMDB-62676,Limbo,2008,115,Action,Tamil,India,PG-13,0,81000000,24300000,9.2,5.5,7.3,Medium
TMDB-20360,Namastey London,2012,140,Action,Tamil,India,R,0,61000000,18300000,6.8,6.2,6.4,Medium
TMDB-1116,The Wind That Shakes the Barley,2012,156,Thriller,Tamil,India,R,0,37000000,11100000,6.8,6.3,6.5,Medium
TMDB-185008,Yeh Jawaani Hai Deewani,2016,141,Thriller,Telugu,India,R,0,17000000,5100000,6.8,5.7,6.3,Medium
TMDB-11620,Quo Vadis,2000,141,Thriller,English,USA,PG-13,0,97000000,29100000,6.8,10.0,7.8,High
TMDB-14353,Repo! The Genetic Opera,2021,92,Animation,German,France,PG-13,0,118000000,35400000,9.8,6.6,7.9,High
TMDB-11818,Valley of the Wolves: Iraq,2009,91,Drama,English,USA,R,0,82000000,24600000,6.8,5.7,6.3,Medium
TMDB-11176,The Muppet Movie,2020,119,Horror,Korean,France,PG-13,0,45000000,13500000,6.8,9.0,7.4,Medium
TMDB-242582,Nightcrawler,2009,103,Sci-Fi,French,France,PG-13,0,34000000,10200000,6.8,8.5,7.2,Medium
TMDB-11217,Club Dread,2022,116,Thriller,Japanese,France,PG-13,0,47000000,14100000,9.2,6.2,7.5,High
TMDB-15121,The Sound of Music,2017,145,Romance,English,USA,PG-13,0,66000000,19800000,9.2,7.5,8.0,High
TMDB-2619,Splash,2013,98,Sci-Fi,Telugu,India,PG-13,0,14000000,4200000,9.8,6.6,7.9,High
TMDB-773,Little Miss Sunshine,2023,93,Sci-Fi,English,USA,PG-13,0,24000000,7200000,6.8,8.2,7.1,Medium
TMDB-235,Stand by Me,2012,86,Thriller,Tamil,India,PG-13,0,37000000,11100000,9.8,6.9,8.0,High
TMDB-170,28 Days Later,2013,150,Romance,English,USA,PG-13,0,86000000,25800000,9.8,7.6,8.3,High
TMDB-14114,You Got Served,2017,124,Mystery,English,USA,R,0,90000000,27000000,7.6,5.7,6.6,Medium
TMDB-10734,Escape from Alcatraz,2010,109,Horror,Spanish,France,PG-13,0,35000000,10500000,6.8,10.0,7.8,High
TMDB-37964,Brown Sugar,2005,136,Drama,Korean,France,PG-13,0,102000000,30600000,9.2,7.6,8.0,High
TMDB-28121,A Thin Line Between Love and Hate,2018,130,Action,Telugu,India,R,0,91000000,27300000,7.6,5.6,6.6,Medium
TMDB-40807,50/50,2010,137,Comedy,Korean,France,PG-13,0,83000000,24900000,9.2,9.6,8.7,High
TMDB-10885,Shutter,2013,99,Mystery,Telugu,India,R,0,110000000,33000000,6.8,6.8,6.6,Medium
TMDB-225565,That Awkward Moment,2019,114,Mystery,English,USA,R,0,20000000,6000000,6.8,7.4,6.9,Medium
TMDB-16471,Modern Problems,2006,153,Documentary,Japanese,France,R,0,79000000,23700000,6.8,6.3,6.5,Medium
TMDB-385736,Kicks,2006,129,Horror,Japanese,France,R,0,55000000,16500000,6.8,6.3,6.5,Medium
TMDB-11971,Much Ado About Nothing,2014,121,Thriller,French,France,PG-13,0,87000000,26100000,9.8,6.4,7.9,High
TMDB-668,On Her Majesty's Secret Service,2009,115,Romance,English,USA,PG-13,0,106000000,31800000,6.8,7.8,7.0,Medium
TMDB-11596,New Nightmare,2017,168,Sci-Fi,Korean,France,PG-13,0,114000000,34200000,9.8,10.0,9.1,High
TMDB-14429,Drive Me Crazy,2006,118,Documentary,English,USA,PG-13,0,79000000,23700000,8.4,6.4,7.2,Medium
TMDB-13751,Akeelah and the Bee,2001,96,Drama,German,France,PG-13,0,2000000,600000,6.8,8.5,7.2,Medium
TMDB-9490,Half Baked,2001,132,Animation,Japanese,France,R,0,98000000,29400000,7.6,6.4,6.9,Medium
TMDB-14536,New in Town,2003,140,Romance,French,France,R,0,76000000,22800000,6.8,7.2,6.8,Medium
TMDB-1359,American Psycho,2019,112,Animation,Spanish,France,R,0,68000000,20400000,6.8,7.3,6.8,Medium
TMDB-9962,The Good Girl,2004,143,Documentary,English,USA,PG-13,0,29000000,8700000,9.8,7.4,8.2,High
TMDB-15049,Bon Cop Bad Cop,2010,150,Action,Spanish,France,R,0,11000000,3300000,6.8,6.7,6.6,Medium
TMDB-22821,The Boondock Saints II: All Saints Day,2001,122,Animation,Telugu,India,PG-13,0,98000000,29400000,7.6,10.0,8.1,High
TMDB-42819,The City of Your Final Destination,2021,89,Mystery,English,USA,PG-13,0,70000000,21000000,9.8,6.3,7.8,High
TMDB-209263,Enough Said,2012,130,Action,French,France,PG-13,0,61000000,18300000,9.8,7.4,8.2,High
TMDB-37735,Easy A,2012,100,Action,German,France,PG-13,0,61000000,18300000,8.4,10.0,8.5,High
TMDB-59930,The Inkwell,2002,132,Comedy,Spanish,France,R,0,3000000,900000,7.6,6.1,6.8,Medium
TMDB-10873,Shadow of the Vampire,2011,140,Romance,Japanese,France,PG-13,0,36000000,10800000,7.6,6.8,7.0,Medium
TMDB-51588,Prom,2023,153,Sci-Fi,Hindi,India,PG-13,0,24000000,7200000,8.4,7.6,7.6,High
TMDB-23570,The Pallbearer,2012,129,Horror,Hindi,India,PG-13,0,85000000,25500000,9.2,6.4,7.6,High
TMDB-19489,Held Up,2001,85,Romance,Japanese,France,PG-13,0,26000000,7800000,7.6,8.0,7.4,Medium
TMDB-14629,Woman on Top,2013,129,Mystery,Japanese,France,R,0,110000000,33000000,6.8,5.8,6.3,Medium
TMDB-8293,Howards End,2009,121,Drama,Spanish,France,PG-13,0,82000000,24600000,9.8,6.6,7.9,High
TMDB-291270,Anomalisa,2001,146,Drama,French,France,R,0,2000000,600000,7.6,5.4,6.5,Medium
TMDB-44009,Another Year,2004,120,Action,English,USA,PG-13,0,101000000,30300000,9.8,6.7,8.0,High
TMDB-1958,8 Women,2003,120,Romance,Japanese,France,R,0,76000000,22800000,7.6,6.1,6.8,Medium
TMDB-13154,Showdown in Little Tokyo,2003,132,Animation,German,France,PG-13,0,28000000,8400000,9.2,6.7,7.7,High
TMDB-26618,Clay Pigeons,2016,146,Thriller,Tamil,India,PG-13,0,17000000,5100000,9.2,6.0,7.4,Medium
TMDB-43923,It's Kind of a Funny Story,2001,115,Romance,Hindi,India,PG-13,0,26000000,7800000,7.6,8.4,7.6,High
TMDB-46138,Made in Dagenham,2000,117,Comedy,French,France,PG-13,0,73000000,21900000,7.6,9.7,8.0,High
TMDB-45791,When Did You Last See Your Father?,2019,136,Drama,Japanese,France,PG-13,0,92000000,27600000,8.4,7.3,7.5,High
TMDB-26306,Prefontaine,2018,123,Documentary,English,USA,R,0,19000000,5700000,7.6,5.8,6.6,Medium
TMDB-110683,The Wicked Lady,2004,157,Comedy,Japanese,France,R,0,53000000,15900000,6.8,6.9,6.7,Medium
TMDB-26963,The Secret of Kells,2022,154,Horror,Tamil,India,R,0,95000000,28500000,6.8,6.0,6.4,Medium
TMDB-198277,Begin Again,2017,124,Mystery,Telugu,India,PG-13,0,90000000,27000000,7.6,10.0,8.1,High
TMDB-7870,Down in the Valley,2020,112,Comedy,Hindi,India,R,0,93000000,27900000,6.8,6.8,6.6,Medium
TMDB-13072,Brooklyn Rules,2011,133,Sci-Fi,French,France,R,0,84000000,25200000,7.6,6.3,6.8,Medium
TMDB-153397,Restless,2004,155,Action,Japanese,France,R,0,101000000,30300000,6.8,6.8,6.6,Medium
TMDB-30141,The Singing Detective,2020,162,Comedy,Telugu,India,R,0,93000000,27900000,6.8,6.6,6.6,Medium
TMDB-17044,The Land Girls,2008,126,Thriller,Tamil,India,R,0,57000000,17100000,7.6,5.6,6.6,Medium
TMDB-10288,Fido,2007,114,Mystery,Telugu,India,R,0,80000000,24000000,6.8,6.8,6.6,Medium
TMDB-12183,The Wendell Baker Story,2011,127,Animation,Telugu,India,R,0,108000000,32400000,6.8,7.5,6.9,Medium
TMDB-44147,Wild Target,2014,138,Documentary,Korean,France,PG-13,0,39000000,11700000,9.2,6.7,7.7,High
TMDB-12192,Pathology,2009,154,Mystery,French,France,R,0,10000000,3000000,6.8,5.8,6.3,Medium
TMDB-36597,Wuthering Heights,2022,99,Horror,Spanish,France,R,0,95000000,28500000,6.8,7.4,6.9,Medium
TMDB-13197,10th & Wolf,2019,102,Animation,Korean,France,R,0,68000000,20400000,6.8,6.6,6.6,Medium
TMDB-10913,Dear Wendy,2013,152,Animation,Telugu,India,PG-13,0,38000000,11400000,8.4,6.0,7.1,Medium
TMDB-251321,Aloft,2013,93,Sci-Fi,English,USA,R,0,14000000,4200000,6.8,6.3,6.5,Medium
TMDB-149,Akira,2009,128,Sci-Fi,German,France,R,0,34000000,10200000,7.6,6.4,6.9,Medium
TMDB-10425,The Death and Life of Bobby Z,2021,94,Mystery,Telugu,India,PG-13,0,70000000,21000000,7.6,7.8,7.4,Medium
TMDB-49081,The Rocket: The Legend of Rocket Richard,2011,140,Romance,Spanish,France,R,0,36000000,10800000,6.8,6.0,6.4,Medium
TMDB-256687,Swelter,2007,93,Sci-Fi,Tamil,India,R,0,104000000,31200000,6.8,6.0,6.4,Medium
TMDB-220488,My Lucky Star,2020,128,Documentary,French,France,PG-13,0,69000000,20700000,9.2,6.9,7.8,High
TMDB-1544,Imagine Me & You,2018,162,Comedy,Hindi,India,PG-13,0,43000000,12900000,7.6,6.8,7.0,Medium
TMDB-374461,Mr. Church,2023,132,Animation,Telugu,India,PG-13,0,48000000,14400000,9.2,6.3,7.5,High
TMDB-302,Swimming Pool,2004,93,Documentary,French,France,R,0,29000000,8700000,7.6,6.2,6.8,Medium
TMDB-182873,Green Street Hooligans: Underground,2011,102,Animation,Japanese,France,PG-13,0,108000000,32400000,6.8,7.9,7.0,Medium
TMDB-21512,The Blood of Heroes,2007,114,Mystery,Telugu,India,R,0,80000000,24000000,6.8,6.6,6.6,Medium
TMDB-389425,Code of Honor,2003,101,Drama,Spanish,France,R,0,52000000,15600000,6.8,6.4,6.5,Medium
TMDB-403,Driving Miss Daisy,2009,148,Sci-Fi,Spanish,France,PG-13,0,34000000,10200000,9.2,6.9,7.8,High
TMDB-29461,Soul Food,2016,134,Horror,Japanese,France,PG-13,0,65000000,19500000,9.2,6.7,7.7,High
TMDB-33542,Rumble in the Bronx,2023,139,Mystery,German,France,R,0,120000000,36000000,6.8,6.1,6.4,Medium
TMDB-283708,Far from Men,2019,118,Sci-Fi,Korean,France,R,0,44000000,13200000,6.8,6.3,6.5,Medium
TMDB-9388,Thank You for Smoking,2021,86,Drama,Japanese,France,PG-13,0,22000000,6600000,9.8,10.0,9.1,High
TMDB-1691,Hostel: Part II,2005,132,Animation,Spanish,France,PG-13,0,78000000,23400000,8.4,7.4,7.6,High
TMDB-24684,An Education,2015,119,Mystery,Spanish,France,PG-13,0,40000000,12000000,7.6,8.5,7.6,High
TMDB-2610,Shopgirl,2004,107,Comedy,Korean,France,PG-13,0,53000000,15900000,8.4,6.3,7.2,Medium
TMDB-11308,The Hotel New Hampshire,2012,164,Horror,English,USA,R,0,85000000,25500000,7.6,6.1,6.8,Medium
TMDB-11022,Narc,2023,97,Animation,Tamil,India,PG-13,0,48000000,14400000,8.4,6.4,7.2,Medium
TMDB-34341,Men with Brooms,2021,121,Drama,Spanish,France,R,0,22000000,6600000,7.6,6.4,6.9,Medium
TMDB-15365,Witless Protection,2023,157,Animation,Tamil,India,R,0,48000000,14400000,6.8,6.0,6.4,Medium
TMDB-36046,The Work and the Glory,2012,128,Documentary,Spanish,France,R,0,109000000,32700000,6.8,5.8,6.3,Medium
TMDB-12569,Extract,2002,111,Thriller,Japanese,France,PG-13,0,27000000,8100000,9.2,8.0,8.1,High
TMDB-24356,Masked and Anonymous,2023,98,Sci-Fi,Tamil,India,PG-13,0,24000000,7200000,9.8,7.5,8.2,High
TMDB-55903,Betty Fisher and Other Stories,2015,109,Mystery,German,France,R,0,40000000,12000000,6.8,7.2,6.8,Medium
TMDB-2577,Code 46,2002,138,Documentary,Korean,France,PG-13,0,99000000,29700000,9.8,7.4,8.2,High
TMDB-103903,Outside Bet,2006,104,Horror,English,USA,PG-13,0,55000000,16500000,6.8,8.1,7.1,Medium
TMDB-73873,Albert Nobbs,2007,108,Sci-Fi,Korean,France,PG-13,0,104000000,31200000,7.6,6.9,7.0,Medium
TMDB-312113,Black November,2010,94,Horror,Telugu,India,R,0,35000000,10500000,6.8,7.4,6.9,Medium
TMDB-14165,Ta Ra Rum Pum,2002,98,Documentary,Japanese,France,R,0,99000000,29700000,6.8,6.3,6.5,Medium
TMDB-2011,Persepolis,2002,133,Documentary,Telugu,India,R,0,99000000,29700000,6.8,6.3,6.5,Medium
TMDB-45650,The Hole,2020,88,Documentary,German,France,PG-13,0,69000000,20700000,9.8,6.6,7.9,High
TMDB-7735,The Wave,2008,137,Comedy,Japanese,France,PG-13,0,33000000,9900000,6.8,8.7,7.3,Medium
TMDB-301365,The Neon Demon,2007,116,Drama,Japanese,France,PG-13,0,32000000,9600000,9.2,6.9,7.8,High
TMDB-25941,Harry Brown,2021,129,Mystery,German,France,PG-13,0,70000000,21000000,6.8,9.1,7.4,Medium
TMDB-29064,The Omega Code,2016,166,Thriller,Tamil,India,R,0,17000000,5100000,6.8,5.6,6.2,Medium
TMDB-7326,Juno,2008,134,Horror,English,USA,PG-13,0,105000000,31500000,9.8,8.6,8.6,High
TMDB-326284,Pound of Flesh,2020,131,Thriller,Spanish,France,R,0,117000000,35100000,7.6,6.0,6.7,Medium
TMDB-681,Diamonds Are Forever,2014,131,Thriller,Tamil,India,PG-13,0,87000000,26100000,9.8,7.8,8.3,High
TMDB-535,Flashdance,2014,140,Action,English,USA,PG-13,0,111000000,33300000,9.2,8.1,8.2,High
TMDB-19913,(500) Days of Summer,2018,156,Thriller,Spanish,France,PG-13,0,67000000,20100000,8.4,7.8,7.7,High
TMDB-713,The Piano,2018,145,Action,Korean,France,PG-13,0,91000000,27300000,8.4,6.8,7.4,Medium
TMDB-77930,Magic Mike,2022,158,Documentary,Tamil,India,PG-13,0,119000000,35700000,9.8,10.0,9.1,High
TMDB-10727,Darkness Falls,2019,128,Sci-Fi,Japanese,France,PG-13,0,44000000,13200000,9.8,6.2,7.8,High
TMDB-253,Live and Let Die,2006,108,Documentary,Telugu,India,PG-13,0,79000000,23700000,9.8,6.8,8.0,High
TMDB-17908,My Dog Skip,2001,93,Sci-Fi,Hindi,India,PG-13,0,74000000,22200000,8.4,5.7,7.0,Medium
TMDB-8390,"Definitely, Maybe",2018,137,Comedy,English,USA,R,0,43000000,12900000,6.8,6.8,6.6,Medium
TMDB-57119,Jumping the Broom,2013,151,Drama,Korean,France,R,0,62000000,18600000,7.6,6.3,6.8,Medium
TMDB-3291,"Good Night, and Good Luck.",2008,134,Horror,Korean,France,PG-13,0,105000000,31500000,9.8,7.5,8.2,High
TMDB-398,Capote,2010,129,Horror,French,France,PG-13,0,35000000,10500000,7.6,7.0,7.1,Medium
TMDB-8068,Desperado,2015,86,Drama,French,France,PG-13,0,112000000,33600000,9.8,6.9,8.0,High
TMDB-10803,Logan's Run,2007,102,Animation,Telugu,India,R,0,8000000,2400000,6.8,7.3,6.8,Medium
TMDB-682,The Man with the Golden Gun,2001,155,Romance,Japanese,France,PG-13,0,26000000,7800000,9.8,6.9,8.0,High
TMDB-10117,Action Jackson,2016,118,Documentary,English,USA,PG-13,0,89000000,26700000,7.6,7.3,7.2,Medium
TMDB-9392,The Descent,2006,119,Horror,German,France,PG-13,0,55000000,16500000,8.4,6.2,7.2,Medium
TMDB-24977,Michael Jordan to the Max,2016,107,Comedy,German,France,R,0,113000000,33900000,6.8,6.0,6.4,Medium
TMDB-79316,Devil's Due,2004,123,Documentary,Korean,France,R,0,29000000,8700000,6.8,6.9,6.7,Medium
TMDB-2074,Flirting with Disaster,2000,167,Comedy,German,France,PG-13,0,73000000,21900000,9.8,8.0,8.4,High
TMDB-1696,The Devil's Rejects,2000,108,Documentary,Hindi,India,PG-13,0,49000000,14700000,9.2,8.2,8.2,High
TMDB-308639,Dope,2011,110,Romance,German,France,PG-13,0,36000000,10800000,9.2,7.4,7.9,High
TMDB-22314,In Too Deep,2005,110,Romance,Japanese,France,R,0,6000000,1800000,7.6,6.2,6.8,Medium
TMDB-2662,House of 1000 Corpses,2016,121,Thriller,English,USA,PG-13,0,17000000,5100000,9.2,8.2,8.2,High
TMDB-77156,Alien Zone,2017,165,Romance,Hindi,India,R,0,66000000,19800000,6.8,5.8,6.3,Medium
TMDB-12573,A Serious Man,2020,121,Thriller,English,USA,PG-13,0,117000000,35100000,9.8,7.2,8.1,High
TMDB-44718,Get Low,2014,132,Comedy,Tamil,India,R,0,63000000,18900000,6.8,6.0,6.4,Medium
TMDB-11342,Warlock,2016,135,Action,German,France,PG-13,0,41000000,12300000,9.8,6.3,7.8,High
TMDB-241771,Beyond the Lights,2007,86,Drama,Spanish,France,PG-13,0,32000000,9600000,8.4,10.0,8.5,High
TMDB-34653,A Single Man,2012,161,Thriller,French,France,R,0,37000000,11100000,6.8,7.6,6.9,Medium
TMDB-11051,The Last Temptation of Christ,2002,154,Horror,Korean,France,PG-13,0,75000000,22500000,9.8,6.8,8.0,High
TMDB-14578,Outside Providence,2014,85,Action,Telugu,India,R,0,111000000,33300000,7.6,6.4,6.9,Medium
TMDB-57825,Bride & Prejudice,2015,138,Sci-Fi,Korean,France,PG-13,0,64000000,19200000,8.4,6.8,7.4,Medium
TMDB-9555,Rabbit-Proof Fence,2005,136,Drama,Spanish,France,PG-13,0,102000000,30600000,9.8,6.3,7.8,High
TMDB-15581,Who's Your Caddy?,2011,104,Mystery,Telugu,India,PG-13,0,60000000,18000000,8.4,6.3,7.2,Medium
TMDB-13006,Split Second,2001,102,Animation,English,USA,R,0,98000000,29400000,6.8,7.6,6.9,Medium
TMDB-16651,The Other Side of Heaven,2010,95,Action,French,France,R,0,11000000,3300000,7.6,5.5,6.5,Medium
TMDB-4251,Veer-Zaara,2011,165,Romance,Japanese,France,R,0,36000000,10800000,7.6,6.6,6.9,Medium
TMDB-12400,Redbelt,2004,164,Horror,Tamil,India,PG-13,0,5000000,1500000,7.6,7.6,7.3,Medium
TMDB-39053,Cyrus,2021,88,Sci-Fi,Telugu,India,PG-13,0,94000000,28200000,9.2,6.3,7.5,High
TMDB-104896,A Dog Of Flanders,2023,133,Sci-Fi,Japanese,France,R,0,24000000,7200000,6.8,6.1,6.4,Medium
TMDB-14112,Auto Focus,2017,150,Romance,Hindi,India,PG-13,0,66000000,19800000,9.8,6.8,8.0,High
TMDB-12271,Factory Girl,2020,135,Action,Japanese,France,PG-13,0,21000000,6300000,7.6,9.0,7.8,High
TMDB-71859,We Need to Talk About Kevin,2007,143,Sci-Fi,French,France,R,0,104000000,31200000,7.6,6.2,6.8,Medium
TMDB-226354,The Christmas Candle,2002,128,Documentary,Spanish,France,R,0,99000000,29700000,6.8,6.2,6.4,Medium
TMDB-48620,The Mighty Macs,2014,88,Documentary,Korean,France,R,0,39000000,11700000,6.8,5.6,6.2,Medium
TMDB-33676,Losin' It,2007,122,Animation,Spanish,France,PG-13,0,8000000,2400000,9.8,6.8,8.0,High
TMDB-37080,Mother and Child,2010,124,Horror,Korean,France,PG-13,0,35000000,10500000,7.6,7.5,7.2,Medium
TMDB-25388,March or Die,2021,113,Sci-Fi,Hindi,India,R,0,94000000,28200000,6.8,7.0,6.7,Medium
TMDB-11687,The Visitors,2002,151,Thriller,Telugu,India,PG-13,0,27000000,8100000,8.4,6.8,7.4,Medium
TMDB-39210,Somewhere,2008,116,Thriller,Spanish,France,PG-13,0,57000000,17100000,9.2,7.5,8.0,High
TMDB-30128,I Hope They Serve Beer in Hell,2023,87,Animation,Spanish,France,R,0,48000000,14400000,6.8,6.1,6.4,Medium
TMDB-31535,Chairman of the Board,2013,117,Animation,French,France,R,0,38000000,11400000,6.8,6.1,6.4,Medium
TMDB-44835,Hesher,2002,130,Action,Hindi,India,R,0,51000000,15300000,6.8,6.3,6.5,Medium
TMDB-192134,Dom Hemingway,2022,117,Comedy,Tamil,India,PG-13,0,23000000,6900000,8.4,6.4,7.2,Medium
TMDB-1956,Gerry,2008,165,Action,Telugu,India,PG-13,0,81000000,24300000,9.8,5.2,7.4,Medium
TMDB-24985,The Heart of Me,2001,146,Drama,English,USA,R,0,2000000,600000,6.8,6.3,6.5,Medium
TMDB-306745,Freeheld,2002,106,Thriller,Telugu,India,PG-13,0,27000000,8100000,8.4,8.5,8.0,High
TMDB-47088,The Extra Man,2000,92,Comedy,Hindi,India,PG-13,0,73000000,21900000,7.6,6.9,7.0,Medium
TMDB-110402,Hard to Be a God,2006,112,Comedy,French,France,R,0,103000000,30900000,6.8,6.0,6.4,Medium
TMDB-27004,Ca$h,2004,159,Horror,Spanish,France,R,0,5000000,1500000,6.8,6.4,6.5,Medium
TMDB-15013,Wah-Wah,2005,125,Romance,English,USA,R,0,6000000,1800000,6.8,7.6,6.9,Medium
TMDB-8374,The Boondock Saints,2006,107,Comedy,Hindi,India,PG-13,0,103000000,30900000,7.6,6.8,7.0,Medium
TMDB-277519,Z Storm,2008,131,Thriller,Hindi,India,PG-13,0,57000000,17100000,6.8,7.8,7.0,Medium
TMDB-78381,Twixt,2017,104,Mystery,Tamil,India,PG-13,0,90000000,27000000,9.8,6.3,7.8,High
TMDB-164372,The Snow Queen,2021,130,Romance,Japanese,France,R,0,46000000,13800000,6.8,5.6,6.2,Medium
TMDB-294512,Alpha and Omega: The Legend of the Saw Tooth Cave,2004,130,Action,Tamil,India,R,0,101000000,30300000,6.8,5.6,6.2,Medium
TMDB-8879,Pale Rider,2022,138,Documentary,German,France,PG-13,0,119000000,35700000,9.8,6.6,7.9,High
TMDB-13001,Stargate: The Ark of Truth,2001,140,Romance,Hindi,India,R,0,26000000,7800000,6.8,6.2,6.4,Medium
TMDB-9571,Dazed and Confused,2019,87,Animation,English,USA,PG-13,0,68000000,20400000,9.8,7.0,8.1,High
TMDB-13649,High School Musical 2,2000,95,Action,Tamil,India,PG-13,0,1000000,300000,9.8,7.0,8.1,High
TMDB-325373,Two Lovers and a Bear,2002,130,Action,Telugu,India,R,0,51000000,15300000,6.8,7.3,6.8,Medium
TMDB-334527,Criminal Activities,2008,126,Thriller,Japanese,France,PG-13,0,57000000,17100000,6.8,7.9,7.0,Medium
TMDB-2211,Aimee & Jaguar,2020,141,Thriller,Korean,France,R,0,117000000,35100000,6.8,6.9,6.7,Medium
TMDB-13919,The Chumscrubber,2019,112,Animation,Korean,France,PG-13,0,68000000,20400000,6.8,8.4,7.2,Medium
TMDB-14576,Shade,2008,88,Documentary,German,France,R,0,9000000,2700000,6.8,7.3,6.8,Medium
TMDB-82505,House at the End of the Street,2004,153,Documentary,Hindi,India,PG-13,0,29000000,8700000,6.8,7.9,7.0,Medium
TMDB-46738,Incendies,2002,163,Documentary,German,France,PG-13,0,99000000,29700000,8.4,7.8,7.7,High
TMDB-38970,"Remember Me, My Love",2022,98,Documentary,Hindi,India,PG-13,0,119000000,35700000,9.2,7.4,7.9,High
TMDB-41009,Perrier’s Bounty,2004,137,Comedy,French,France,R,0,53000000,15900000,6.8,7.0,6.7,Medium
TMDB-7347,Elite Squad,2012,164,Horror,English,USA,R,0,85000000,25500000,7.6,6.2,6.8,Medium
TMDB-250546,Annabelle,2010,157,Comedy,Hindi,India,PG-13,0,83000000,24900000,7.6,7.8,7.4,Medium
TMDB-38415,Bran Nue Dae,2011,93,Sci-Fi,English,USA,R,0,84000000,25200000,6.8,5.6,6.2,Medium
TMDB-650,Boyz n the Hood,2014,115,Action,German,France,PG-13,0,111000000,33300000,9.8,6.6,7.9,High
TMDB-16620,La Bamba,2010,120,Action,German,France,PG-13,0,11000000,3300000,6.8,10.0,7.8,High
TMDB-25113,The Four Seasons,2012,152,Comedy,Telugu,India,R,0,13000000,3900000,6.8,5.8,6.3,Medium
TMDB-11033,Dressed to Kill,2011,116,Drama,Hindi,India,PG-13,0,12000000,3600000,9.8,6.7,8.0,High
TMDB-34723,The Adventures of Huck Finn,2009,160,Romance,Japanese,France,PG-13,0,106000000,31800000,9.2,5.8,7.4,Medium
TMDB-9430,Go,2023,113,Sci-Fi,Korean,France,PG-13,0,24000000,7200000,9.8,7.0,8.1,High
TMDB-8998,Friends with Money,2004,121,Thriller,Korean,France,PG-13,0,77000000,23100000,9.8,6.6,7.9,High
TMDB-10514,The Andromeda Strain,2001,113,Sci-Fi,Spanish,France,PG-13,0,74000000,22200000,9.2,7.6,8.0,High
TMDB-10496,Bats,2002,165,Action,German,France,R,0,51000000,15300000,6.8,6.4,6.5,Medium
TMDB-1591,Nowhere in Africa,2016,159,Horror,German,France,PG-13,0,65000000,19500000,6.8,8.0,7.1,Medium
TMDB-76025,Shame,2008,164,Horror,German,France,R,0,105000000,31500000,7.6,6.6,6.9,Medium
TMDB-4836,Layer Cake,2000,151,Thriller,German,France,PG-13,0,97000000,29100000,9.2,7.2,7.9,High
TMDB-14631,The Work and the Glory II: American Zion,2018,155,Action,Korean,France,R,0,91000000,27300000,6.8,6.0,6.4,Medium
TMDB-87499,The East,2005,111,Drama,Korean,France,PG-13,0,102000000,30600000,7.6,6.8,7.0,Medium
TMDB-18923,A Home at the End of the World,2001,114,Mystery,Korean,France,R,0,50000000,15000000,7.6,6.1,6.8,Medium
TMDB-26665,Aberdeen,2011,141,Drama,Telugu,India,R,0,12000000,3600000,6.8,6.2,6.4,Medium
TMDB-28089,The Messenger,2003,169,Mystery,German,France,R,0,100000000,30000000,6.8,6.7,6.6,Medium
TMDB-62255,Tracker,2002,85,Action,Spanish,France,R,0,51000000,15300000,6.8,6.0,6.4,Medium
TMDB-5708,Control,2007,105,Romance,French,France,PG-13,0,56000000,16800000,8.4,8.8,8.1,High
TMDB-218,The Terminator,2016,120,Action,German,France,PG-13,0,41000000,12300000,9.8,9.0,8.8,High
TMDB-338,"Good bye, Lenin!",2014,109,Horror,Japanese,France,R,0,15000000,4500000,6.8,6.9,6.7,Medium
TMDB-21641,The Damned United,2020,104,Horror,Telugu,India,PG-13,0,45000000,13500000,8.4,8.1,7.8,High
TMDB-10925,The Return of the Living Dead,2016,96,Thriller,German,France,R,0,17000000,5100000,6.8,6.8,6.6,Medium
TMDB-2293,Mallrats,2015,169,Mystery,English,USA,PG-13,0,40000000,12000000,9.8,7.2,8.1,High
TMDB-621,Grease,2009,92,Animation,Tamil,India,PG-13,0,58000000,17400000,8.4,7.8,7.7,High
TMDB-792,Platoon,2023,160,Romance,Telugu,India,PG-13,0,96000000,28800000,9.8,8.7,8.7,High
TMDB-1777,Fahrenheit 9/11,2013,103,Sci-Fi,English,USA,PG-13,0,14000000,4200000,9.8,7.0,8.1,High
TMDB-642,Butch Cassidy and the Sundance Kid,2000,145,Action,Hindi,India,PG-13,0,1000000,300000,7.6,7.5,7.2,Medium
TMDB-433,Mary Poppins,2002,118,Documentary,Spanish,France,R,0,99000000,29700000,6.8,7.4,6.9,Medium
TMDB-16619,Ordinary People,2020,142,Comedy,French,France,PG-13,0,93000000,27900000,9.8,7.0,8.1,High
TMDB-1725,West Side Story,2005,144,Mystery,Hindi,India,PG-13,0,30000000,9000000,9.2,9.3,8.6,High
TMDB-11977,Caddyshack,2017,150,Romance,Tamil,India,PG-13,0,66000000,19800000,9.8,10.0,9.1,High
TMDB-20322,The Brothers,2001,100,Romance,German,France,R,0,26000000,7800000,6.8,6.0,6.4,Medium
TMDB-16158,The Wood,2014,115,Action,English,USA,PG-13,0,111000000,33300000,9.2,6.3,7.5,High
TMDB-629,The Usual Suspects,2021,91,Drama,English,USA,PG-13,0,22000000,6600000,9.8,7.2,8.1,High
TMDB-10160,A Nightmare on Elm Street 5: The Dream Child,2022,156,Thriller,French,France,PG-13,0,47000000,14100000,9.8,10.0,9.1,High
TMDB-11452,National Lampoon’s Van Wilder,2023,159,Mystery,English,USA,PG-13,0,120000000,36000000,9.2,6.6,7.6,High
TMDB-12163,The Wrestler,2018,108,Documentary,Telugu,India,PG-13,0,19000000,5700000,9.8,10.0,9.1,High
TMDB-32275,Duel in the Sun,2000,99,Horror,Tamil,India,PG-13,0,25000000,7500000,8.4,6.8,7.4,Medium
TMDB-13785,Best in Show,2014,98,Documentary,Hindi,India,PG-13,0,39000000,11700000,9.2,7.2,7.9,High
TMDB-1103,Escape from New York,2023,144,Mystery,Hindi,India,PG-13,0,120000000,36000000,9.8,6.7,8.0,High
TMDB-36739,School Daze,2013,135,Romance,Hindi,India,PG-13,0,86000000,25800000,9.8,7.0,8.1,High
TMDB-14144,Daddy Day Camp,2011,99,Mystery,German,France,R,0,60000000,18000000,6.8,5.7,6.3,Medium
TMDB-10622,Mr. Nice Guy,2012,120,Action,German,France,R,0,61000000,18300000,6.8,6.8,6.6,Medium
TMDB-13370,A Mighty Wind,2023,112,Animation,English,USA,PG-13,0,48000000,14400000,9.2,7.4,7.9,High
TMDB-11191,Mystic Pizza,2016,167,Comedy,French,France,PG-13,0,113000000,33900000,9.8,6.0,7.7,High
TMDB-10215,Sliding Doors,2012,119,Horror,Japanese,France,PG-13,0,85000000,25500000,9.2,7.4,7.9,High
TMDB-25066,Tales from the Hood,2010,138,Documentary,German,France,PG-13,0,59000000,17700000,6.8,8.6,7.3,Medium
TMDB-1523,The Last King of Scotland,2000,139,Horror,Korean,France,PG-13,0,25000000,7500000,8.4,6.9,7.4,Medium
TMDB-11361,Halloween 5: The Revenge of Michael Myers,2010,166,Thriller,Telugu,India,R,0,107000000,32100000,6.8,7.3,6.8,Medium
TMDB-92591,Bernie,2023,120,Romance,Telugu,India,PG-13,0,96000000,28800000,9.8,7.2,8.1,High
TMDB-57612,Dolphins and Whales: Tribes of the Ocean,2017,98,Sci-Fi,German,France,R,0,114000000,34200000,6.8,5.2,6.1,Medium
TMDB-12509,Pollock,2001,91,Drama,Telugu,India,PG-13,0,2000000,600000,7.6,10.0,8.1,High
TMDB-15256,200 Cigarettes,2008,94,Horror,Korean,France,R,0,105000000,31500000,6.8,6.3,6.5,Medium
TMDB-83686,The Words,2009,169,Mystery,English,USA,R,0,10000000,3000000,6.8,6.8,6.6,Medium
TMDB-80304,Casa De Mi Padre,2023,97,Animation,Hindi,India,R,0,48000000,14400000,6.8,6.2,6.4,Medium
TMDB-28053,City Island,2004,159,Horror,French,France,R,0,5000000,1500000,6.8,6.3,6.5,Medium
TMDB-67913,The Guard,2001,134,Mystery,Japanese,France,R,0,50000000,15000000,6.8,6.7,6.6,Medium
TMDB-13991,College,2009,95,Romance,Hindi,India,R,0,106000000,31800000,6.8,7.3,6.8,Medium
TMDB-1443,The Virgin Suicides,2004,89,Horror,Korean,France,PG-13,0,5000000,1500000,9.2,7.4,7.9,High
TMDB-8545,Little Voice,2013,157,Animation,Japanese,France,PG-13,0,38000000,11400000,7.6,6.8,7.0,Medium
TMDB-19556,Miss March,2005,124,Mystery,French,France,PG-13,0,30000000,9000000,6.8,7.8,7.0,Medium
TMDB-231576,Wish I Was Here,2010,122,Comedy,English,USA,PG-13,0,83000000,24900000,7.6,8.2,7.5,High
TMDB-16172,Simply Irresistible,2016,158,Documentary,French,France,R,0,89000000,26700000,6.8,6.8,6.6,Medium
TMDB-13403,Hedwig and the Angry Inch,2011,148,Sci-Fi,Korean,France,PG-13,0,84000000,25200000,8.4,6.6,7.3,Medium
TMDB-15797,Only the Strong,2010,168,Documentary,Korean,France,R,0,59000000,17700000,7.6,6.0,6.7,Medium
TMDB-347764,Goddess of Love,2020,119,Horror,Telugu,India,PG-13,0,45000000,13500000,8.4,6.1,7.1,Medium
TMDB-13537,Shattered Glass,2014,107,Comedy,German,France,PG-13,0,63000000,18900000,7.6,7.2,7.1,Medium
TMDB-20794,Novocaine,2021,161,Drama,Korean,France,PG-13,0,22000000,6600000,6.8,9.4,7.5,High
TMDB-31064,The Business of Strangers,2011,139,Mystery,French,France,R,0,60000000,18000000,7.6,5.6,6.6,Medium
TMDB-576,The Wild Bunch,2021,86,Drama,French,France,PG-13,0,22000000,6600000,9.2,10.0,8.8,High
TMDB-13990,The Wackness,2015,97,Animation,English,USA,PG-13,0,88000000,26400000,9.2,6.8,7.7,High
TMDB-11583,The First Great Train Robbery,2010,127,Comedy,Spanish,France,PG-13,0,83000000,24900000,6.8,7.8,7.0,Medium
TMDB-18602,Morvern Callar,2013,136,Drama,Hindi,India,R,0,62000000,18600000,7.6,6.2,6.8,Medium
TMDB-27549,Beastmaster 2: Through the Portal of Time,2016,91,Thriller,Spanish,France,PG-13,0,17000000,5100000,6.8,7.8,7.0,Medium
TMDB-59728,The 5th Quarter,2007,148,Sci-Fi,English,USA,R,0,104000000,31200000,6.8,6.6,6.6,Medium
TMDB-10930,The Flower of Evil,2023,159,Mystery,Korean,France,R,0,120000000,36000000,7.6,5.6,6.6,Medium
TMDB-32395,The Greatest,2020,152,Comedy,Telugu,India,PG-13,0,93000000,27900000,8.4,7.2,7.5,High
TMDB-58882,Snow Flower and the Secret Fan,2015,97,Animation,French,France,PG-13,0,88000000,26400000,9.8,7.2,8.1,High
TMDB-7547,Come Early Morning,2014,159,Horror,Telugu,India,R,0,15000000,4500000,6.8,7.3,6.8,Medium
TMDB-35944,Lucky Break,2017,105,Romance,Telugu,India,PG-13,0,66000000,19800000,9.2,7.5,8.0,High
TMDB-42222,Julia,2000,123,Documentary,Hindi,India,PG-13,0,49000000,14700000,9.8,6.7,8.0,High
TMDB-13827,"Surfer, Dude",2000,147,Comedy,Korean,France,R,0,73000000,21900000,6.8,6.0,6.4,Medium
TMDB-44260,Lake of Fire,2003,124,Mystery,Hindi,India,R,0,100000000,30000000,8.4,5.4,6.9,Medium
TMDB-9282,11:14,2001,169,Mystery,Spanish,France,R,0,50000000,15000000,6.8,6.6,6.6,Medium
TMDB-38940,Men of War,2006,93,Documentary,German,France,R,0,79000000,23700000,6.8,5.6,6.2,Medium
TMDB-35689,Don McKay,2012,145,Action,German,France,R,0,61000000,18300000,6.8,5.8,6.3,Medium
TMDB-97614,Deadfall,2005,148,Sci-Fi,German,France,PG-13,0,54000000,16200000,8.4,9.1,8.2,High
TMDB-37206,A Shine of Rainbows,2002,139,Horror,Hindi,India,R,0,75000000,22500000,7.6,5.7,6.6,Medium
TMDB-58626,The Hit List,2000,97,Comedy,English,USA,R,0,73000000,21900000,7.6,6.6,6.9,Medium
TMDB-183894,Emma,2009,148,Sci-Fi,Hindi,India,PG-13,0,34000000,10200000,6.8,8.4,7.2,Medium
TMDB-837,Videodrome,2015,144,Mystery,Hindi,India,PG-13,0,40000000,12000000,9.8,7.4,8.2,High
TMDB-1555,The Spanish Apartment,2017,99,Mystery,Telugu,India,PG-13,0,90000000,27000000,7.6,7.4,7.2,Medium
TMDB-244783,Song One,2013,125,Romance,English,USA,R,0,86000000,25800000,6.8,5.6,6.2,Medium
TMDB-16564,Winter in Wartime,2014,120,Action,Korean,France,R,0,111000000,33300000,6.8,6.8,6.6,Medium
TMDB-168027,Freaky Deaky,2021,119,Mystery,Japanese,France,R,0,70000000,21000000,6.8,7.0,6.7,Medium
TMDB-3482,The Train,2019,131,Drama,Japanese,France,PG-13,0,92000000,27600000,9.8,7.9,8.4,High
TMDB-135595,Trade Of Innocents,2009,142,Animation,Japanese,France,R,0,58000000,17400000,6.8,5.8,6.3,Medium
TMDB-8982,The Protector,2015,161,Drama,English,USA,R,0,112000000,33600000,6.8,6.2,6.4,Medium
TMDB-89861,Stiff Upper Lips,2000,128,Documentary,French,France,R,0,49000000,14700000,6.8,6.4,6.5,Medium
TMDB-455,Bend It Like Beckham,2003,119,Mystery,Telugu,India,PG-13,0,100000000,30000000,8.4,6.6,7.3,Medium
TMDB-57022,Sunshine State,2022,130,Action,Tamil,India,PG-13,0,71000000,21300000,9.2,7.0,7.8,High
TMDB-14351,Crossover,2013,129,Mystery,Hindi,India,PG-13,0,110000000,33000000,7.6,8.8,7.7,High
TMDB-147767,Khiladi 786,2008,121,Thriller,Korean,France,R,0,57000000,17100000,6.8,5.7,6.3,Medium
TMDB-10664,[REC]²,2001,124,Mystery,Tamil,India,PG-13,0,50000000,15000000,9.2,6.6,7.6,High
TMDB-55567,Standing Ovation,2010,125,Action,French,France,PG-13,0,11000000,3300000,7.6,6.9,7.0,Medium
TMDB-9277,The Sting,2019,147,Animation,French,France,PG-13,0,68000000,20400000,7.6,9.8,8.0,High
TMDB-9443,Chariots of Fire,2006,112,Comedy,Telugu,India,PG-13,0,103000000,30900000,7.6,7.0,7.1,Medium
TMDB-16186,Diary of a Mad Black Woman,2010,153,Documentary,Korean,France,R,0,59000000,17700000,6.8,6.3,6.5,Medium
TMDB-7863,Shine,2011,122,Animation,Spanish,France,PG-13,0,108000000,32400000,9.8,6.2,7.8,High
TMDB-138697,Don Jon,2017,149,Mystery,German,France,PG-13,0,90000000,27000000,6.8,10.0,7.8,High
TMDB-11901,High Plains Drifter,2010,146,Thriller,French,France,PG-13,0,107000000,32100000,9.8,6.8,8.0,High
TMDB-1548,Ghost World,2000,151,Thriller,Spanish,France,PG-13,0,97000000,29100000,7.6,7.8,7.4,Medium
TMDB-11889,Iris,2008,162,Comedy,Tamil,India,R,0,33000000,9900000,7.6,6.6,6.9,Medium
TMDB-33155,Galaxina,2005,106,Drama,Telugu,India,R,0,102000000,30600000,6.8,6.6,6.6,Medium
TMDB-5528,The Chorus,2021,136,Drama,Japanese,France,R,0,22000000,6600000,6.8,7.4,6.9,Medium
TMDB-321,Mambo Italiano,2020,161,Thriller,Tamil,India,R,0,117000000,35100000,6.8,6.8,6.6,Medium
TMDB-4997,Wonderland,2007,110,Romance,Hindi,India,PG-13,0,56000000,16800000,8.4,7.2,7.5,High
TMDB-925,Do the Right Thing,2010,169,Horror,Spanish,France,PG-13,0,35000000,10500000,9.8,10.0,9.1,High
TMDB-27451,Harvard Man,2013,119,Mystery,Hindi,India,R,0,110000000,33000000,7.6,6.4,6.9,Medium
TMDB-73532,Le Havre,2003,139,Mystery,Hindi,India,R,0,100000000,30000000,6.8,6.1,6.4,Medium
TMDB-979,Irreversible,2005,164,Mystery,Korean,France,R,0,30000000,9000000,7.6,6.4,6.9,Medium
TMDB-193722,R100,2019,107,Animation,Spanish,France,R,0,68000000,20400000,6.8,6.6,6.6,Medium
TMDB-7913,Rang De Basanti,2017,148,Sci-Fi,Tamil,India,R,0,114000000,34200000,6.8,6.1,6.4,Medium
TMDB-253253,Animals,2018,129,Horror,German,France,R,0,115000000,34500000,6.8,5.7,6.3,Medium
TMDB-51995,Salvation Boulevard,2001,139,Mystery,Hindi,India,R,0,50000000,15000000,6.8,6.0,6.4,Medium
TMDB-13173,The Ten,2012,160,Action,Hindi,India,PG-13,0,61000000,18300000,9.2,7.9,8.1,High
TMDB-22908,A Room for Romeo Brass,2011,125,Romance,Telugu,India,PG-13,0,36000000,10800000,9.2,7.5,8.0,High
TMDB-70670,Headhunters,2023,161,Drama,French,France,PG-13,0,72000000,21600000,7.6,7.0,7.1,Medium
TMDB-84204,Grabbers,2008,155,Action,Tamil,India,R,0,81000000,24300000,6.8,6.3,6.5,Medium
TMDB-25248,Saint Ralph,2017,128,Sci-Fi,German,France,R,0,114000000,34200000,6.8,5.7,6.3,Medium
TMDB-230266,Miss Julie,2014,161,Thriller,English,USA,R,0,87000000,26100000,6.8,5.5,6.2,Medium
TMDB-16633,Somewhere in Time,2002,169,Horror,Spanish,France,R,0,75000000,22500000,7.6,6.6,6.9,Medium
TMDB-63006,Dum Maaro Dum,2005,94,Mystery,Japanese,France,R,0,30000000,9000000,6.8,5.6,6.2,Medium
TMDB-91586,Insidious: Chapter 2,2009,87,Animation,Spanish,France,PG-13,0,58000000,17400000,9.8,8.7,8.7,High
TMDB-215,Saw II,2005,88,Sci-Fi,Japanese,France,PG-13,0,54000000,16200000,9.8,6.8,8.0,High
TMDB-333371,10 Cloverfield Lane,2008,90,Action,Spanish,France,R,0,81000000,24300000,6.8,6.2,6.4,Medium
TMDB-9012,Jackass: The Movie,2019,85,Romance,Japanese,France,PG-13,0,116000000,34800000,9.2,8.8,8.4,High
TMDB-345911,Lights Out,2011,128,Sci-Fi,English,USA,R,0,84000000,25200000,6.8,6.8,6.6,Medium
TMDB-72571,Paranormal Activity 3,2002,162,Comedy,Japanese,France,PG-13,0,3000000,900000,8.4,6.3,7.2,Medium
TMDB-242512,Ouija,2011,114,Mystery,Korean,France,R,0,60000000,18000000,6.8,7.3,6.8,Medium
TMDB-10072,A Nightmare on Elm Street 3: Dream Warriors,2020,168,Documentary,French,France,PG-13,0,69000000,20700000,9.8,8.4,8.5,High
TMDB-211954,Instructions Not Included,2001,123,Sci-Fi,French,France,PG-13,0,74000000,22200000,6.8,10.0,7.8,High
TMDB-82990,Paranormal Activity 4,2001,142,Animation,Japanese,France,PG-13,0,98000000,29400000,8.4,6.7,7.3,Medium
TMDB-29912,The Robe,2017,105,Romance,Korean,France,PG-13,0,66000000,19800000,6.8,7.9,7.0,Medium
TMDB-11843,The Return of the Pink Panther,2015,130,Romance,English,USA,R,0,16000000,4800000,7.6,6.4,6.9,Medium
TMDB-11284,Freddy's Dead: The Final Nightmare,2021,149,Mystery,Hindi,India,PG-13,0,70000000,21000000,7.6,8.8,7.7,High
TMDB-504,Monster,2017,149,Mystery,Telugu,India,R,0,90000000,27000000,6.8,6.2,6.4,Medium
TMDB-173,"20,000 Leagues Under the Sea",2018,118,Documentary,Hindi,India,PG-13,0,19000000,5700000,9.2,7.4,7.9,High
TMDB-227348,Paranormal Activity: The Marked Ones,2016,120,Action,Korean,France,R,0,41000000,12300000,6.8,6.2,6.4,Medium
TMDB-1955,The Elephant Man,2022,90,Action,Tamil,India,PG-13,0,71000000,21300000,9.8,10.0,9.1,High
TMDB-152532,Dallas Buyers Club,2020,100,Action,Hindi,India,PG-13,0,21000000,6300000,8.4,6.9,7.4,Medium
TMDB-243940,The Lazarus Effect,2016,162,Comedy,Telugu,India,R,0,113000000,33900000,6.8,6.1,6.4,Medium
TMDB-77,Memento,2022,118,Documentary,Hindi,India,PG-13,0,119000000,35700000,9.8,6.6,7.9,High
TMDB-157547,Oculus,2006,103,Documentary,Korean,France,R,0,79000000,23700000,7.6,6.2,6.8,Medium
TMDB-2295,Clerks II,2004,95,Action,French,France,PG-13,0,101000000,30300000,9.8,7.5,8.2,High
TMDB-71,Billy Elliot,2003,117,Animation,Japanese,France,PG-13,0,28000000,8400000,9.8,7.0,8.1,High
TMDB-147773,The Way Way Back,2022,90,Action,Japanese,France,R,0,71000000,21300000,6.8,6.6,6.6,Medium
TMDB-16096,House Party 2,2023,90,Romance,Telugu,India,R,0,96000000,28800000,6.8,6.1,6.4,Medium
TMDB-24266,The Man from Snowy River,2003,93,Sci-Fi,English,USA,R,0,4000000,1200000,6.8,6.8,6.6,Medium
TMDB-16508,Doug's 1st Movie,2018,102,Comedy,French,France,R,0,43000000,12900000,6.8,5.5,6.2,Medium
TMDB-2895,The Apostle,2019,167,Animation,German,France,R,0,68000000,20400000,6.8,6.1,6.4,Medium
TMDB-15660,Mommie Dearest,2002,110,Action,Korean,France,R,0,51000000,15300000,6.8,6.7,6.6,Medium
TMDB-59968,Our Idiot Brother,2016,137,Comedy,Korean,France,PG-13,0,113000000,33900000,7.6,8.1,7.5,High
TMDB-323677,Race,2022,126,Thriller,English,USA,PG-13,0,47000000,14100000,9.8,10.0,9.1,High
TMDB-19848,The Players Club,2015,154,Mystery,French,France,R,0,40000000,12000000,6.8,6.6,6.6,Medium
TMDB-256274,"As Above, So Below",2021,152,Animation,Japanese,France,PG-13,0,118000000,35400000,9.2,6.9,7.8,High
TMDB-235271,Addicted,2000,163,Documentary,Spanish,France,PG-13,0,49000000,14700000,9.2,6.8,7.7,High
TMDB-45153,Eve's Bayou,2022,131,Thriller,Japanese,France,PG-13,0,47000000,14100000,8.4,8.0,7.8,High
TMDB-284293,Still Alice,2010,99,Horror,French,France,PG-13,0,35000000,10500000,7.6,7.2,7.1,Medium
TMDB-24973,The Egyptian,2010,102,Comedy,Japanese,France,PG-13,0,83000000,24900000,8.4,10.0,8.5,High
TMDB-21610,Nighthawks,2013,145,Romance,Telugu,India,R,0,86000000,25800000,6.8,6.3,6.5,Medium
TMDB-10283,Friday the 13th Part VIII: Jason Takes Manhattan,2017,169,Mystery,Korean,France,R,0,90000000,27000000,6.8,6.9,6.7,Medium
TMDB-8346,My Big Fat Greek Wedding,2016,96,Thriller,Tamil,India,PG-13,0,17000000,5100000,7.6,6.9,7.0,Medium
TMDB-122081,Spring Breakers,2019,107,Animation,English,USA,R,0,68000000,20400000,6.8,6.2,6.4,Medium
TMDB-10987,Halloween: The Curse of Michael Myers,2011,106,Drama,German,France,R,0,12000000,3600000,6.8,7.0,6.7,Medium
TMDB-1391,Y Tu Mamá También,2005,143,Sci-Fi,French,France,PG-13,0,54000000,16200000,9.2,7.4,7.9,High
TMDB-747,Shaun of the Dead,2020,144,Horror,Hindi,India,PG-13,0,45000000,13500000,9.2,7.6,8.0,High
TMDB-14745,The Haunting of Molly Hartley,2016,155,Action,German,France,R,0,41000000,12300000,6.8,6.3,6.5,Medium
TMDB-26748,Lone Star,2003,113,Sci-Fi,Japanese,France,PG-13,0,4000000,1200000,9.2,7.5,8.0,High
TMDB-11357,Halloween 4: The Return of Michael Myers,2013,132,Animation,Hindi,India,PG-13,0,38000000,11400000,7.6,7.9,7.4,Medium
TMDB-24913,April Fool's Day,2008,125,Action,English,USA,R,0,81000000,24300000,6.8,6.6,6.6,Medium
TMDB-13776,Diner,2006,95,Action,Korean,France,PG-13,0,31000000,9300000,9.8,10.0,9.1,High
TMDB-14854,Lone Wolf McQuade,2019,149,Mystery,German,France,PG-13,0,20000000,6000000,6.8,7.8,7.0,Medium
TMDB-50357,Apollo 18,2013,98,Sci-Fi,Spanish,France,R,0,14000000,4200000,6.8,6.3,6.5,Medium
TMDB-13090,Sunshine Cleaning,2008,107,Comedy,Telugu,India,R,0,33000000,9900000,6.8,7.4,6.9,Medium
TMDB-192141,No Escape,2012,167,Comedy,French,France,PG-13,0,13000000,3900000,9.2,7.8,8.1,High
TMDB-16441,The Beastmaster,2005,147,Animation,Korean,France,PG-13,0,78000000,23400000,8.4,6.8,7.4,Medium
TMDB-29996,Solomon and Sheba,2012,122,Comedy,English,USA,PG-13,0,13000000,3900000,8.4,6.1,7.1,Medium
TMDB-351819,Fifty Shades of Black,2008,144,Horror,French,France,PG-13,0,105000000,31500000,8.4,7.0,7.4,Medium
TMDB-14834,Not Easily Broken,2017,166,Drama,Spanish,France,R,0,42000000,12600000,6.8,5.8,6.3,Medium
TMDB-22649,A Farewell to Arms,2005,169,Mystery,Korean,France,R,0,30000000,9000000,6.8,6.1,6.4,Medium
TMDB-378200,The Perfect Match,2005,143,Sci-Fi,Korean,France,PG-13,0,54000000,16200000,9.2,6.8,7.7,High
TMDB-20455,Digimon: The Movie,2016,93,Documentary,French,France,R,0,89000000,26700000,6.8,6.1,6.4,Medium
TMDB-13193,Saved!,2011,158,Sci-Fi,Korean,France,R,0,84000000,25200000,6.8,6.4,6.5,Medium
TMDB-11042,The Barbarian Invasions,2013,135,Romance,English,USA,PG-13,0,86000000,25800000,6.8,9.7,7.7,High
TMDB-10786,Robin and Marian,2004,90,Action,French,France,PG-13,0,101000000,30300000,9.8,6.0,7.7,High
TMDB-12484,The Forsaken,2000,95,Action,Hindi,India,R,0,1000000,300000,6.8,6.3,6.5,Medium
TMDB-17339,Force 10 from Navarone,2021,92,Animation,Tamil,India,PG-13,0,118000000,35400000,9.8,6.6,7.9,High
TMDB-11959,UHF,2010,164,Horror,German,France,R,0,35000000,10500000,6.8,6.2,6.4,Medium
TMDB-9900,Grandma's Boy,2002,85,Action,Hindi,India,R,0,51000000,15300000,6.8,7.6,6.9,Medium
TMDB-14662,Slums of Beverly Hills,2006,165,Action,French,France,R,0,31000000,9300000,7.6,6.3,6.8,Medium
TMDB-335,Once Upon a Time in the West,2002,135,Action,Korean,France,PG-13,0,51000000,15300000,9.2,6.7,7.7,High
TMDB-15745,Made,2010,110,Action,Hindi,India,PG-13,0,11000000,3300000,9.8,6.6,7.9,High
TMDB-17431,Moon,2017,92,Animation,Spanish,France,PG-13,0,18000000,5400000,8.4,6.2,7.2,Medium
TMDB-21014,Keeping Up with the Steins,2012,101,Thriller,Spanish,France,R,0,37000000,11100000,6.8,6.4,6.5,Medium
TMDB-78394,Sea Rex 3D: Journey to a Prehistoric World,2000,167,Comedy,English,USA,R,0,73000000,21900000,6.8,5.6,6.2,Medium
TMDB-10217,The Sweet Hereafter,2004,110,Action,Telugu,India,PG-13,0,101000000,30300000,9.8,6.1,7.7,High
TMDB-46332,Of Gods and Men,2014,118,Documentary,Hindi,India,PG-13,0,39000000,11700000,6.8,8.6,7.3,Medium
TMDB-13996,Bottle Shock,2002,86,Thriller,Telugu,India,R,0,27000000,8100000,6.8,6.4,6.5,Medium
TMDB-3028,Jekyll and Hyde ... Together Again,2011,122,Animation,Telugu,India,R,0,108000000,32400000,6.8,7.0,6.7,Medium
TMDB-1024,Heavenly Creatures,2016,90,Action,French,France,PG-13,0,41000000,12300000,9.8,6.7,8.0,High
TMDB-343795,90 Minutes in Heaven,2007,105,Romance,Spanish,France,PG-13,0,56000000,16800000,9.8,6.9,8.0,High
TMDB-45658,Everything Must Go,2021,126,Drama,English,USA,R,0,22000000,6600000,6.8,7.0,6.7,Medium
TMDB-16148,Zero Effect,2001,133,Sci-Fi,Japanese,France,PG-13,0,74000000,22200000,9.2,6.8,7.7,High
TMDB-4553,The Machinist,2002,153,Documentary,Japanese,France,PG-13,0,99000000,29700000,9.8,6.4,7.9,High
TMDB-36351,Light Sleeper,2019,94,Mystery,Korean,France,PG-13,0,20000000,6000000,9.8,6.1,7.7,High
TMDB-245916,Kill the Messenger,2012,164,Horror,Hindi,India,PG-13,0,85000000,25500000,7.6,7.0,7.1,Medium
TMDB-27585,Rabbit Hole,2011,110,Romance,Tamil,India,PG-13,0,36000000,10800000,8.4,8.4,7.9,High
TMDB-1415,Party Monster,2011,125,Romance,Spanish,France,R,0,36000000,10800000,7.6,6.4,6.9,Medium
TMDB-313922,Green Room,2023,141,Drama,Japanese,France,PG-13,0,72000000,21600000,7.6,8.0,7.4,Medium
TMDB-14474,The Oh in Ohio,2012,146,Thriller,Japanese,France,R,0,37000000,11100000,6.8,5.8,6.3,Medium
TMDB-199933,Atlas Shrugged Part III: Who is John Galt?,2017,132,Animation,Hindi,India,R,0,18000000,5400000,6.8,6.7,6.6,Medium
TMDB-13685,Bottle Rocket,2001,89,Mystery,Japanese,France,PG-13,0,50000000,15000000,9.8,6.4,7.9,High
TMDB-8744,Albino Alligator,2011,91,Drama,Spanish,France,R,0,12000000,3600000,7.6,6.3,6.8,Medium
TMDB-38428,"Gandhi, My Father",2020,95,Action,English,USA,R,0,21000000,6300000,6.8,5.6,6.2,Medium
TMDB-8847,Standard Operating Procedure,2005,121,Drama,Japanese,France,R,0,102000000,30600000,6.8,6.4,6.5,Medium
TMDB-39269,Out of the Blue,2008,168,Documentary,Telugu,India,R,0,9000000,2700000,6.8,5.6,6.2,Medium
TMDB-46838,Tucker and Dale vs Evil,2002,135,Action,English,USA,R,0,51000000,15300000,6.8,6.8,6.6,Medium
TMDB-51384,"Lovely, Still",2006,159,Horror,Telugu,India,R,0,55000000,16500000,6.8,5.5,6.2,Medium
TMDB-56930,Tycoon,2001,136,Drama,Spanish,France,R,0,2000000,600000,6.8,6.0,6.4,Medium
TMDB-41730,Desert Blue,2018,96,Thriller,Tamil,India,PG-13,0,67000000,20100000,7.6,7.0,7.1,Medium
TMDB-18442,Decoys,2006,151,Thriller,English,USA,R,0,7000000,2100000,6.8,6.3,6.5,Medium
TMDB-298312,The Visit,2004,137,Comedy,Hindi,India,PG-13,0,53000000,15900000,9.8,7.6,8.3,High
TMDB-11600,Redacted,2021,164,Mystery,English,USA,PG-13,0,70000000,21000000,9.8,5.6,7.6,High
TMDB-71547,Fascination,2016,107,Comedy,Telugu,India,R,0,113000000,33900000,6.8,6.1,6.4,Medium
TMDB-57876,Area 51,2023,125,Romance,French,France,PG-13,0,96000000,28800000,7.6,7.4,7.2,Medium
TMDB-77495,Sleep Tight,2001,151,Drama,Spanish,France,PG-13,0,2000000,600000,9.2,6.2,7.5,High
TMDB-13849,The Cottage,2002,94,Horror,Tamil,India,PG-13,0,75000000,22500000,7.6,6.8,7.0,Medium
TMDB-14849,Dead Like Me: Life After Death,2013,112,Animation,Hindi,India,PG-13,0,38000000,11400000,9.8,6.9,8.0,High
TMDB-12486,Farce of the Penguins,2010,126,Thriller,Hindi,India,R,0,107000000,32100000,7.6,6.2,6.8,Medium
TMDB-19615,Flying By,2023,152,Animation,Tamil,India,R,0,48000000,14400000,5.5,7.6,6.3,Medium
TMDB-244403,Rudderless,2000,129,Horror,Spanish,France,R,0,25000000,7500000,6.8,6.3,6.5,Medium
TMDB-292481,Henry & Me,2008,114,Horror,English,USA,R,0,105000000,31500000,6.8,6.2,6.4,Medium
TMDB-340816,Christmas Eve,2003,149,Mystery,Hindi,India,PG-13,0,100000000,30000000,7.6,6.7,7.0,Medium
TMDB-78814,We Have Your Husband,2019,108,Sci-Fi,Tamil,India,PG-13,0,44000000,13200000,7.6,6.8,7.0,Medium
TMDB-297596,Dying of the Light,2000,98,Documentary,Spanish,France,PG-13,0,49000000,14700000,9.8,6.8,8.0,High
TMDB-299552,Born Of War,2002,101,Thriller,Korean,France,R,0,27000000,8100000,6.8,6.1,6.4,Medium
TMDB-11935,Capricorn One,2004,93,Documentary,French,France,PG-13,0,29000000,8700000,9.8,6.9,8.0,High
TMDB-113406,Should've Been Romeo,2013,106,Drama,Tamil,India,R,0,62000000,18600000,6.8,6.8,6.6,Medium
TMDB-447027,Running Forever,2022,131,Thriller,English,USA,R,0,47000000,14100000,5.5,5.0,5.4,Low
TMDB-290825,Yoga Hosers,2017,94,Mystery,Korean,France,PG-13,0,90000000,27000000,9.8,7.9,8.4,High
TMDB-361159,Navy Seals vs. Zombies,2023,151,Drama,French,France,R,0,72000000,21600000,6.8,6.9,6.7,Medium
TMDB-12555,I Served the King of England,2001,93,Sci-Fi,Korean,France,R,0,74000000,22200000,6.8,6.1,6.4,Medium
TMDB-31175,Soul Kitchen,2008,121,Thriller,Telugu,India,R,0,57000000,17100000,6.8,7.2,6.8,Medium
TMDB-12498,Sling Blade,2018,116,Thriller,Telugu,India,PG-13,0,67000000,20100000,7.6,7.0,7.1,Medium
TMDB-77949,The Awakening,2020,98,Documentary,Telugu,India,PG-13,0,69000000,20700000,7.6,8.6,7.6,High
TMDB-1690,Hostel,2000,154,Horror,Korean,France,PG-13,0,25000000,7500000,8.4,6.8,7.4,Medium
TMDB-8435,A Cock and Bull Story,2012,106,Thriller,Telugu,India,PG-13,0,37000000,11100000,9.8,9.9,9.1,High
TMDB-64720,Take Shelter,2012,156,Thriller,Hindi,India,PG-13,0,37000000,11100000,9.2,7.2,7.9,High
TMDB-49365,Lady in White,2002,113,Documentary,Japanese,France,R,0,99000000,29700000,6.8,6.4,6.5,Medium
TMDB-11404,Driving Lessons,2010,130,Action,French,France,R,0,11000000,3300000,6.8,6.8,6.6,Medium
TMDB-300706,Let's Kill Ward's Wife,2002,134,Horror,Spanish,France,R,0,75000000,22500000,6.8,6.0,6.4,Medium
TMDB-16337,The Texas Chainsaw Massacre 2,2008,86,Thriller,German,France,PG-13,0,57000000,17100000,9.8,6.4,7.9,High
TMDB-11577,Pat Garrett & Billy the Kid,2008,112,Comedy,French,France,PG-13,0,33000000,9900000,9.2,9.4,8.6,High
TMDB-77987,Only God Forgives,2009,111,Drama,Tamil,India,PG-13,0,82000000,24600000,9.2,6.3,7.5,High
TMDB-40185,Camping Sauvage,2012,103,Documentary,German,France,R,0,109000000,32700000,6.8,6.1,6.4,Medium
TMDB-68202,Without Men,2005,95,Romance,Korean,France,R,0,6000000,1800000,6.8,6.8,6.6,Medium
TMDB-8981,Dear Frankie,2021,160,Romance,German,France,R,0,46000000,13800000,6.8,6.7,6.6,Medium
TMDB-10914,All Hat,2010,114,Horror,Telugu,India,R,0,35000000,10500000,6.8,5.7,6.3,Medium
TMDB-50848,The Names of Love,2000,153,Documentary,French,France,R,0,49000000,14700000,6.8,6.9,6.7,Medium
TMDB-166624,Treading Water,2008,157,Comedy,Telugu,India,R,0,33000000,9900000,6.8,5.8,6.3,Medium
TMDB-10822,Savage Grace,2009,145,Romance,English,USA,R,0,106000000,31800000,6.8,6.8,6.6,Medium
TMDB-9336,Police Academy,2021,165,Romance,English,USA,PG-13,0,46000000,13800000,9.2,7.3,7.9,High
TMDB-5689,The Blue Lagoon,2008,108,Documentary,French,France,PG-13,0,9000000,2700000,8.4,6.6,7.3,Medium
TMDB-712,Four Weddings and a Funeral,2013,99,Mystery,German,France,PG-13,0,110000000,33000000,9.8,8.5,8.6,High
TMDB-13342,Fast Times at Ridgemont High,2021,128,Sci-Fi,Korean,France,PG-13,0,94000000,28200000,9.2,9.1,8.5,High
TMDB-10339,Moby Dick,2010,88,Documentary,German,France,R,0,59000000,17700000,7.6,6.2,6.8,Medium
TMDB-1429,25th Hour,2021,140,Romance,German,France,PG-13,0,46000000,13800000,9.8,7.2,8.1,High
TMDB-9303,Bound,2018,121,Thriller,Korean,France,PG-13,0,67000000,20100000,9.8,6.7,8.0,High
TMDB-641,Requiem for a Dream,2006,108,Documentary,Japanese,France,PG-13,0,79000000,23700000,9.8,8.2,8.5,High
TMDB-27686,State Fair,2007,110,Romance,German,France,R,0,56000000,16800000,7.6,6.6,6.9,Medium
TMDB-65749,Tango,2020,148,Documentary,Spanish,France,R,0,69000000,20700000,6.8,5.5,6.2,Medium
TMDB-6106,Salvador,2013,106,Drama,Spanish,France,PG-13,0,62000000,18600000,9.8,6.8,8.0,High
TMDB-252680,Moms' Night Out,2019,95,Romance,Tamil,India,R,0,116000000,34800000,6.8,7.6,6.9,Medium
TMDB-141,Donnie Darko,2017,159,Mystery,Japanese,France,PG-13,0,90000000,27000000,8.4,8.4,7.9,High
TMDB-66607,Saving Private Perez,2011,86,Drama,Telugu,India,R,0,12000000,3600000,6.8,5.6,6.2,Medium
TMDB-17139,Character,2013,105,Romance,English,USA,R,0,86000000,25800000,6.8,5.5,6.2,Medium
TMDB-12079,Spun,2011,91,Drama,German,France,PG-13,0,12000000,3600000,7.6,7.5,7.2,Medium
TMDB-39800,Life During Wartime,2019,159,Mystery,French,France,PG-13,0,20000000,6000000,8.4,6.4,7.2,Medium
TMDB-4550,Sympathy for Lady Vengeance,2016,90,Action,Tamil,India,PG-13,0,41000000,12300000,8.4,7.2,7.5,High
TMDB-62116,Mozart's Sister,2007,150,Romance,Spanish,France,R,0,56000000,16800000,6.8,5.5,6.2,Medium
TMDB-9991,Mean Machine,2023,168,Sci-Fi,Japanese,France,PG-13,0,24000000,7200000,6.8,7.9,7.0,Medium
TMDB-13807,Exiled,2014,86,Thriller,Japanese,France,R,0,87000000,26100000,6.8,6.8,6.6,Medium
TMDB-68818,Blackthorn,2011,150,Romance,Spanish,France,R,0,36000000,10800000,6.8,6.8,6.6,Medium
TMDB-12093,Lilya 4-ever,2004,167,Comedy,German,France,R,0,53000000,15900000,6.8,5.6,6.2,Medium
TMDB-36419,After.Life,2009,126,Drama,German,France,R,0,82000000,24600000,6.8,7.4,6.9,Medium
TMDB-281730,Fugly,2005,139,Mystery,French,France,R,0,30000000,9000000,6.8,5.7,6.3,Medium
TMDB-510,One Flew Over the Cuckoo's Nest,2002,136,Thriller,Telugu,India,PG-13,0,27000000,8100000,8.4,9.0,8.1,High
TMDB-362105,R.L. Stine's Monsterville: The Cabinet of Souls,2005,122,Animation,Hindi,India,R,0,78000000,23400000,6.8,7.0,6.7,Medium
TMDB-10970,Silent Movie,2007,167,Animation,Korean,France,PG-13,0,8000000,2400000,9.8,7.3,8.2,High
TMDB-375290,Airlift,2022,129,Horror,Korean,France,R,0,95000000,28500000,6.8,7.3,6.8,Medium
TMDB-17663,Anne of Green Gables,2014,149,Horror,Telugu,India,R,0,15000000,4500000,6.8,6.0,6.4,Medium
TMDB-270938,Falcon Rising,2000,118,Documentary,Japanese,France,PG-13,0,49000000,14700000,7.6,7.5,7.2,Medium
TMDB-116613,The Sweeney,2000,114,Horror,English,USA,PG-13,0,25000000,7500000,7.6,8.4,7.6,High
TMDB-11826,Sexy Beast,2003,97,Animation,German,France,PG-13,0,28000000,8400000,8.4,6.0,7.1,Medium
TMDB-29920,Easy Money,2020,97,Comedy,French,France,PG-13,0,93000000,27900000,8.4,6.4,7.2,Medium
TMDB-1088,Whale Rider,2023,93,Sci-Fi,Japanese,France,PG-13,0,24000000,7200000,8.4,6.4,7.2,Medium
TMDB-26379,Paa,2019,167,Animation,Tamil,India,R,0,68000000,20400000,5.5,5.8,5.7,Medium
TMDB-34069,Cargo,2022,139,Horror,Spanish,France,R,0,95000000,28500000,6.8,6.2,6.4,Medium
TMDB-10947,High School Musical,2012,147,Comedy,English,USA,PG-13,0,13000000,3900000,9.8,6.7,8.0,High
TMDB-47452,Love and Death on Long Island,2017,152,Animation,Tamil,India,R,0,18000000,5400000,7.6,6.0,6.7,Medium
TMDB-3040,Night Watch,2000,167,Comedy,Tamil,India,PG-13,0,73000000,21900000,9.2,7.2,7.9,High
TMDB-11386,The Crying Game,2000,97,Comedy,Hindi,India,PG-13,0,73000000,21900000,9.8,7.2,8.1,High
TMDB-10246,Porky's,2005,148,Sci-Fi,Spanish,France,PG-13,0,54000000,16200000,9.2,10.0,8.8,High
TMDB-29426,Survival of the Dead,2014,140,Action,Hindi,India,PG-13,0,111000000,33300000,9.8,6.0,7.7,High
TMDB-10331,Night of the Living Dead,2020,108,Documentary,French,France,PG-13,0,69000000,20700000,9.8,6.6,7.9,High
TMDB-153,Lost in Translation,2023,119,Mystery,Korean,France,PG-13,0,120000000,36000000,9.2,7.6,8.0,High
TMDB-703,Annie Hall,2020,154,Horror,Korean,France,PG-13,0,45000000,13500000,9.8,10.0,9.1,High
TMDB-27191,The Greatest Show on Earth,2012,99,Horror,Telugu,India,PG-13,0,85000000,25500000,6.8,9.0,7.4,Medium
TMDB-1365,Monster's Ball,2019,107,Animation,Telugu,India,PG-13,0,68000000,20400000,9.8,7.2,8.1,High
TMDB-287424,Maggie,2017,103,Sci-Fi,Telugu,India,PG-13,0,114000000,34200000,6.8,8.1,7.1,Medium
TMDB-451,Leaving Las Vegas,2007,139,Mystery,Japanese,France,PG-13,0,80000000,24000000,7.6,6.7,7.0,Medium
TMDB-165864,Hansel and Gretel Get Baked,2011,95,Romance,French,France,R,0,36000000,10800000,6.8,5.8,6.3,Medium
TMDB-987,The Front Page,2000,98,Documentary,Korean,France,PG-13,0,49000000,14700000,9.2,7.8,8.1,High
TMDB-241251,The Boy Next Door,2009,156,Drama,French,France,PG-13,0,82000000,24600000,9.8,7.3,8.2,High
TMDB-40494,Trapeze,2019,120,Romance,Tamil,India,PG-13,0,116000000,34800000,7.6,6.8,7.0,Medium
TMDB-39781,The Kids Are All Right,2012,124,Horror,Tamil,India,R,0,85000000,25500000,6.8,6.9,6.7,Medium
TMDB-8337,They Live,2018,90,Action,English,USA,PG-13,0,91000000,27300000,9.8,10.0,9.1,High
TMDB-5925,The Great Escape,2007,101,Drama,Japanese,France,PG-13,0,32000000,9600000,6.8,8.2,7.1,Medium
TMDB-8357,What the #$*! Do We (K)now!?,2012,162,Comedy,Tamil,India,R,0,13000000,3900000,6.8,5.6,6.2,Medium
TMDB-146203,The Last Exorcism Part II,2000,114,Horror,French,France,R,0,25000000,7500000,6.8,5.8,6.3,Medium
TMDB-85350,Boyhood,2009,160,Romance,Spanish,France,PG-13,0,106000000,31800000,9.8,10.0,9.1,High
TMDB-512,Scoop,2011,118,Sci-Fi,Tamil,India,PG-13,0,84000000,25200000,9.8,10.0,9.1,High
TMDB-13408,The Wash,2015,142,Animation,Spanish,France,R,0,88000000,26400000,7.6,6.1,6.8,Medium
TMDB-47816,3 Strikes,2015,133,Sci-Fi,French,France,R,0,64000000,19200000,7.6,6.6,6.9,Medium
TMDB-10744,The Cooler,2017,128,Sci-Fi,Hindi,India,R,0,114000000,34200000,7.6,6.6,6.9,Medium
TMDB-11536,The Misfits,2020,92,Comedy,Hindi,India,R,0,93000000,27900000,7.6,6.2,6.8,Medium
TMDB-9782,The Night Listener,2005,155,Romance,Japanese,France,PG-13,0,6000000,1800000,7.6,6.8,7.0,Medium
TMDB-18713,The Jerky Boys,2008,102,Comedy,English,USA,R,0,33000000,9900000,6.8,6.1,6.4,Medium
TMDB-6537,The Orphanage,2015,92,Animation,German,France,R,0,88000000,26400000,7.6,6.2,6.8,Medium
TMDB-184345,A Haunted House 2,2000,107,Comedy,French,France,PG-13,0,73000000,21900000,8.4,6.7,7.3,Medium
TMDB-1809,The Rules of Attraction,2010,157,Comedy,Spanish,France,PG-13,0,83000000,24900000,7.6,7.3,7.2,Medium
TMDB-2370,Topaz,2022,99,Horror,Japanese,France,PG-13,0,95000000,28500000,9.8,7.0,8.1,High
TMDB-9809,Let's Go to Prison,2022,146,Thriller,French,France,PG-13,0,47000000,14100000,7.6,7.4,7.2,Medium
TMDB-5,Four Rooms,2021,134,Mystery,English,USA,PG-13,0,70000000,21000000,7.6,7.9,7.4,Medium
TMDB-11013,Secretary,2004,160,Action,Telugu,India,R,0,101000000,30300000,7.6,6.1,6.8,Medium
TMDB-19153,The Real Cancun,2003,85,Romance,English,USA,R,0,76000000,22800000,6.8,5.1,6.0,Medium
TMDB-10132,Talk Radio,2013,158,Sci-Fi,Tamil,India,PG-13,0,14000000,4200000,9.8,5.8,7.6,High
TMDB-16448,Waiting for Guffman,2007,105,Romance,French,France,PG-13,0,56000000,16800000,9.2,6.9,7.8,High
TMDB-15122,Love Stinks,2020,119,Horror,Korean,France,R,0,45000000,13500000,6.8,6.0,6.4,Medium
TMDB-8141,You Kill Me,2003,106,Drama,German,France,PG-13,0,52000000,15600000,9.2,6.8,7.7,High
TMDB-1546,Thumbsucker,2018,153,Documentary,Japanese,France,R,0,19000000,5700000,7.6,6.0,6.7,Medium
TMDB-48572,Red State,2003,146,Drama,Hindi,India,PG-13,0,52000000,15600000,9.8,9.6,9.0,High
TMDB-14517,Mirrormask,2014,123,Documentary,English,USA,R,0,39000000,11700000,6.8,6.6,6.6,Medium
TMDB-89708,Samsara,2016,108,Documentary,French,France,R,0,89000000,26700000,6.8,5.5,6.2,Medium
TMDB-27551,The Barbarians,2011,150,Romance,Telugu,India,PG-13,0,36000000,10800000,6.8,8.1,7.1,Medium
TMDB-64678,The Art of Getting By,2018,143,Documentary,German,France,R,0,19000000,5700000,6.8,7.2,6.8,Medium
TMDB-309503,Zipper,2022,122,Comedy,Telugu,India,R,0,23000000,6900000,6.8,7.5,6.9,Medium
TMDB-14293,Poolhall Junkies,2006,144,Horror,Japanese,France,R,0,55000000,16500000,6.8,5.8,6.3,Medium
TMDB-15059,The Loss of Sexual Innocence,2006,154,Horror,Japanese,France,PG-13,0,55000000,16500000,7.6,6.8,7.0,Medium
TMDB-103328,Holy Motors,2000,157,Comedy,Spanish,France,R,0,73000000,21900000,6.8,7.3,6.8,Medium
TMDB-157847,Joe,2000,107,Comedy,Telugu,India,PG-13,0,73000000,21900000,9.8,7.5,8.2,High
TMDB-25719,Shooting Fish,2014,147,Comedy,Telugu,India,PG-13,0,63000000,18900000,6.8,9.6,7.6,High
TMDB-48309,Prison,2023,160,Romance,Korean,France,PG-13,0,96000000,28800000,9.8,6.8,8.0,High
TMDB-27723,Psycho Beach Party,2000,149,Horror,Spanish,France,R,0,25000000,7500000,6.8,6.3,6.5,Medium
TMDB-20468,The Big Tease,2008,97,Comedy,Korean,France,R,0,33000000,9900000,7.6,6.3,6.8,Medium
TMDB-242575,"Guten Tag, Ramón",2000,133,Documentary,Hindi,India,R,0,49000000,14700000,6.8,7.3,6.8,Medium
TMDB-44945,Trust,2007,87,Animation,Telugu,India,PG-13,0,8000000,2400000,7.6,8.8,7.7,High
TMDB-29122,An Everlasting Piece,2016,151,Thriller,Tamil,India,PG-13,0,17000000,5100000,9.8,6.0,7.7,High
TMDB-125123,Among Giants,2008,96,Thriller,Spanish,France,R,0,57000000,17100000,7.6,5.8,6.6,Medium
TMDB-111190,Adore,2016,88,Documentary,Japanese,France,PG-13,0,89000000,26700000,7.6,7.8,7.4,Medium
TMDB-133575,The Velocity of Gary,2011,108,Sci-Fi,Korean,France,R,0,84000000,25200000,6.8,5.5,6.2,Medium
TMDB-54580,Mondays in the Sun,2000,96,Thriller,Tamil,India,R,0,97000000,29100000,6.8,6.3,6.5,Medium
TMDB-52015,Stake Land,2003,151,Drama,Japanese,France,R,0,52000000,15600000,6.8,6.7,6.6,Medium
TMDB-34941,The Last Time I Committed Suicide,2022,134,Horror,French,France,PG-13,0,95000000,28500000,8.4,6.4,7.2,Medium
TMDB-227975,Futuro Beach,2006,113,Documentary,German,France,R,0,79000000,23700000,6.8,5.7,6.3,Medium
TMDB-60422,Another Happy Day,2010,113,Documentary,Telugu,India,R,0,59000000,17700000,6.8,6.2,6.4,Medium
TMDB-81390,A Lonely Place to Die,2000,166,Thriller,Korean,France,R,0,97000000,29100000,7.6,6.3,6.8,Medium
TMDB-10981,Nothing,2022,120,Action,English,USA,PG-13,0,71000000,21300000,9.2,5.5,7.3,Medium
TMDB-225235,The Geographer Drank His Globe Away,2001,87,Animation,Japanese,France,R,0,98000000,29400000,6.8,5.8,6.3,Medium
TMDB-14902,1776,2020,101,Thriller,German,France,R,0,117000000,35100000,6.8,6.3,6.5,Medium
TMDB-121676,Inescapable,2007,121,Drama,Telugu,India,R,0,32000000,9600000,6.8,5.8,6.3,Medium
TMDB-22301,Hell's Angels,2003,139,Mystery,Spanish,France,R,0,100000000,30000000,6.8,6.1,6.4,Medium
TMDB-20065,Purple Violets,2017,88,Sci-Fi,English,USA,PG-13,0,114000000,34200000,9.2,7.0,7.8,High
TMDB-257087,The Veil,2005,118,Sci-Fi,Japanese,France,PG-13,0,54000000,16200000,7.6,9.3,7.9,High
TMDB-46420,The Loved Ones,2011,97,Animation,Korean,France,R,0,108000000,32400000,6.8,6.1,6.4,Medium
TMDB-114635,The Helpers,2022,147,Comedy,Korean,France,R,0,23000000,6900000,7.6,6.4,6.9,Medium
TMDB-158150,How to Fall in Love,2002,85,Action,French,France,R,0,51000000,15300000,6.8,6.2,6.4,Medium
TMDB-251979,The Perfect Wave,2006,106,Thriller,Japanese,France,R,0,7000000,2100000,6.8,5.7,6.3,Medium
TMDB-874,A Man for All Seasons,2007,90,Romance,Japanese,France,PG-13,0,56000000,16800000,9.8,8.0,8.4,High
TMDB-10774,Network,2008,156,Thriller,German,France,PG-13,0,57000000,17100000,9.8,7.8,8.3,High
TMDB-770,Gone with the Wind,2001,106,Drama,Japanese,France,PG-13,0,2000000,600000,8.4,10.0,8.5,High
TMDB-266102,Desert Dancer,2002,122,Comedy,Spanish,France,R,0,3000000,900000,6.8,6.2,6.4,Medium
TMDB-29715,Major Dundee,2022,90,Action,French,France,PG-13,0,71000000,21300000,9.2,6.7,7.7,High
TMDB-25209,Annie Get Your Gun,2010,115,Action,Japanese,France,PG-13,0,11000000,3300000,8.4,5.7,7.0,Medium
TMDB-37495,Four Lions,2000,136,Thriller,Hindi,India,R,0,97000000,29100000,6.8,7.4,6.9,Medium
TMDB-29262,The House of Sand,2023,134,Mystery,Hindi,India,R,0,120000000,36000000,6.8,6.2,6.4,Medium
TMDB-34769,Defendor,2021,167,Animation,Japanese,France,R,0,118000000,35400000,6.8,6.9,6.7,Medium
TMDB-35032,The Pirate,2022,139,Horror,French,France,R,0,95000000,28500000,6.8,6.3,6.5,Medium
TMDB-5178,The Good Heart,2021,126,Drama,Telugu,India,R,0,22000000,6600000,6.8,6.4,6.5,Medium
TMDB-8618,The History Boys,2023,130,Romance,English,USA,PG-13,0,96000000,28800000,8.4,6.8,7.4,Medium
TMDB-3116,Midnight Cowboy,2005,150,Romance,Japanese,France,PG-13,0,6000000,1800000,8.4,10.0,8.5,High
TMDB-9427,The Full Monty,2003,137,Animation,Korean,France,PG-13,0,28000000,8400000,9.2,8.6,8.3,High
TMDB-813,Airplane!,2011,111,Drama,English,USA,PG-13,0,12000000,3600000,9.2,7.8,8.1,High
TMDB-352978,Chain of Command,2004,110,Action,German,France,R,0,101000000,30300000,6.8,5.5,6.2,Medium
TMDB-10634,Friday,2012,129,Horror,English,USA,PG-13,0,85000000,25500000,9.8,7.2,8.1,High
TMDB-9516,Menace II Society,2001,152,Animation,French,France,PG-13,0,98000000,29400000,8.4,6.4,7.2,Medium
TMDB-16288,Creepshow 2,2011,130,Romance,Tamil,India,R,0,36000000,10800000,6.8,6.8,6.6,Medium
TMDB-23330,The Ballad of Cable Hogue,2006,154,Horror,Japanese,France,PG-13,0,55000000,16500000,9.2,6.6,7.6,High
TMDB-18900,In Cold Blood,2021,96,Drama,Japanese,France,PG-13,0,22000000,6600000,9.2,6.9,7.8,High
TMDB-27029,The Nun's Story,2005,107,Animation,Japanese,France,PG-13,0,78000000,23400000,9.8,9.0,8.8,High
TMDB-26268,Harper,2019,160,Romance,Hindi,India,PG-13,0,116000000,34800000,7.6,6.8,7.0,Medium
TMDB-573,Frenzy,2001,154,Mystery,Hindi,India,PG-13,0,50000000,15000000,9.8,6.6,7.9,High
TMDB-310131,The Witch,2000,121,Thriller,Hindi,India,PG-13,0,97000000,29100000,6.8,8.8,7.3,Medium
TMDB-40505,I Got the Hook Up,2008,169,Horror,Hindi,India,R,0,105000000,31500000,6.8,5.5,6.2,Medium
TMDB-11363,She's the One,2010,162,Comedy,Spanish,France,PG-13,0,83000000,24900000,9.2,6.0,7.4,Medium
TMDB-3033,Gods and Monsters,2020,168,Documentary,Korean,France,PG-13,0,69000000,20700000,9.8,6.3,7.8,High
TMDB-25376,The Secret in Their Eyes,2003,120,Romance,Telugu,India,PG-13,0,76000000,22800000,7.6,8.7,7.7,High
TMDB-22007,Train,2022,156,Thriller,German,France,R,0,47000000,14100000,6.8,5.6,6.2,Medium
TMDB-765,Evil Dead II,2010,140,Action,Japanese,France,PG-13,0,11000000,3300000,9.8,6.1,7.7,High
TMDB-10615,Pootie Tang,2011,147,Animation,English,USA,R,0,108000000,32400000,6.8,7.4,6.9,Medium
TMDB-205321,Sharknado,2010,95,Action,English,USA,R,0,11000000,3300000,6.8,6.7,6.6,Medium
TMDB-89540,The Other Conquest,2002,165,Action,Telugu,India,R,0,51000000,15300000,6.8,5.6,6.2,Medium
TMDB-46146,Troll Hunter,2018,96,Thriller,German,France,R,0,67000000,20100000,6.8,5.8,6.3,Medium
TMDB-38007,Ira & Abby,2020,131,Thriller,Japanese,France,R,0,117000000,35100000,6.8,7.2,6.8,Medium
TMDB-14256,Winter Passing,2018,155,Action,German,France,R,0,91000000,27300000,6.8,6.8,6.6,Medium
TMDB-540,D.E.B.S.,2017,148,Sci-Fi,Telugu,India,PG-13,0,114000000,34200000,7.6,8.1,7.5,High
TMDB-370464,The Masked Saint,2015,100,Romance,German,France,R,0,16000000,4800000,6.8,5.7,6.3,Medium
TMDB-20055,The Betrayed,2021,133,Sci-Fi,English,USA,R,0,94000000,28200000,6.8,6.1,6.4,Medium
TMDB-224569,Taxman,2019,161,Drama,German,France,R,0,92000000,27600000,6.8,5.7,6.3,Medium
TMDB-395766,The Secret,2016,109,Horror,Telugu,India,R,0,65000000,19500000,7.6,6.1,6.8,Medium
TMDB-39303,2:13,2008,138,Documentary,Telugu,India,R,0,9000000,2700000,6.8,5.5,6.2,Medium
TMDB-142061,"Batman: The Dark Knight Returns, Part 2",2020,149,Horror,Korean,France,PG-13,0,45000000,13500000,6.8,7.8,7.0,Medium
TMDB-370662,Time to Choose,2017,124,Mystery,German,France,R,0,90000000,27000000,8.4,5.6,6.9,Medium
TMDB-252360,In the Name of the King III,2006,90,Action,English,USA,PG-13,0,31000000,9300000,9.8,5.6,7.6,High
TMDB-256740,Wicked Blood,2009,104,Mystery,German,France,R,0,10000000,3000000,6.8,6.8,6.6,Medium
TMDB-299145,Stranded,2000,139,Horror,Korean,France,R,0,25000000,7500000,6.8,5.6,6.2,Medium
TMDB-241766,Lords of London,2006,112,Comedy,Hindi,India,R,0,103000000,30900000,6.8,5.7,6.3,Medium
TMDB-12535,High Anxiety,2018,162,Comedy,Hindi,India,PG-13,0,43000000,12900000,9.8,6.6,7.9,High
TMDB-1667,March of the Penguins,2023,136,Drama,German,France,R,0,72000000,21600000,6.8,5.5,6.2,Medium
TMDB-50839,Margin Call,2004,108,Documentary,Spanish,France,PG-13,0,29000000,8700000,8.4,6.6,7.3,Medium
TMDB-86549,August,2010,99,Horror,Spanish,France,R,0,35000000,10500000,6.8,5.4,6.2,Medium
TMDB-13973,Choke,2023,159,Mystery,Spanish,France,R,0,120000000,36000000,6.8,7.6,6.9,Medium
TMDB-598,City of God,2022,91,Thriller,French,France,PG-13,0,47000000,14100000,8.4,8.2,7.9,High
TMDB-11129,Human Traffic,2011,89,Mystery,Japanese,France,R,0,60000000,18000000,6.8,6.1,6.4,Medium
TMDB-75861,To Write Love on Her Arms,2009,111,Drama,French,France,PG-13,0,82000000,24600000,6.8,8.1,7.1,Medium
TMDB-13551,The Dead Girl,2003,111,Drama,Tamil,India,R,0,52000000,15600000,7.6,6.6,6.9,Medium
TMDB-103663,The Hunt,2018,146,Thriller,Japanese,France,PG-13,0,67000000,20100000,8.4,9.0,8.1,High
TMDB-850,A Christmas Story,2005,165,Romance,Hindi,India,PG-13,0,6000000,1800000,9.2,6.8,7.7,High
TMDB-12586,Bella,2022,120,Action,English,USA,PG-13,0,71000000,21300000,7.6,7.6,7.3,Medium
TMDB-11564,Class of 1984,2003,98,Sci-Fi,Spanish,France,PG-13,0,4000000,1200000,9.2,6.8,7.7,High
TMDB-301748,The Opposite Sex,2012,99,Horror,Japanese,France,R,0,85000000,25500000,6.8,5.8,6.3,Medium
TMDB-108346,Dreaming of Joseph Lees,2023,87,Animation,Spanish,France,R,0,48000000,14400000,6.8,5.8,6.3,Medium
TMDB-8841,The Class,2015,96,Drama,Tamil,India,R,0,112000000,33600000,6.8,7.6,6.9,Medium
TMDB-805,Rosemary's Baby,2019,106,Drama,Telugu,India,PG-13,0,92000000,27600000,9.8,7.2,8.1,High
TMDB-11697,The Man Who Shot Liberty Valance,2022,127,Comedy,English,USA,PG-13,0,23000000,6900000,9.2,10.0,8.8,High
TMDB-22051,Adam,2008,154,Horror,Spanish,France,PG-13,0,105000000,31500000,6.8,7.9,7.0,Medium
TMDB-436,Maria Full of Grace,2021,130,Romance,French,France,R,0,46000000,13800000,6.8,6.9,6.7,Medium
TMDB-55347,Beginners,2018,169,Horror,German,France,PG-13,0,115000000,34500000,7.6,8.7,7.7,High
TMDB-10070,Feast,2021,136,Drama,Tamil,India,R,0,22000000,6600000,6.8,7.4,6.9,Medium
TMDB-8469,Animal House,2000,93,Documentary,Hindi,India,PG-13,0,49000000,14700000,9.8,9.9,9.1,High
TMDB-658,Goldfinger,2012,166,Thriller,Japanese,France,PG-13,0,37000000,11100000,9.8,8.2,8.5,High
TMDB-125490,Antiviral,2022,116,Thriller,Korean,France,PG-13,0,47000000,14100000,6.8,8.8,7.3,Medium
TMDB-1585,It's a Wonderful Life,2017,138,Sci-Fi,Telugu,India,PG-13,0,114000000,34200000,9.8,10.0,9.1,High
TMDB-627,Trainspotting,2018,119,Horror,Tamil,India,PG-13,0,115000000,34500000,9.8,7.8,8.3,High
TMDB-23618,The Original Kings of Comedy,2009,161,Drama,Tamil,India,PG-13,0,82000000,24600000,9.8,5.5,7.5,High
TMDB-41436,Paranormal Activity 2,2003,127,Animation,German,France,R,0,28000000,8400000,6.8,6.2,6.4,Medium
TMDB-10162,Waking Ned,2007,157,Animation,Japanese,France,PG-13,0,8000000,2400000,9.8,10.0,9.1,High
TMDB-1430,Bowling for Columbine,2014,135,Action,Telugu,India,PG-13,0,111000000,33300000,9.8,7.5,8.2,High
TMDB-259943,Coming Home,2016,93,Documentary,Spanish,France,PG-13,0,89000000,26700000,9.8,6.2,7.8,High
TMDB-10014,A Nightmare on Elm Street Part 2: Freddy's Revenge,2019,88,Sci-Fi,Telugu,India,PG-13,0,44000000,13200000,6.8,8.1,7.1,Medium
TMDB-11257,A Room with a View,2021,110,Romance,Hindi,India,PG-13,0,46000000,13800000,9.8,8.0,8.4,High
TMDB-158015,The Purge,2007,153,Sci-Fi,Spanish,France,PG-13,0,104000000,31200000,8.4,6.8,7.4,Medium
TMDB-82507,Sinister,2010,168,Documentary,Japanese,France,PG-13,0,59000000,17700000,9.2,6.8,7.7,High
TMDB-20337,Martin Lawrence Live: Runteldat,2015,151,Drama,French,France,R,0,112000000,33600000,7.6,5.1,6.4,Medium
TMDB-261,Cat on a Hot Tin Roof,2023,169,Mystery,Hindi,India,PG-13,0,120000000,36000000,9.2,6.4,7.6,High
TMDB-1685,Beneath the Planet of the Apes,2007,147,Animation,French,France,PG-13,0,8000000,2400000,7.6,6.9,7.0,Medium
TMDB-20737,Air Bud,2005,108,Sci-Fi,Telugu,India,PG-13,0,54000000,16200000,8.4,6.0,7.1,Medium
TMDB-10991,Pokémon: Spell of the Unknown,2023,114,Mystery,Korean,France,R,0,120000000,36000000,6.8,5.4,6.2,Medium
TMDB-10225,Friday the 13th Part VI: Jason Lives,2000,161,Thriller,English,USA,R,0,97000000,29100000,6.8,6.4,6.5,Medium
TMDB-826,The Bridge on the River Kwai,2023,112,Animation,Korean,France,PG-13,0,48000000,14400000,9.2,6.8,7.7,High
TMDB-34086,Spaced Invaders,2022,116,Thriller,Telugu,India,R,0,47000000,14100000,7.6,5.5,6.5,Medium
TMDB-5854,Family Plot,2015,86,Drama,Korean,France,PG-13,0,112000000,33600000,9.8,6.9,8.0,High
TMDB-284,The Apartment,2004,134,Horror,Hindi,India,PG-13,0,5000000,1500000,9.2,7.8,8.1,High
TMDB-10285,Jason Goes to Hell: The Final Friday,2016,112,Comedy,Spanish,France,R,0,113000000,33900000,6.8,6.4,6.5,Medium
TMDB-5780,Torn Curtain,2008,97,Comedy,Hindi,India,PG-13,0,33000000,9900000,9.8,6.3,7.8,High
TMDB-292,Dave Chappelle's Block Party,2010,118,Documentary,Japanese,France,PG-13,0,59000000,17700000,9.2,6.8,7.7,High
TMDB-223485,Slow West,2017,106,Drama,Spanish,France,R,0,42000000,12600000,6.8,6.1,6.4,Medium
TMDB-29463,Krush Groove,2023,153,Sci-Fi,German,France,PG-13,0,24000000,7200000,8.4,6.2,7.2,Medium
TMDB-18065,Next Day Air,2002,109,Horror,Spanish,France,R,0,75000000,22500000,6.8,5.7,6.3,Medium
TMDB-22013,Elmer Gantry,2003,116,Drama,Hindi,India,PG-13,0,52000000,15600000,9.2,6.7,7.7,High
TMDB-821,Judgment at Nuremberg,2011,159,Mystery,German,France,PG-13,0,60000000,18000000,7.6,10.0,8.1,High
TMDB-53862,Trippin',2019,168,Sci-Fi,French,France,R,0,44000000,13200000,7.6,5.6,6.6,Medium
TMDB-3089,Red River,2005,100,Romance,Tamil,India,R,0,6000000,1800000,6.8,6.8,6.6,Medium
TMDB-30139,Phat Girlz,2003,114,Mystery,German,France,R,0,100000000,30000000,6.8,5.6,6.2,Medium
TMDB-132344,Before Midnight,2015,94,Mystery,German,France,PG-13,0,40000000,12000000,9.8,7.0,8.1,High
TMDB-15582,Teen Wolf Too,2012,106,Thriller,German,France,PG-13,0,37000000,11100000,6.8,9.1,7.4,Medium
TMDB-15158,Phantasm II,2003,90,Romance,Korean,France,PG-13,0,76000000,22800000,8.4,6.7,7.3,Medium
TMDB-44634,Woman Thou Art Loosed,2004,93,Documentary,French,France,R,0,29000000,8700000,8.4,5.6,6.9,Medium
TMDB-30309,Real Women Have Curves,2019,99,Mystery,French,France,R,0,20000000,6000000,7.6,5.8,6.6,Medium
TMDB-7509,Water,2012,97,Comedy,Korean,France,R,0,13000000,3900000,7.6,6.1,6.8,Medium
TMDB-10557,East Is East,2007,95,Romance,Hindi,India,R,0,56000000,16800000,6.8,7.5,6.9,Medium
TMDB-23531,Whipped,2016,91,Thriller,Korean,France,R,0,17000000,5100000,6.8,6.1,6.4,Medium
TMDB-28005,Kama Sutra - A Tale of Love,2004,163,Documentary,Spanish,France,PG-13,0,29000000,8700000,9.8,5.5,7.5,High
TMDB-40247,Please Give,2016,123,Documentary,Hindi,India,PG-13,0,89000000,26700000,9.8,6.7,8.0,High
TMDB-252,Willy Wonka & the Chocolate Factory,2013,104,Mystery,Spanish,France,PG-13,0,110000000,33000000,6.8,9.3,7.5,High
TMDB-24126,Warlock: The Armageddon,2018,101,Thriller,English,USA,R,0,67000000,20100000,6.8,7.2,6.8,Medium
TMDB-13982,8 Heads in a Duffel Bag,2001,114,Mystery,Telugu,India,R,0,50000000,15000000,6.8,7.3,6.8,Medium
TMDB-16642,Days of Heaven,2007,116,Drama,Korean,France,PG-13,0,32000000,9600000,9.2,5.8,7.4,Medium
TMDB-17734,Thirteen Conversations About One Thing,2018,113,Documentary,Tamil,India,R,0,19000000,5700000,7.6,6.2,6.8,Medium
TMDB-18892,Jawbreaker,2018,131,Thriller,English,USA,PG-13,0,67000000,20100000,7.6,6.7,7.0,Medium
TMDB-549,Basquiat,2005,88,Sci-Fi,Korean,France,PG-13,0,54000000,16200000,7.6,7.4,7.2,Medium
TMDB-121986,Frances Ha,2023,96,Drama,German,France,PG-13,0,72000000,21600000,8.4,10.0,8.5,High
TMDB-868,Tsotsi,2019,142,Animation,Japanese,France,PG-13,0,68000000,20400000,9.2,6.9,7.8,High
TMDB-10683,Happiness,2019,87,Animation,Korean,France,PG-13,0,68000000,20400000,8.4,7.2,7.5,High
TMDB-17995,DysFunktional Family,2022,107,Comedy,Telugu,India,R,0,23000000,6900000,7.6,5.5,6.5,Medium
TMDB-246403,Tusk,2011,159,Mystery,Hindi,India,PG-13,0,60000000,18000000,9.8,6.2,7.8,High
TMDB-35691,Letters to God,2008,166,Thriller,German,France,R,0,57000000,17100000,6.8,6.8,6.6,Medium
TMDB-49010,Hobo with a Shotgun,2021,160,Romance,French,France,R,0,46000000,13800000,6.8,5.6,6.2,Medium
TMDB-317930,Compadres,2017,149,Mystery,Telugu,India,R,0,90000000,27000000,6.8,6.1,6.4,Medium
TMDB-11229,Freeway,2011,105,Romance,Japanese,France,R,0,36000000,10800000,6.8,6.7,6.6,Medium
TMDB-22488,Love's Abiding Joy,2018,130,Action,Hindi,India,R,0,91000000,27300000,7.6,5.6,6.6,Medium
TMDB-24469,Fish Tank,2001,137,Animation,Telugu,India,PG-13,0,98000000,29400000,6.8,8.5,7.2,Medium
TMDB-82533,Damsels in Distress,2016,108,Documentary,Hindi,India,PG-13,0,89000000,26700000,7.6,7.5,7.2,Medium
TMDB-50942,Creature,2006,133,Documentary,Spanish,France,PG-13,0,79000000,23700000,7.6,6.8,7.0,Medium
TMDB-84174,Bachelorette,2005,120,Romance,Spanish,France,R,0,6000000,1800000,6.8,6.8,6.6,Medium
TMDB-34099,Brave New Girl,2012,153,Documentary,German,France,R,0,109000000,32700000,6.8,5.8,6.3,Medium
TMDB-79940,Tim and Eric's Billion Dollar Movie,2007,154,Mystery,Tamil,India,R,0,80000000,24000000,6.8,7.3,6.8,Medium
TMDB-342,Summer Storm,2019,147,Animation,French,France,PG-13,0,68000000,20400000,7.6,6.7,7.0,Medium
TMDB-281230,Fort McCoy,2010,102,Comedy,French,France,R,0,83000000,24900000,6.8,5.7,6.3,Medium
TMDB-38033,Chain Letter,2014,129,Horror,Korean,France,R,0,15000000,4500000,6.8,6.0,6.4,Medium
TMDB-100975,Just Looking,2014,120,Action,Telugu,India,R,0,111000000,33300000,6.8,5.8,6.3,Medium
TMDB-38541,The Divide,2010,109,Horror,Korean,France,R,0,35000000,10500000,7.6,6.2,6.8,Medium
TMDB-39563,The Eclipse,2003,118,Sci-Fi,Hindi,India,R,0,4000000,1200000,6.8,5.6,6.2,Medium
TMDB-234212,Demonic,2000,141,Thriller,English,USA,R,0,97000000,29100000,6.8,6.7,6.6,Medium
TMDB-27404,My Big Fat Independent Movie,2017,167,Animation,German,France,R,0,18000000,5400000,6.8,6.2,6.4,Medium
TMDB-170480,The Deported,2003,85,Romance,English,USA,R,0,76000000,22800000,6.8,7.2,6.8,Medium
TMDB-71866,Tanner Hall,2021,128,Sci-Fi,Japanese,France,R,0,94000000,28200000,6.8,6.4,6.5,Medium
TMDB-192210,Open Road,2015,104,Mystery,Hindi,India,R,0,40000000,12000000,6.8,6.3,6.5,Medium
TMDB-180296,They Came Together,2006,92,Comedy,Spanish,France,PG-13,0,103000000,30900000,9.2,9.3,8.6,High
TMDB-157058,30 Nights of Paranormal Activity With the Devil Inside the Girl With the Dragon Tattoo,2004,88,Documentary,German,France,R,0,29000000,8700000,7.6,6.4,6.9,Medium
TMDB-70006,Never Back Down 2: The Beatdown,2010,101,Thriller,Telugu,India,R,0,107000000,32100000,6.8,6.3,6.5,Medium
TMDB-26039,Point Blank,2002,115,Action,Spanish,France,PG-13,0,51000000,15300000,8.4,8.0,7.8,High
TMDB-79587,Four Single Fathers,2000,150,Action,Telugu,India,R,0,1000000,300000,6.8,5.7,6.3,Medium
TMDB-176077,Enter the Dangerous Mind,2021,95,Romance,Korean,France,R,0,46000000,13800000,6.8,5.7,6.3,Medium
TMDB-260947,Something Wicked,2017,154,Mystery,Korean,France,R,0,90000000,27000000,6.8,6.8,6.6,Medium
TMDB-342502,AWOL-72,2020,115,Action,Korean,France,R,0,21000000,6300000,6.8,6.2,6.4,Medium
TMDB-191229,Iguana,2011,131,Drama,Tamil,India,R,0,12000000,3600000,6.8,5.5,6.2,Medium
TMDB-43213,Chicago Overcoat,2022,107,Comedy,Korean,France,R,0,23000000,6900000,6.8,5.7,6.3,Medium
TMDB-44594,Barry Munday,2022,139,Horror,Spanish,France,PG-13,0,95000000,28500000,6.8,10.0,7.8,High
TMDB-666,Central Station,2021,129,Mystery,English,USA,PG-13,0,70000000,21000000,8.4,7.3,7.5,High
TMDB-248,Pocketful of Miracles,2013,151,Drama,English,USA,PG-13,0,62000000,18600000,9.8,9.8,9.0,High
TMDB-325173,Close Range,2014,125,Action,Telugu,India,R,0,111000000,33300000,6.8,5.7,6.3,Medium
TMDB-55831,Boynton Beach Club,2000,99,Horror,German,France,R,0,25000000,7500000,5.5,5.4,5.6,Medium
TMDB-351043,Amnesiac,2010,142,Comedy,Korean,France,PG-13,0,83000000,24900000,9.8,5.7,7.6,High
TMDB-43942,Freakonomics,2016,138,Documentary,Telugu,India,R,0,89000000,26700000,6.8,7.3,6.8,Medium
TMDB-10226,High Tension,2001,127,Animation,Korean,France,PG-13,0,98000000,29400000,9.2,5.8,7.4,Medium
TMDB-66942,Griff the Invisible,2022,126,Thriller,Korean,France,R,0,47000000,14100000,6.8,5.7,6.3,Medium
TMDB-356483,Unnatural,2023,127,Animation,German,France,R,0,48000000,14400000,6.8,6.2,6.4,Medium
TMDB-10476,Hustle & Flow,2007,139,Mystery,German,France,PG-13,0,80000000,24000000,7.6,6.8,7.0,Medium
TMDB-239,Some Like It Hot,2018,90,Action,English,USA,PG-13,0,91000000,27300000,9.2,10.0,8.8,High
TMDB-10281,Friday the 13th Part VII: The New Blood,2018,108,Documentary,German,France,R,0,19000000,5700000,6.8,6.8,6.6,Medium
TMDB-630,The Wizard of Oz,2011,122,Animation,French,France,PG-13,0,108000000,32400000,8.4,6.4,7.2,Medium
TMDB-3034,Young Frankenstein,2015,134,Mystery,Korean,France,PG-13,0,40000000,12000000,9.8,9.1,8.8,High
TMDB-13025,Diary of the Dead,2002,94,Horror,Hindi,India,PG-13,0,75000000,22500000,9.8,6.2,7.8,High
TMDB-21461,Lage Raho Munna Bhai,2005,134,Mystery,Korean,France,R,0,30000000,9000000,6.8,6.4,6.5,Medium
TMDB-55306,Ulee's Gold,2010,164,Horror,Korean,France,R,0,35000000,10500000,7.6,6.4,6.9,Medium
TMDB-17264,The Black Stallion,2008,134,Horror,German,France,R,0,105000000,31500000,7.6,6.1,6.8,Medium
TMDB-346081,Sardaarji,2018,169,Horror,Spanish,France,R,0,115000000,34500000,6.8,5.0,6.0,Medium
TMDB-16016,Journey to Saturn,2014,137,Comedy,Korean,France,R,0,63000000,18900000,6.8,5.7,6.3,Medium
TMDB-15875,Donovan's Reef,2011,89,Mystery,Telugu,India,PG-13,0,60000000,18000000,9.2,7.4,7.9,High
TMDB-5900,The Dress,2018,126,Thriller,Hindi,India,PG-13,0,67000000,20100000,6.8,9.4,7.5,High
TMDB-43306,A Guy Named Joe,2011,165,Romance,Spanish,France,PG-13,0,36000000,10800000,8.4,6.7,7.3,Medium
TMDB-11072,Blazing Saddles,2002,151,Thriller,Tamil,India,PG-13,0,27000000,8100000,9.8,8.0,8.4,High
TMDB-9730,Friday the 13th: The Final Chapter,2010,97,Comedy,French,France,R,0,83000000,24900000,7.6,6.6,6.9,Medium
TMDB-209274,Ida,2012,118,Documentary,German,France,R,0,109000000,32700000,7.6,6.2,6.8,Medium
TMDB-26371,Maurice,2022,122,Comedy,Japanese,France,PG-13,0,23000000,6900000,9.8,8.2,8.5,High
TMDB-14137,Beer League,2012,130,Action,Telugu,India,R,0,61000000,18300000,6.8,6.2,6.4,Medium
TMDB-291,Riding Giants,2013,100,Romance,Telugu,India,PG-13,0,86000000,25800000,7.6,6.7,7.0,Medium
TMDB-14139,Timecrimes,2009,117,Animation,English,USA,R,0,58000000,17400000,6.8,6.0,6.4,Medium
TMDB-33106,Silver Medalist,2022,86,Thriller,Hindi,India,R,0,47000000,14100000,7.6,5.8,6.6,Medium
TMDB-8875,Timber Falls,2014,104,Horror,Spanish,France,R,0,15000000,4500000,6.8,6.4,6.5,Medium
TMDB-872,Singin' in the Rain,2021,126,Drama,Telugu,India,R,0,22000000,6600000,6.8,7.3,6.8,Medium
TMDB-72914,"Fat, Sick & Nearly Dead",2012,136,Thriller,Japanese,France,R,0,37000000,11100000,6.8,5.6,6.2,Medium
TMDB-139038,A Haunted House,2000,154,Horror,English,USA,PG-13,0,25000000,7500000,8.4,6.9,7.4,Medium
TMDB-126509,2016: Obama's America,2016,131,Thriller,English,USA,R,0,17000000,5100000,6.8,5.0,6.0,Medium
TMDB-9591,That Thing You Do!,2013,145,Romance,Hindi,India,PG-13,0,86000000,25800000,7.6,8.0,7.4,Medium
TMDB-10676,Halloween III: Season of the Witch,2015,150,Romance,Hindi,India,PG-13,0,16000000,4800000,6.8,7.8,7.0,Medium
TMDB-1687,Escape from the Planet of the Apes,2007,85,Romance,French,France,R,0,56000000,16800000,6.8,6.6,6.6,Medium
TMDB-24748,Hud,2022,110,Action,Korean,France,PG-13,0,71000000,21300000,7.6,7.0,7.1,Medium
TMDB-181330,Kevin Hart: Let Me Explain,2008,169,Horror,Spanish,France,R,0,105000000,31500000,6.8,5.8,6.3,Medium
TMDB-468,My Own Private Idaho,2006,108,Documentary,German,France,PG-13,0,79000000,23700000,9.8,6.6,7.9,High
TMDB-401,Garden State,2016,88,Documentary,German,France,PG-13,0,89000000,26700000,7.6,9.4,7.9,High
TMDB-76,Before Sunrise,2013,116,Drama,French,France,PG-13,0,62000000,18600000,9.8,8.2,8.5,High
TMDB-50538,Evil Words,2011,166,Drama,Tamil,India,R,0,12000000,3600000,6.8,6.9,6.7,Medium
TMDB-25636,Jesus' Son,2015,91,Drama,Hindi,India,R,0,112000000,33600000,6.8,6.1,6.4,Medium
TMDB-19316,Saving Face,2011,158,Sci-Fi,Spanish,France,R,0,84000000,25200000,6.8,5.6,6.2,Medium
TMDB-21074,Brick Lane,2016,119,Horror,German,France,R,0,65000000,19500000,6.8,5.6,6.2,Medium
TMDB-84329,Robot & Frank,2019,142,Animation,Telugu,India,PG-13,0,68000000,20400000,7.6,6.8,7.0,Medium
TMDB-20,My Life Without Me,2013,154,Mystery,German,France,R,0,110000000,33000000,7.6,6.4,6.9,Medium
TMDB-157386,The Spectacular Now,2000,165,Action,Telugu,India,PG-13,0,1000000,300000,6.8,8.5,7.2,Medium
TMDB-13007,Religulous,2008,120,Action,French,France,PG-13,0,81000000,24300000,9.8,6.9,8.0,High
TMDB-13518,Fuel,2018,138,Documentary,Spanish,France,R,0,19000000,5700000,6.8,5.7,6.3,Medium
TMDB-116584,Valley of the Heart's Delight,2006,91,Thriller,Japanese,France,R,0,7000000,2100000,6.8,5.5,6.2,Medium
TMDB-46849,Eye of the Dolphin,2004,146,Thriller,French,France,R,0,77000000,23100000,6.8,6.9,6.7,Medium
TMDB-40428,8: The Mormon Proposition,2020,130,Action,Spanish,France,R,0,21000000,6300000,6.8,5.7,6.3,Medium
TMDB-17334,The Other End of the Line,2011,105,Romance,Telugu,India,R,0,36000000,10800000,6.8,6.9,6.7,Medium
TMDB-1698,Anatomy,2019,122,Animation,Korean,France,PG-13,0,68000000,20400000,8.4,6.9,7.4,Medium
TMDB-20764,Sleep Dealer,2016,119,Horror,French,France,R,0,65000000,19500000,6.8,5.4,6.2,Medium
TMDB-45132,Super,2008,161,Thriller,Japanese,France,PG-13,0,57000000,17100000,8.4,10.0,8.5,High
TMDB-76706,Christmas Mail,2002,160,Action,Tamil,India,R,0,51000000,15300000,6.8,6.0,6.4,Medium
TMDB-254472,Stung,2013,146,Drama,English,USA,R,0,62000000,18600000,6.8,6.7,6.6,Medium
TMDB-332285,Antibirth,2016,129,Horror,Tamil,India,R,0,65000000,19500000,6.8,7.2,6.8,Medium
TMDB-49471,Get on the Bus,2006,133,Documentary,Telugu,India,PG-13,0,79000000,23700000,9.8,7.2,8.1,High
TMDB-13569,Thr3e,2015,150,Romance,English,USA,R,0,16000000,4800000,6.8,5.7,6.3,Medium
TMDB-7512,Idiocracy,2011,91,Drama,English,USA,PG-13,0,12000000,3600000,9.2,10.0,8.8,High
TMDB-356216,The Rise of the Krays,2013,144,Mystery,Tamil,India,R,0,110000000,33000000,6.8,6.6,6.6,Medium
TMDB-11798,This Is England,2002,139,Horror,Hindi,India,PG-13,0,75000000,22500000,9.2,7.2,7.9,High
TMDB-146631,U.F.O.,2016,151,Thriller,English,USA,PG-13,0,17000000,5100000,6.8,8.8,7.3,Medium
TMDB-43546,Bathing Beauty,2000,164,Horror,Spanish,France,PG-13,0,25000000,7500000,8.4,7.8,7.7,High
TMDB-61038,Go for It!,2007,167,Animation,Telugu,India,R,0,8000000,2400000,6.8,5.5,6.2,Medium
TMDB-78373,"Dancer, Texas Pop. 81",2011,106,Drama,French,France,R,0,12000000,3600000,7.6,6.2,6.8,Medium
TMDB-17820,Show Boat,2002,148,Documentary,Korean,France,PG-13,0,99000000,29700000,8.4,6.9,7.4,Medium
TMDB-74457,Redemption Road,2013,107,Animation,French,France,R,0,38000000,11400000,7.6,5.8,6.6,Medium
TMDB-283384,The Calling,2017,103,Sci-Fi,Hindi,India,PG-13,0,114000000,34200000,6.8,7.9,7.0,Medium
TMDB-19933,The Brave Little Toaster,2013,117,Animation,Tamil,India,R,0,38000000,11400000,6.8,6.4,6.5,Medium
TMDB-756,Fantasia,2019,159,Mystery,Korean,France,R,0,20000000,6000000,8.4,5.5,6.9,Medium
TMDB-433715,8 Days,2017,93,Sci-Fi,Japanese,France,R,0,114000000,34200000,6.8,5.5,6.2,Medium
TMDB-9728,Friday the 13th Part III,2023,163,Sci-Fi,French,France,PG-13,0,24000000,7200000,9.8,6.9,8.0,High
TMDB-9731,Friday the 13th: A New Beginning,2013,97,Animation,Hindi,India,R,0,38000000,11400000,6.8,7.3,6.8,Medium
TMDB-9916,The Last Sin Eater,2021,154,Mystery,Hindi,India,PG-13,0,70000000,21000000,7.6,7.4,7.2,Medium
TMDB-309425,Do You Believe?,2001,149,Mystery,Hindi,India,PG-13,0,50000000,15000000,7.6,7.0,7.1,Medium
TMDB-14156,Impact Point,2001,94,Mystery,Telugu,India,R,0,50000000,15000000,6.8,5.8,6.3,Medium
TMDB-43610,The Valley of Decision,2021,103,Sci-Fi,English,USA,R,0,94000000,28200000,6.8,7.4,6.9,Medium
TMDB-360339,Eden,2006,133,Documentary,Telugu,India,R,0,79000000,23700000,6.8,6.7,6.6,Medium
TMDB-31163,Chicken Tikka Masala,2010,90,Action,German,France,R,0,11000000,3300000,6.8,6.8,6.6,Medium
TMDB-297621,There's Always Woodstock,2018,118,Documentary,German,France,PG-13,0,19000000,5700000,6.8,8.0,7.1,Medium
TMDB-16205,Jack Brooks: Monster Slayer,2005,159,Mystery,Hindi,India,PG-13,0,30000000,9000000,8.4,9.6,8.3,High
TMDB-887,The Best Years of Our Lives,2008,136,Thriller,English,USA,R,0,57000000,17100000,6.8,6.8,6.6,Medium
TMDB-9517,Bully,2004,116,Thriller,Japanese,France,R,0,77000000,23100000,7.6,6.2,6.8,Medium
TMDB-6007,Elling,2022,168,Documentary,French,France,R,0,119000000,35700000,6.8,5.8,6.3,Medium
TMDB-364083,Mi America,2002,134,Horror,Telugu,India,R,0,75000000,22500000,6.8,5.6,6.2,Medium
TMDB-8329,[REC],2005,148,Sci-Fi,Hindi,India,PG-13,0,54000000,16200000,9.2,7.4,7.9,High
TMDB-69640,Lies in Plain Sight,2023,162,Animation,Spanish,France,R,0,48000000,14400000,7.6,5.6,6.6,Medium
TMDB-371085,Sharkskin,2013,122,Animation,German,France,R,0,38000000,11400000,5.5,5.0,5.4,Low
TMDB-347548,Containment,2021,89,Mystery,Korean,France,R,0,70000000,21000000,6.8,6.0,6.4,Medium
TMDB-322443,The Timber,2018,143,Documentary,Telugu,India,R,0,19000000,5700000,6.8,6.0,6.4,Medium
TMDB-657,From Russia with Love,2006,159,Horror,Japanese,France,PG-13,0,55000000,16500000,9.2,10.0,8.8,High
TMDB-28165,The Toxic Avenger Part II,2022,107,Comedy,Japanese,France,PG-13,0,23000000,6900000,8.4,7.0,7.4,Medium
TMDB-11561,Sleeper,2011,157,Animation,Korean,France,PG-13,0,108000000,32400000,9.8,6.1,7.7,High
TMDB-270303,It Follows,2021,129,Mystery,Telugu,India,PG-13,0,70000000,21000000,6.8,8.5,7.2,Medium
TMDB-11624,Everything You Always Wanted to Know About Sex *But Were Afraid to Ask,2002,140,Action,Spanish,France,PG-13,0,51000000,15300000,9.8,7.5,8.2,High
TMDB-595,To Kill a Mockingbird,2003,161,Drama,German,France,PG-13,0,52000000,15600000,6.8,10.0,7.8,High
TMDB-8810,Mad Max 2: The Road Warrior,2015,136,Drama,Telugu,India,PG-13,0,112000000,33600000,9.8,7.2,8.1,High
TMDB-12207,The Legend of Drunken Master,2002,99,Horror,Japanese,France,R,0,75000000,22500000,6.8,6.8,6.6,Medium
TMDB-226,Boys Don't Cry,2022,89,Horror,English,USA,PG-13,0,95000000,28500000,8.4,7.9,7.7,High
TMDB-92182,Silent House,2015,162,Animation,Korean,France,R,0,88000000,26400000,7.6,5.7,6.6,Medium
TMDB-582,The Lives of Others,2021,157,Animation,Korean,France,PG-13,0,118000000,35400000,7.6,9.0,7.8,High
TMDB-72213,Courageous,2007,139,Mystery,Hindi,India,PG-13,0,80000000,24000000,9.2,6.9,7.8,High
TMDB-990,The Hustler,2008,165,Action,Korean,France,R,0,81000000,24300000,6.8,6.8,6.6,Medium
TMDB-55604,Boom Town,2004,97,Comedy,Telugu,India,PG-13,0,53000000,15900000,6.8,10.0,7.8,High
TMDB-9662,The Triplets of Belleville,2007,162,Animation,German,France,R,0,8000000,2400000,6.8,5.8,6.3,Medium
TMDB-20862,Smoke Signals,2000,88,Documentary,Spanish,France,R,0,49000000,14700000,6.8,6.3,6.5,Medium
TMDB-2771,American Splendor,2022,137,Comedy,German,France,PG-13,0,23000000,6900000,7.6,7.3,7.2,Medium
TMDB-80,Before Sunset,2018,96,Thriller,French,France,PG-13,0,67000000,20100000,9.8,6.2,7.8,High
TMDB-55,Amores perros,2015,144,Mystery,French,France,PG-13,0,40000000,12000000,9.8,8.0,8.4,High
TMDB-11023,Thirteen,2022,114,Horror,French,France,PG-13,0,95000000,28500000,9.8,6.9,8.0,High
TMDB-33667,Gentleman's Agreement,2019,104,Mystery,Tamil,India,PG-13,0,20000000,6000000,8.4,6.6,7.3,Medium
TMDB-39013,Winter's Bone,2021,109,Mystery,Korean,France,R,0,70000000,21000000,6.8,7.6,6.9,Medium
TMDB-11194,Touching the Void,2020,148,Documentary,German,France,PG-13,0,69000000,20700000,8.4,5.7,7.0,Medium
TMDB-43839,Alexander's Ragtime Band,2019,143,Sci-Fi,Korean,France,PG-13,0,44000000,13200000,6.8,8.4,7.2,Medium
TMDB-1382,Me and You and Everyone We Know,2021,126,Drama,German,France,R,0,22000000,6600000,6.8,6.3,6.5,Medium
TMDB-44639,Inside Job,2021,166,Drama,Korean,France,PG-13,0,22000000,6600000,8.4,6.1,7.1,Medium
TMDB-301351,We Are Your Friends,2015,102,Animation,English,USA,PG-13,0,88000000,26400000,6.8,8.5,7.2,Medium
TMDB-4816,Ghost Dog: The Way of the Samurai,2015,149,Mystery,Tamil,India,PG-13,0,40000000,12000000,6.8,7.9,7.0,Medium
TMDB-7873,Harsh Times,2016,147,Comedy,Telugu,India,PG-13,0,113000000,33900000,9.8,6.9,8.0,High
TMDB-331190,Captive,2010,127,Comedy,Spanish,France,PG-13,0,83000000,24900000,7.6,7.8,7.4,Medium
TMDB-15186,Full Frontal,2021,98,Sci-Fi,Tamil,India,PG-13,0,94000000,28200000,9.8,7.0,8.1,High
TMDB-17994,Witchboard,2016,134,Horror,Tamil,India,R,0,65000000,19500000,6.8,6.6,6.6,Medium
TMDB-1378,Shortbus,2001,142,Animation,English,USA,PG-13,0,98000000,29400000,8.4,8.2,7.9,High
TMDB-8885,Waltz with Bashir,2012,89,Horror,Spanish,France,R,0,85000000,25500000,6.8,5.5,6.2,Medium
TMDB-48382,"The Book of Mormon Movie, Volume 1: The Journey",2020,123,Documentary,Japanese,France,R,0,69000000,20700000,5.5,5.2,5.5,Medium
TMDB-12901,No End in Sight,2002,129,Horror,Tamil,India,R,0,75000000,22500000,8.4,5.5,6.9,Medium
TMDB-250124,The Diary of a Teenage Girl,2018,165,Action,French,France,R,0,91000000,27300000,6.8,7.6,6.9,Medium
TMDB-14284,In the Shadow of the Moon,2002,140,Action,Tamil,India,R,0,51000000,15300000,6.8,6.1,6.4,Medium
TMDB-57120,Meek's Cutoff,2018,154,Horror,Telugu,India,PG-13,0,115000000,34500000,8.4,6.1,7.1,Medium
TMDB-12228,Inside Deep Throat,2020,142,Comedy,Hindi,India,R,0,93000000,27900000,7.6,5.5,6.5,Medium
TMDB-22617,Dinner Rush,2018,159,Horror,German,France,R,0,115000000,34500000,6.8,6.2,6.4,Medium
TMDB-55561,Clockwatchers,2004,123,Documentary,Telugu,India,PG-13,0,29000000,8700000,7.6,6.7,7.0,Medium
TMDB-42889,The Virginity Hit,2009,130,Romance,Tamil,India,R,0,106000000,31800000,6.8,6.0,6.4,Medium
TMDB-10656,Subway,2003,113,Sci-Fi,Korean,France,PG-13,0,4000000,1200000,9.8,6.0,7.7,High
TMDB-24363,House of D,2004,159,Horror,Japanese,France,R,0,5000000,1500000,6.8,6.7,6.6,Medium
TMDB-13121,Teeth,2000,151,Thriller,Tamil,India,R,0,97000000,29100000,6.8,5.8,6.3,Medium
TMDB-24746,Six-String Samurai,2012,135,Action,Hindi,India,R,0,61000000,18300000,6.8,6.8,6.6,Medium
TMDB-325140,Hum To Mohabbat Karega,2009,127,Animation,Hindi,India,R,0,58000000,17400000,5.5,5.0,5.4,Low
TMDB-12109,It's All Gone Pete Tong,2005,132,Animation,Tamil,India,R,0,78000000,23400000,7.6,6.3,6.8,Medium
TMDB-27023,Saint John of Las Vegas,2003,87,Animation,English,USA,R,0,28000000,8400000,6.8,5.7,6.3,Medium
TMDB-22913,24 7: Twenty Four Seven,2016,104,Horror,Hindi,India,PG-13,0,65000000,19500000,9.2,6.8,7.7,High
TMDB-273899,Stonewall,2017,162,Animation,German,France,PG-13,0,18000000,5400000,9.8,7.0,8.1,High
TMDB-20653,Roadside Romeo,2002,161,Thriller,Hindi,India,R,0,27000000,8100000,5.5,5.6,5.6,Medium
TMDB-67373,This Thing of Ours,2016,135,Action,French,France,R,0,41000000,12300000,6.8,6.0,6.4,Medium
TMDB-171759,The Lost Medallion: The Adventures of Billy Stone,2021,163,Sci-Fi,Hindi,India,R,0,94000000,28200000,6.8,6.1,6.4,Medium
TMDB-206296,The Last Five Years,2005,127,Animation,Spanish,France,PG-13,0,78000000,23400000,9.8,6.7,8.0,High
TMDB-35219,The Missing Person,2001,108,Sci-Fi,Tamil,India,R,0,74000000,22200000,6.8,6.6,6.6,Medium
TMDB-28260,Return of the Living Dead 3,2015,114,Mystery,Hindi,India,R,0,40000000,12000000,6.8,7.0,6.7,Medium
TMDB-7515,London,2018,102,Comedy,German,France,R,0,43000000,12900000,6.8,6.9,6.7,Medium
TMDB-13075,Sherrybaby,2009,101,Drama,Telugu,India,R,0,82000000,24600000,6.8,6.0,6.4,Medium
TMDB-335866,Circle,2018,166,Thriller,Hindi,India,R,0,67000000,20100000,6.8,6.8,6.6,Medium
TMDB-13510,Eden Lake,2018,99,Horror,German,France,PG-13,0,115000000,34500000,7.6,6.9,7.0,Medium
TMDB-215881,Plush,2002,143,Documentary,Spanish,France,PG-13,0,99000000,29700000,9.8,7.3,8.2,High
TMDB-18238,Lesbian Vampire Killers,2011,93,Sci-Fi,English,USA,R,0,84000000,25200000,6.8,6.8,6.6,Medium
TMDB-22600,Gangster's Paradise: Jerusalema,2019,135,Romance,English,USA,R,0,116000000,34800000,6.8,6.7,6.6,Medium
TMDB-12612,Freeze Frame,2002,161,Thriller,French,France,R,0,27000000,8100000,6.8,5.5,6.2,Medium
TMDB-50698,Grave Encounters,2006,143,Documentary,German,France,R,0,79000000,23700000,6.8,6.4,6.5,Medium
TMDB-115210,Stitches,2010,86,Thriller,Tamil,India,R,0,107000000,32100000,6.8,5.5,6.2,Medium
TMDB-34335,Nine Dead,2021,102,Animation,German,France,R,0,118000000,35400000,6.8,6.1,6.4,Medium
TMDB-459488,"To Be Frank, Sinatra at 100",2001,95,Romance,French,France,R,0,26000000,7800000,6.8,5.1,6.0,Medium
TMDB-11302,Bananas,2010,151,Thriller,Tamil,India,PG-13,0,107000000,32100000,9.8,6.9,8.0,High
TMDB-119458,Supercapitalist,2005,156,Drama,Spanish,France,R,0,102000000,30600000,6.8,6.2,6.4,Medium
TMDB-20406,Rockaway,2012,93,Documentary,Tamil,India,R,0,109000000,32700000,6.8,6.3,6.5,Medium
TMDB-3766,The Lady from Shanghai,2016,124,Horror,German,France,PG-13,0,65000000,19500000,6.8,10.0,7.8,High
TMDB-18616,No Man's Land: The Rise of Reeker,2009,146,Drama,Telugu,India,R,0,82000000,24600000,6.8,6.0,6.4,Medium
TMDB-18808,Highway,2016,92,Comedy,Tamil,India,PG-13,0,113000000,33900000,8.4,6.0,7.1,Medium
TMDB-95755,Small Apartments,2017,130,Romance,Tamil,India,PG-13,0,66000000,19800000,7.6,6.8,7.0,Medium
TMDB-198062,Coffee Town,2018,85,Action,Tamil,India,R,0,91000000,27300000,6.8,6.3,6.5,Medium
TMDB-188652,The Ghastly Love of Johnny X,2007,85,Romance,Korean,France,R,0,56000000,16800000,6.8,5.8,6.3,Medium
TMDB-174311,All Is Bright,2017,165,Romance,English,USA,R,0,66000000,19800000,6.8,6.4,6.5,Medium
TMDB-12602,The Torture Chamber of Dr. Sadism,2016,107,Comedy,Spanish,France,R,0,113000000,33900000,6.8,5.8,6.3,Medium
TMDB-153795,Straight A's,2023,125,Romance,French,France,PG-13,0,96000000,28800000,8.4,6.3,7.2,Medium
TMDB-17768,A Funny Thing Happened on the Way to the Forum,2006,118,Documentary,Tamil,India,PG-13,0,79000000,23700000,9.8,6.9,8.0,High
TMDB-13516,Slacker Uprising,2023,90,Romance,Telugu,India,PG-13,0,96000000,28800000,9.8,8.2,8.5,High
TMDB-98549,The Legend of Hell's Gate: An American Conspiracy,2001,163,Sci-Fi,Korean,France,PG-13,0,74000000,22200000,6.8,9.6,7.6,High
TMDB-312793,The Walking Deceased,2022,142,Comedy,Hindi,India,PG-13,0,23000000,6900000,6.8,8.1,7.1,Medium
TMDB-309919,The Curse of Downers Grove,2005,159,Mystery,Tamil,India,R,0,30000000,9000000,6.8,6.6,6.6,Medium
TMDB-299553,Shark Lake,2018,110,Action,Spanish,France,R,0,91000000,27300000,6.8,6.7,6.6,Medium
TMDB-21309,River's Edge,2003,101,Drama,Hindi,India,R,0,52000000,15600000,6.8,5.8,6.3,Medium
TMDB-32235,Northfork,2021,144,Mystery,German,France,PG-13,0,70000000,21000000,9.8,6.4,7.9,High
TMDB-329540,The Marine 4: Moving Target,2023,149,Mystery,Japanese,France,R,0,120000000,36000000,7.6,6.2,6.8,Medium
TMDB-26388,Buried,2014,115,Action,Spanish,France,PG-13,0,111000000,33300000,7.6,7.4,7.2,Medium
TMDB-49020,Submarine,2015,126,Drama,Hindi,India,R,0,112000000,33600000,6.8,7.5,6.9,Medium
TMDB-159037,The Square,2006,157,Comedy,German,France,R,0,103000000,30900000,6.8,5.8,6.3,Medium
TMDB-12838,One to Another,2020,152,Comedy,Hindi,India,R,0,93000000,27900000,6.8,6.4,6.5,Medium
TMDB-157293,ABCD (Any Body Can Dance),2023,129,Mystery,English,USA,R,0,120000000,36000000,6.8,6.7,6.6,Medium
TMDB-14048,Man on Wire,2016,137,Comedy,Hindi,India,R,0,113000000,33900000,7.6,6.0,6.7,Medium
TMDB-356987,Abandoned,2014,148,Documentary,Telugu,India,R,0,39000000,11700000,6.8,7.0,6.7,Medium
TMDB-295886,Brotherly Love,2020,125,Action,Korean,France,R,0,21000000,6300000,6.8,5.6,6.2,Medium
TMDB-38358,The Last Exorcism,2017,156,Drama,Telugu,India,R,0,42000000,12600000,6.8,6.0,6.4,Medium
TMDB-33511,Nowhere Boy,2010,101,Thriller,Tamil,India,PG-13,0,107000000,32100000,7.6,7.5,7.2,Medium
TMDB-702,A Streetcar Named Desire,2012,104,Horror,Korean,France,PG-13,0,85000000,25500000,8.4,7.3,7.5,High
TMDB-935,Dr. Strangelove or: How I Learned to Stop Worrying and Love the Bomb,2015,124,Mystery,Hindi,India,PG-13,0,40000000,12000000,9.8,7.5,8.2,High
TMDB-542,The Crime of Padre Amaro,2019,145,Romance,Tamil,India,R,0,116000000,34800000,6.8,6.8,6.6,Medium
TMDB-84175,Beasts of the Southern Wild,2011,97,Animation,Korean,France,R,0,108000000,32400000,6.8,6.8,6.6,Medium
TMDB-1705,Battle for the Planet of the Apes,2022,147,Comedy,Hindi,India,PG-13,0,23000000,6900000,7.6,7.0,7.1,Medium
TMDB-62677,Songcatcher,2002,121,Thriller,Telugu,India,R,0,27000000,8100000,6.8,6.7,6.6,Medium
TMDB-50875,Higher Ground,2001,107,Animation,German,France,R,0,98000000,29400000,6.8,6.9,6.7,Medium
TMDB-260778,Vaalu,2000,149,Horror,French,France,R,0,25000000,7500000,6.8,6.6,6.6,Medium
TMDB-58492,The Greatest Movie Ever Sold,2000,121,Thriller,German,France,PG-13,0,97000000,29100000,8.4,5.8,7.0,Medium
TMDB-44562,Ed and His Dead Mother,2008,142,Comedy,German,France,R,0,33000000,9900000,6.8,5.7,6.3,Medium
TMDB-37232,Travellers and Magicians,2015,119,Mystery,Tamil,India,R,0,40000000,12000000,6.8,5.6,6.2,Medium
TMDB-4929,Hang 'em High,2000,117,Comedy,Spanish,France,PG-13,0,73000000,21900000,7.6,7.9,7.4,Medium
TMDB-36334,Deadline - U.S.A.,2023,126,Drama,Japanese,France,PG-13,0,72000000,21600000,9.2,7.0,7.8,High
TMDB-9783,Sublime,2011,168,Sci-Fi,Spanish,France,R,0,84000000,25200000,6.8,7.5,6.9,Medium
TMDB-386826,A Beginner's Guide to Snuff,2020,145,Action,Tamil,India,R,0,21000000,6300000,6.8,5.6,6.2,Medium
TMDB-205126,Independence Daysaster,2005,153,Sci-Fi,French,France,R,0,54000000,16200000,6.8,5.6,6.2,Medium
TMDB-98557,Dysfunctional Friends,2023,90,Romance,Spanish,France,R,0,96000000,28800000,6.8,6.7,6.6,Medium
TMDB-104,Run Lola Run,2011,95,Romance,Korean,France,PG-13,0,36000000,10800000,9.8,7.8,8.3,High
TMDB-10894,May,2000,108,Documentary,French,France,R,0,49000000,14700000,6.8,7.0,6.7,Medium
TMDB-246449,Against the Wild,2014,156,Thriller,Hindi,India,R,0,87000000,26100000,6.8,6.1,6.4,Medium
TMDB-32579,Under the Same Moon,2004,169,Horror,Korean,France,PG-13,0,5000000,1500000,8.4,6.3,7.2,Medium
TMDB-1688,Conquest of the Planet of the Apes,2017,142,Animation,German,France,PG-13,0,18000000,5400000,7.6,8.5,7.6,High
TMDB-1999,In the Bedroom,2019,150,Romance,Japanese,France,R,0,116000000,34800000,7.6,6.3,6.8,Medium
TMDB-43947,I Spit on Your Grave,2020,142,Comedy,German,France,R,0,93000000,27900000,6.8,6.1,6.4,Medium
TMDB-24066,"Happy, Texas",2023,163,Sci-Fi,Hindi,India,R,0,24000000,7200000,6.8,6.1,6.4,Medium
TMDB-9709,My Summer of Love,2012,159,Horror,French,France,R,0,85000000,25500000,7.6,5.5,6.5,Medium
TMDB-191714,The Lunchbox,2023,127,Animation,French,France,R,0,48000000,14400000,6.8,6.1,6.4,Medium
TMDB-25312,Yes,2000,113,Documentary,Hindi,India,R,0,49000000,14700000,6.8,5.8,6.3,Medium
TMDB-34106,You Can't Take It With You,2000,124,Horror,Korean,France,PG-13,0,25000000,7500000,9.8,10.0,9.1,High
TMDB-11426,From Here to Eternity,2009,165,Romance,English,USA,PG-13,0,106000000,31800000,9.8,7.0,8.1,High
TMDB-13909,She Wore a Yellow Ribbon,2002,110,Action,Korean,France,PG-13,0,51000000,15300000,9.2,7.9,8.1,High
TMDB-206284,Grace Unplugged,2000,113,Documentary,English,USA,R,0,49000000,14700000,6.8,6.0,6.4,Medium
TMDB-27455,Foolish,2014,146,Thriller,German,France,R,0,87000000,26100000,6.8,6.7,6.6,Medium
TMDB-66468,N-Secure,2020,130,Action,Spanish,France,R,0,21000000,6300000,6.8,5.7,6.3,Medium
TMDB-7973,Caramel,2021,137,Animation,Hindi,India,R,0,118000000,35400000,6.8,6.3,6.5,Medium
TMDB-283686,Out of the Dark,2018,89,Horror,English,USA,R,0,115000000,34500000,6.8,5.7,6.3,Medium
TMDB-15976,The Bubble,2014,104,Horror,Telugu,India,R,0,15000000,4500000,6.8,6.0,6.4,Medium
TMDB-592,The Conversation,2008,137,Comedy,English,USA,PG-13,0,33000000,9900000,9.8,7.0,8.1,High
TMDB-74084,Dil Jo Bhi Kahey...,2008,104,Horror,Telugu,India,R,0,105000000,31500000,6.8,6.6,6.6,Medium
TMDB-1651,Mississippi Mermaid,2012,112,Comedy,Japanese,France,R,0,13000000,3900000,6.8,6.0,6.4,Medium
TMDB-25428,I Love Your Work,2010,110,Action,Korean,France,R,0,11000000,3300000,6.8,6.3,6.5,Medium
TMDB-298584,Cabin Fever,2007,109,Mystery,German,France,R,0,80000000,24000000,6.8,6.8,6.6,Medium
TMDB-10758,Waitress,2003,165,Romance,Spanish,France,R,0,76000000,22800000,6.8,7.4,6.9,Medium
TMDB-11690,Bloodsport,2008,95,Action,Tamil,India,R,0,81000000,24300000,6.8,6.1,6.4,Medium
TMDB-3083,Mr. Smith Goes to Washington,2019,101,Drama,Korean,France,PG-13,0,92000000,27600000,9.8,10.0,9.1,High
TMDB-9344,Kids,2018,148,Documentary,French,France,PG-13,0,19000000,5700000,7.6,6.9,7.0,Medium
TMDB-10707,The Squid and the Whale,2000,158,Documentary,English,USA,PG-13,0,49000000,14700000,8.4,9.9,8.4,High
TMDB-15647,Kissing Jessica Stein,2004,106,Thriller,Korean,France,PG-13,0,77000000,23100000,8.4,6.1,7.1,Medium
TMDB-308529,Kickboxer: Vengeance,2018,106,Thriller,Spanish,France,PG-13,0,67000000,20100000,9.2,6.0,7.4,Medium
TMDB-4174,Spellbound,2019,112,Animation,Spanish,France,PG-13,0,68000000,20400000,9.8,6.7,8.0,High
TMDB-20156,Exotica,2014,132,Comedy,German,France,PG-13,0,63000000,18900000,9.8,6.7,8.0,High
TMDB-9464,Buffalo '66,2004,155,Action,German,France,PG-13,0,101000000,30300000,7.6,8.1,7.5,High
TMDB-49018,Insidious,2017,126,Drama,Tamil,India,PG-13,0,42000000,12600000,9.8,7.3,8.2,High
TMDB-13820,Repo Man,2022,153,Documentary,Tamil,India,R,0,119000000,35700000,6.8,7.0,6.7,Medium
TMDB-18079,Nine Queens,2012,111,Thriller,Japanese,France,R,0,37000000,11100000,6.8,7.0,6.7,Medium
TMDB-127918,The Gatekeepers,2010,94,Horror,German,France,R,0,35000000,10500000,6.8,5.7,6.3,Medium
TMDB-17113,The Ballad of Jack and Rose,2012,151,Thriller,Hindi,India,R,0,37000000,11100000,6.8,6.1,6.4,Medium
TMDB-129139,The To Do List,2006,108,Documentary,Spanish,France,R,0,79000000,23700000,6.8,7.4,6.9,Medium
TMDB-507,Killing Zoe,2009,165,Romance,English,USA,R,0,106000000,31800000,7.6,6.3,6.8,Medium
TMDB-4012,The Believer,2005,129,Mystery,Hindi,India,PG-13,0,30000000,9000000,6.8,9.0,7.4,Medium
TMDB-14054,Snow Angels,2018,150,Action,German,France,PG-13,0,91000000,27300000,9.8,6.2,7.8,High
TMDB-323271,Unsullied,2019,97,Animation,Tamil,India,R,0,68000000,20400000,6.8,5.5,6.2,Medium
TMDB-10972,Session 9,2019,157,Animation,French,France,PG-13,0,68000000,20400000,9.8,6.1,7.7,High
TMDB-13066,I Want Someone to Eat Cheese With,2019,148,Sci-Fi,German,France,R,0,44000000,13200000,6.8,5.6,6.2,Medium
TMDB-66025,Mooz-lum,2007,152,Animation,Korean,France,R,0,8000000,2400000,6.8,5.5,6.2,Medium
TMDB-11908,Hatchet,2020,122,Comedy,Spanish,France,R,0,93000000,27900000,6.8,6.8,6.6,Medium
TMDB-3082,Modern Times,2009,126,Drama,German,France,PG-13,0,82000000,24600000,6.8,9.3,7.5,High
TMDB-39541,Stolen Summer,2013,124,Mystery,German,France,R,0,110000000,33000000,6.8,6.2,6.4,Medium
TMDB-1961,My Name Is Bruce,2018,146,Thriller,Tamil,India,R,0,67000000,20100000,6.8,5.8,6.3,Medium
TMDB-51820,The Salon,2011,114,Mystery,Spanish,France,R,0,60000000,18000000,7.6,5.8,6.6,Medium
TMDB-291362,Road Hard,2004,164,Horror,Telugu,India,R,0,5000000,1500000,6.8,6.9,6.7,Medium
TMDB-30082,Forty Shades of Blue,2017,147,Animation,French,France,R,0,18000000,5400000,7.6,5.8,6.6,Medium
TMDB-72913,Amigo,2021,100,Romance,Hindi,India,PG-13,0,46000000,13800000,9.2,6.0,7.4,Medium
TMDB-23963,Pontypool,2015,156,Drama,Spanish,France,R,0,112000000,33600000,6.8,6.6,6.6,Medium
TMDB-29406,Trucker,2003,152,Animation,Japanese,France,R,0,28000000,8400000,6.8,6.3,6.5,Medium
TMDB-361505,Me You and Five Bucks,2003,161,Drama,German,France,R,0,52000000,15600000,5.5,5.0,5.4,Low
TMDB-104755,The Lords of Salem,2013,147,Animation,French,France,PG-13,0,38000000,11400000,9.2,10.0,8.8,High
TMDB-253306,Housebound,2017,92,Animation,Hindi,India,R,0,18000000,5400000,6.8,6.2,6.4,Medium
TMDB-29595,Wal-Mart: The High Cost of Low Price,2008,121,Thriller,German,France,PG-13,0,57000000,17100000,7.6,7.8,7.4,Medium
TMDB-46729,Fetching Cody,2011,163,Sci-Fi,Telugu,India,R,0,84000000,25200000,6.8,6.3,6.5,Medium
TMDB-294600,Last I Heard,2020,120,Action,Spanish,France,R,0,21000000,6300000,6.8,5.5,6.2,Medium
TMDB-137347,Closer to the Moon,2009,149,Mystery,Spanish,France,R,0,10000000,3000000,6.8,6.1,6.4,Medium
TMDB-290370,Mutant World,2019,93,Sci-Fi,French,France,R,0,44000000,13200000,6.8,6.3,6.5,Medium
TMDB-426469,Growing Up Smith,2023,156,Drama,Japanese,France,PG-13,0,72000000,21600000,6.8,7.8,7.0,Medium
TMDB-356841,Checkmate,2021,169,Mystery,German,France,R,0,70000000,21000000,6.8,6.7,6.6,Medium
TMDB-301325,#Horror,2007,122,Animation,German,France,R,0,8000000,2400000,6.8,6.1,6.4,Medium
TMDB-347755,Wind Walkers,2004,133,Documentary,Tamil,India,R,0,29000000,8700000,6.8,5.7,6.3,Medium
TMDB-408,Snow White and the Seven Dwarfs,2009,165,Romance,French,France,PG-13,0,106000000,31800000,8.4,6.6,7.3,Medium
TMDB-44413,The Holy Girl,2001,131,Drama,Spanish,France,R,0,2000000,600000,6.8,5.6,6.2,Medium
TMDB-39209,Shalako,2009,134,Mystery,Tamil,India,R,0,10000000,3000000,6.8,6.8,6.6,Medium
TMDB-48463,Incident at Loch Ness,2022,93,Documentary,Spanish,France,R,0,119000000,35700000,6.8,6.6,6.6,Medium
TMDB-394047,The Dog Lover,2011,168,Sci-Fi,Japanese,France,PG-13,0,84000000,25200000,6.8,8.6,7.3,Medium
TMDB-312791,GirlHouse,2008,114,Horror,Japanese,France,PG-13,0,105000000,31500000,8.4,6.6,7.3,Medium
TMDB-266034,The Blue Room,2022,113,Documentary,Hindi,India,R,0,119000000,35700000,6.8,5.5,6.2,Medium
TMDB-280381,House at the End of the Drive,2004,142,Comedy,French,France,R,0,53000000,15900000,6.8,6.7,6.6,Medium
TMDB-100,"Lock, Stock and Two Smoking Barrels",2017,160,Romance,Japanese,France,PG-13,0,66000000,19800000,9.8,8.2,8.5,High
TMDB-218500,The Ballad of Gregorio Cortez,2007,88,Sci-Fi,Japanese,France,R,0,104000000,31200000,6.8,5.4,6.2,Medium
TMDB-309,The Celebration,2010,88,Documentary,German,France,PG-13,0,59000000,17700000,8.4,7.5,7.6,High
TMDB-27845,Trees Lounge,2009,167,Animation,English,USA,R,0,58000000,17400000,7.6,6.6,6.9,Medium
TMDB-25784,Journey from the Fall,2016,163,Documentary,Tamil,India,R,0,89000000,26700000,6.8,6.0,6.4,Medium
TMDB-52790,The Basket,2013,146,Drama,Tamil,India,R,0,62000000,18600000,6.8,6.0,6.4,Medium
TMDB-100275,Eddie: The Sleepwalking Cannibal,2000,92,Comedy,Telugu,India,R,0,73000000,21900000,6.8,7.2,6.8,Medium
TMDB-295914,Queen of the Mountains,2007,126,Drama,French,France,R,0,32000000,9600000,6.8,5.6,6.2,Medium
TMDB-42033,Def-Con 4,2022,108,Documentary,French,France,R,0,119000000,35700000,6.8,6.4,6.5,Medium
TMDB-19187,The Hebrew Hammer,2002,103,Documentary,German,France,R,0,99000000,29700000,6.8,5.5,6.2,Medium
TMDB-46415,Neal 'n' Nikki,2017,118,Sci-Fi,Japanese,France,R,0,114000000,34200000,6.8,6.8,6.6,Medium
TMDB-38570,The 41–Year–Old Virgin Who Knocked Up Sarah Marshall and Felt Superbad About It,2002,138,Documentary,German,France,R,0,99000000,29700000,7.6,6.2,6.8,Medium
TMDB-27588,Forget Me Not,2011,115,Romance,Japanese,France,PG-13,0,36000000,10800000,6.8,9.1,7.4,Medium
TMDB-223,Rebecca,2009,148,Sci-Fi,Spanish,France,PG-13,0,34000000,10200000,9.8,8.0,8.4,High
TMDB-9725,Friday the 13th Part 2,2009,165,Romance,Telugu,India,PG-13,0,106000000,31800000,9.8,6.4,7.9,High
TMDB-28580,The Lost Weekend,2020,99,Horror,French,France,PG-13,0,45000000,13500000,9.2,10.0,8.8,High
TMDB-23730,C.H.U.D.,2021,89,Mystery,Japanese,France,R,0,70000000,21000000,6.8,7.2,6.8,Medium
TMDB-84197,Filly Brown,2005,131,Drama,Korean,France,R,0,102000000,30600000,6.8,6.4,6.5,Medium
TMDB-46256,The Lion of Judah,2005,144,Mystery,Spanish,France,R,0,30000000,9000000,6.8,5.5,6.2,Medium
TMDB-19997,Niagara,2008,90,Action,German,France,PG-13,0,81000000,24300000,6.8,8.2,7.1,Medium
TMDB-43266,How Green Was My Valley,2016,114,Horror,English,USA,PG-13,0,65000000,19500000,9.2,7.4,7.9,High
TMDB-278316,Da Sweet Blood of Jesus,2016,149,Horror,Hindi,India,PG-13,0,65000000,19500000,9.8,6.1,7.7,High
TMDB-1412,"Sex, Lies, and Videotape",2016,92,Comedy,Tamil,India,PG-13,0,113000000,33900000,9.8,6.1,7.7,High
TMDB-176,Saw,2010,95,Action,Korean,France,PG-13,0,11000000,3300000,9.8,7.0,8.1,High
TMDB-39939,Super Troopers,2015,128,Sci-Fi,Korean,France,PG-13,0,64000000,19200000,9.2,6.9,7.8,High
TMDB-357834,The Algerian,2023,111,Drama,Japanese,France,R,0,72000000,21600000,6.8,5.7,6.3,Medium
TMDB-215924,The Amazing Catfish,2000,107,Comedy,Korean,France,R,0,73000000,21900000,6.8,6.8,6.6,Medium
TMDB-480,Monsoon Wedding,2005,96,Drama,Japanese,France,PG-13,0,102000000,30600000,9.8,6.7,8.0,High
TMDB-14295,You Can Count on Me,2008,119,Horror,Telugu,India,PG-13,0,105000000,31500000,7.6,7.6,7.3,Medium
TMDB-11219,The Trouble with Harry,2016,131,Thriller,German,France,PG-13,0,17000000,5100000,9.8,6.7,8.0,High
TMDB-20770,But I'm a Cheerleader,2013,125,Romance,Tamil,India,PG-13,0,86000000,25800000,7.6,7.6,7.3,Medium
TMDB-176124,Home Run,2012,99,Horror,Japanese,France,R,0,85000000,25500000,6.8,6.7,6.6,Medium
TMDB-500,Reservoir Dogs,2016,169,Horror,Japanese,France,PG-13,0,65000000,19500000,9.8,6.8,8.0,High
TMDB-60400,The Blue Bird,2023,119,Mystery,Spanish,France,PG-13,0,120000000,36000000,7.6,10.0,8.1,High
TMDB-429,"The Good, the Bad and the Ugly",2020,95,Action,Tamil,India,PG-13,0,21000000,6300000,9.2,9.8,8.8,High
TMDB-310569,The Second Mother,2002,91,Thriller,Japanese,France,R,0,27000000,8100000,6.8,6.8,6.6,Medium
TMDB-98369,Blue Like Jazz,2009,112,Animation,Spanish,France,R,0,58000000,17400000,6.8,6.3,6.5,Medium
TMDB-114065,Down & Out With The Dolls,2012,146,Thriller,English,USA,R,0,37000000,11100000,5.5,5.0,5.4,Low
TMDB-89750,"Pink Ribbons, Inc.",2023,132,Animation,Japanese,France,R,0,48000000,14400000,7.6,5.6,6.6,Medium
TMDB-49951,Certifiably Jonathan,2019,163,Sci-Fi,Japanese,France,R,0,44000000,13200000,6.8,5.5,6.2,Medium
TMDB-86331,Desire,2003,154,Mystery,German,France,R,0,100000000,30000000,6.8,6.8,6.6,Medium
TMDB-355629,The Blade of Don Juan,2007,138,Sci-Fi,Spanish,France,R,0,104000000,31200000,6.8,6.1,6.4,Medium
TMDB-16433,Grand Theft Parsons,2009,90,Romance,Telugu,India,R,0,106000000,31800000,6.8,5.7,6.3,Medium
TMDB-15544,Extreme Movie,2002,100,Action,Korean,France,R,0,51000000,15300000,6.8,6.3,6.5,Medium
TMDB-43884,The Charge of the Light Brigade,2010,129,Horror,French,France,PG-13,0,35000000,10500000,8.4,7.8,7.7,High
TMDB-107315,Below Zero,2013,93,Sci-Fi,Korean,France,R,0,14000000,4200000,6.8,5.6,6.2,Medium
TMDB-137955,Crowsnest,2002,146,Thriller,Korean,France,R,0,27000000,8100000,5.5,5.0,5.4,Low
TMDB-13064,Airborne,2009,158,Sci-Fi,Japanese,France,PG-13,0,34000000,10200000,9.2,6.6,7.6,High
TMDB-59917,Cotton Comes to Harlem,2015,110,Romance,French,France,R,0,16000000,4800000,6.8,6.7,6.6,Medium
TMDB-157422,The Wicked Within,2002,124,Horror,Telugu,India,R,0,75000000,22500000,6.8,6.0,6.4,Medium
TMDB-310933,Bleeding Hearts,2006,122,Comedy,Korean,France,R,0,103000000,30900000,6.8,6.7,6.6,Medium
TMDB-7553,Waiting...,2017,90,Romance,Tamil,India,PG-13,0,66000000,19800000,6.8,8.4,7.2,Medium
TMDB-12877,Dead Man's Shoes,2019,136,Drama,Telugu,India,PG-13,0,92000000,27600000,9.2,6.4,7.6,High
TMDB-39895,From a Whisper to a Scream,2002,144,Horror,Japanese,France,R,0,75000000,22500000,6.8,6.8,6.6,Medium
TMDB-102840,Sex With Strangers,2001,89,Mystery,German,France,R,0,50000000,15000000,5.5,5.0,5.4,Low
TMDB-55616,Dracula: Pages from a Virgin's Diary,2002,141,Thriller,Tamil,India,R,0,27000000,8100000,6.8,6.8,6.6,Medium
TMDB-29697,Faith Like Potatoes,2006,98,Documentary,French,France,R,0,79000000,23700000,6.8,5.6,6.2,Medium
TMDB-50037,Beyond the Black Rainbow,2003,163,Sci-Fi,Hindi,India,R,0,4000000,1200000,6.8,6.1,6.4,Medium
TMDB-94329,The Raid,2010,97,Comedy,Hindi,India,R,0,83000000,24900000,6.8,6.7,6.6,Medium
TMDB-53502,The Dead Undead,2009,127,Animation,Tamil,India,R,0,58000000,17400000,6.8,7.3,6.8,Medium
TMDB-202604,The Vatican Exorcisms,2011,155,Romance,German,France,R,0,36000000,10800000,6.8,5.1,6.0,Medium
TMDB-289,Casablanca,2007,137,Animation,German,France,PG-13,0,8000000,2400000,8.4,10.0,8.5,High
TMDB-27374,Lake Mungo,2007,89,Mystery,French,France,R,0,80000000,24000000,6.8,5.8,6.3,Medium
TMDB-26815,Rocket Singh: Salesman of the Year,2017,114,Mystery,Telugu,India,R,0,90000000,27000000,6.8,6.0,6.4,Medium
TMDB-811,Silent Running,2005,106,Drama,German,France,R,0,102000000,30600000,6.8,5.8,6.3,Medium
TMDB-1366,Rocky,2023,98,Sci-Fi,English,USA,PG-13,0,24000000,7200000,7.6,9.4,7.9,High
TMDB-244776,The Sleepwalker,2017,114,Mystery,Korean,France,R,0,90000000,27000000,6.8,5.5,6.2,Medium
TMDB-5769,Tom Jones,2009,129,Mystery,Telugu,India,PG-13,0,10000000,3000000,7.6,7.2,7.1,Medium
TMDB-277685,Unfriended,2003,120,Romance,Spanish,France,R,0,76000000,22800000,6.8,6.3,6.5,Medium
TMDB-103,Taxi Driver,2015,89,Mystery,Korean,France,PG-13,0,40000000,12000000,9.8,8.6,8.6,High
TMDB-11298,The Howling,2009,123,Sci-Fi,French,France,PG-13,0,34000000,10200000,9.8,7.6,8.3,High
TMDB-646,Dr. No,2000,108,Documentary,Korean,France,PG-13,0,49000000,14700000,9.2,6.3,7.5,High
TMDB-93856,Chernobyl Diaries,2001,122,Animation,Telugu,India,R,0,98000000,29400000,6.8,6.4,6.5,Medium
TMDB-9003,Hellraiser,2006,127,Comedy,Spanish,France,R,0,103000000,30900000,6.8,7.6,6.9,Medium
TMDB-347126,God's Not Dead 2,2007,94,Mystery,Tamil,India,R,0,80000000,24000000,6.8,6.2,6.4,Medium
TMDB-10092,Cry_Wolf,2017,147,Animation,Telugu,India,PG-13,0,18000000,5400000,8.4,7.4,7.6,High
TMDB-10643,Godzilla 2000,2016,111,Thriller,Hindi,India,R,0,17000000,5100000,6.8,6.9,6.7,Medium
TMDB-46705,Blue Valentine,2015,137,Animation,Spanish,France,PG-13,0,88000000,26400000,7.6,6.8,7.0,Medium
TMDB-546,Transamerica,2007,150,Romance,French,France,R,0,56000000,16800000,6.8,6.6,6.6,Medium
TMDB-76487,The Devil Inside,2000,138,Documentary,Tamil,India,PG-13,0,49000000,14700000,8.4,6.2,7.2,Medium
TMDB-5722,Beyond the Valley of the Dolls,2017,159,Mystery,German,France,R,0,90000000,27000000,6.8,7.6,6.9,Medium
TMDB-39833,Love Me Tender,2002,103,Documentary,French,France,R,0,99000000,29700000,6.8,6.7,6.6,Medium
TMDB-1781,An Inconvenient Truth,2009,139,Mystery,Korean,France,R,0,10000000,3000000,8.4,5.6,6.9,Medium
TMDB-18712,Sands of Iwo Jima,2007,112,Animation,Telugu,India,PG-13,0,8000000,2400000,6.8,10.0,7.8,High
TMDB-7944,Shine a Light,2013,141,Drama,Hindi,India,PG-13,0,62000000,18600000,9.8,6.6,7.9,High
TMDB-171424,The Green Inferno,2007,153,Sci-Fi,Telugu,India,PG-13,0,104000000,31200000,8.4,7.5,7.6,High
TMDB-361475,Departure,2015,128,Sci-Fi,English,USA,R,0,64000000,19200000,6.8,5.7,6.3,Medium
TMDB-113947,The Sessions,2002,161,Thriller,Spanish,France,R,0,27000000,8100000,6.8,7.3,6.8,Medium
TMDB-18570,"Food, Inc.",2018,161,Thriller,Telugu,India,R,0,67000000,20100000,6.8,5.6,6.2,Medium
TMDB-83860,October Baby,2003,122,Animation,Tamil,India,R,0,28000000,8400000,6.8,5.5,6.2,Medium
TMDB-41469,Next Stop Wonderland,2015,169,Mystery,English,USA,PG-13,0,40000000,12000000,9.8,5.6,7.6,High
TMDB-244772,The Skeleton Twins,2008,118,Documentary,Korean,France,R,0,9000000,2700000,6.8,6.9,6.7,Medium
TMDB-50837,Martha Marcy May Marlene,2002,132,Comedy,French,France,R,0,3000000,900000,6.8,6.7,6.6,Medium
TMDB-248774,Obvious Child,2013,167,Animation,Hindi,India,PG-13,0,38000000,11400000,6.8,10.0,7.8,High
TMDB-10183,Frozen River,2011,86,Drama,Spanish,France,R,0,12000000,3600000,6.8,6.1,6.4,Medium
TMDB-159014,20 Feet from Stardom,2008,125,Action,Korean,France,R,0,81000000,24300000,6.8,6.8,6.6,Medium
TMDB-32456,Two Girls and a Guy,2004,101,Thriller,English,USA,R,0,77000000,23100000,7.6,5.6,6.6,Medium
TMDB-49963,Walking and Talking,2009,95,Romance,Hindi,India,PG-13,0,106000000,31800000,9.8,6.2,7.8,High
TMDB-13508,Who Killed the Electric Car?,2001,120,Romance,French,France,R,0,26000000,7800000,6.8,5.4,6.2,Medium
TMDB-22597,The Broken Hearts Club: A Romantic Comedy,2014,130,Action,Tamil,India,R,0,111000000,33300000,6.8,6.8,6.6,Medium
TMDB-9707,Bubba Ho-tep,2021,164,Mystery,Korean,France,PG-13,0,70000000,21000000,8.4,6.8,7.4,Medium
TMDB-37532,Slam,2007,106,Drama,Tamil,India,R,0,32000000,9600000,6.8,5.5,6.2,Medium
TMDB-26791,Brigham City,2006,164,Horror,Japanese,France,R,0,55000000,16500000,6.8,5.4,6.2,Medium
TMDB-56666,Fiza,2000,95,Action,Spanish,France,R,0,1000000,300000,6.8,6.3,6.5,Medium
TMDB-8675,Orgazmo,2019,86,Drama,Korean,France,PG-13,0,92000000,27600000,8.4,7.8,7.7,High
TMDB-13132,All the Real Girls,2019,149,Mystery,Telugu,India,PG-13,0,20000000,6000000,9.8,6.0,7.7,High
TMDB-47686,Dream with the Fishes,2020,89,Horror,Telugu,India,R,0,45000000,13500000,5.5,5.6,5.6,Medium
TMDB-46989,Blue Car,2013,96,Drama,German,France,PG-13,0,62000000,18600000,7.6,6.8,7.0,Medium
TMDB-192132,Palo Alto,2001,91,Drama,Spanish,France,PG-13,0,2000000,600000,6.8,9.9,7.7,High
TMDB-24424,Ajami,2005,127,Animation,Tamil,India,R,0,78000000,23400000,6.8,6.7,6.6,Medium
TMDB-13198,Wristcutters: A Love Story,2019,111,Drama,German,France,R,0,92000000,27600000,6.8,7.4,6.9,Medium
TMDB-244267,I Origins,2021,159,Mystery,Telugu,India,PG-13,0,70000000,21000000,7.6,7.2,7.1,Medium
TMDB-21413,The Battle of Shaker Heights,2022,131,Thriller,Spanish,France,R,0,47000000,14100000,6.8,6.0,6.4,Medium
TMDB-123678,The Act of Killing,2009,90,Romance,Tamil,India,R,0,106000000,31800000,6.8,6.2,6.4,Medium
TMDB-13362,Taxi to the Dark Side,2005,87,Animation,Spanish,France,R,0,78000000,23400000,6.8,5.5,6.2,Medium
TMDB-39183,Once in a Lifetime: The Extraordinary Story of the New York Cosmos,2001,97,Animation,English,USA,R,0,98000000,29400000,6.8,6.7,6.6,Medium
TMDB-62402,Guiana 1838,2018,133,Documentary,Japanese,France,R,0,19000000,5700000,6.8,6.6,6.6,Medium
TMDB-206412,Lisa Picard Is Famous,2005,94,Mystery,Telugu,India,PG-13,0,30000000,9000000,8.4,6.4,7.2,Medium
TMDB-201132,Antarctica: A Year on Ice,2003,90,Romance,English,USA,R,0,76000000,22800000,6.8,6.3,6.5,Medium
TMDB-251471,A LEGO Brickumentary,2018,155,Action,Korean,France,R,0,91000000,27300000,6.8,5.2,6.1,Medium
TMDB-112456,Hardflip,2020,98,Documentary,German,France,R,0,69000000,20700000,6.8,5.7,6.3,Medium
TMDB-20296,Chocolate: Deep Dark Secrets,2020,126,Thriller,English,USA,R,0,117000000,35100000,6.8,6.0,6.4,Medium
TMDB-25983,The House of the Devil,2018,137,Comedy,Korean,France,R,0,43000000,12900000,7.6,6.1,6.8,Medium
TMDB-66195,The Perfect Host,2023,108,Sci-Fi,Korean,France,R,0,24000000,7200000,6.8,5.5,6.2,Medium
TMDB-16155,Safe Men,2008,111,Thriller,Japanese,France,PG-13,0,57000000,17100000,8.4,6.8,7.4,Medium
TMDB-46727,Speedway Junky,2008,155,Action,Korean,France,PG-13,0,81000000,24300000,6.8,9.9,7.7,High
TMDB-55180,The Last Big Thing,2023,104,Mystery,Spanish,France,R,0,120000000,36000000,6.8,5.8,6.3,Medium
TMDB-29015,The Specials,2012,113,Documentary,German,France,R,0,109000000,32700000,7.6,6.3,6.8,Medium
TMDB-91122,16 to Life,2008,149,Horror,French,France,R,0,105000000,31500000,6.8,5.5,6.2,Medium
TMDB-18206,Alone With Her,2019,129,Mystery,French,France,R,0,20000000,6000000,6.8,5.7,6.3,Medium
TMDB-320146,Creative Control,2022,152,Comedy,German,France,R,0,23000000,6900000,6.8,7.6,6.9,Medium
TMDB-13856,Special,2006,162,Comedy,Hindi,India,R,0,103000000,30900000,6.8,6.0,6.4,Medium
TMDB-219716,Sparkler,2010,119,Horror,Tamil,India,R,0,35000000,10500000,7.6,6.1,6.8,Medium
TMDB-43630,The Helix... Loaded,2021,99,Mystery,Japanese,France,R,0,70000000,21000000,5.5,5.0,5.4,Low
TMDB-56491,In Her Line of Fire,2003,156,Drama,Telugu,India,PG-13,0,52000000,15600000,8.4,6.7,7.3,Medium
TMDB-99826,The Jimmy Show,2000,149,Horror,Hindi,India,R,0,25000000,7500000,6.8,5.6,6.2,Medium
TMDB-186935,Heli,2017,102,Animation,Hindi,India,R,0,18000000,5400000,6.8,5.6,6.2,Medium
TMDB-357441,Karachi se Lahore,2008,155,Action,German,France,R,0,81000000,24300000,5.5,5.5,5.6,Medium
TMDB-19344,Loving Annabelle,2014,91,Thriller,German,France,PG-13,0,87000000,26100000,6.8,8.0,7.1,Medium
TMDB-242083,Hits,2007,147,Animation,German,France,R,0,8000000,2400000,6.8,7.4,6.9,Medium
TMDB-18869,Jimmy and Judy,2022,151,Thriller,English,USA,R,0,47000000,14100000,6.8,5.4,6.2,Medium
TMDB-26673,Frat Party,2004,97,Comedy,Telugu,India,R,0,53000000,15900000,6.8,5.8,6.3,Medium
TMDB-41830,The Party's Over,2023,140,Romance,French,France,PG-13,0,96000000,28800000,9.8,6.6,7.9,High
TMDB-37694,Proud,2001,150,Romance,Japanese,France,R,0,26000000,7800000,6.8,5.4,6.2,Medium
TMDB-63287,The Poker House,2013,134,Mystery,German,France,R,0,110000000,33000000,6.8,6.4,6.5,Medium
TMDB-335874,Childless,2009,164,Mystery,Tamil,India,R,0,10000000,3000000,6.8,5.7,6.3,Medium
TMDB-34592,ZMD: Zombies of Mass Destruction,2009,96,Drama,Japanese,France,R,0,82000000,24600000,6.8,7.2,6.8,Medium
TMDB-92635,Snow White: A Deadly Summer,2015,168,Sci-Fi,English,USA,R,0,64000000,19200000,7.6,6.3,6.8,Medium
TMDB-258755,Hidden Away,2001,150,Romance,Japanese,France,R,0,26000000,7800000,6.8,5.5,6.2,Medium
TMDB-96534,My Last Day Without You,2008,166,Thriller,Japanese,France,R,0,57000000,17100000,6.8,5.6,6.2,Medium
TMDB-21283,Steppin: The Movie,2003,130,Romance,Spanish,France,R,0,76000000,22800000,6.8,5.4,6.2,Medium
TMDB-272724,Doc Holliday's Revenge,2011,98,Sci-Fi,English,USA,R,0,84000000,25200000,7.6,5.8,6.6,Medium
TMDB-84178,Black Rock,2012,124,Horror,Korean,France,R,0,85000000,25500000,6.8,5.8,6.3,Medium
TMDB-101179,Truth or Dare,2012,143,Documentary,Hindi,India,R,0,109000000,32700000,6.8,6.1,6.4,Medium
TMDB-52462,The Pet,2011,104,Mystery,Telugu,India,R,0,60000000,18000000,6.8,5.7,6.3,Medium
TMDB-269057,Bang Bang Baby,2002,124,Horror,German,France,R,0,75000000,22500000,6.8,7.5,6.9,Medium
TMDB-287524,Fear Clinic,2009,117,Animation,English,USA,R,0,58000000,17400000,6.8,6.7,6.6,Medium
TMDB-206213,Zombie Hunter,2008,116,Thriller,Spanish,France,R,0,57000000,17100000,6.8,5.6,6.2,Medium
TMDB-248402,A Fine Step,2012,103,Documentary,French,France,R,0,109000000,32700000,6.8,5.4,6.2,Medium
TMDB-29146,Charly,2015,159,Mystery,French,France,R,0,40000000,12000000,6.8,6.0,6.4,Medium
TMDB-207769,Banshee Chapter,2023,168,Sci-Fi,English,USA,R,0,24000000,7200000,6.8,6.4,6.5,Medium
TMDB-271185,Ask Me Anything,2014,121,Thriller,English,USA,R,0,87000000,26100000,6.8,7.2,6.8,Medium
TMDB-29731,And Then Came Love,2023,124,Mystery,Telugu,India,R,0,120000000,36000000,7.6,5.6,6.6,Medium
TMDB-292539,Food Chains,2019,161,Drama,Tamil,India,R,0,92000000,27600000,6.8,5.0,6.0,Medium
TMDB-654,On the Waterfront,2023,135,Romance,Telugu,India,PG-13,0,96000000,28800000,8.4,7.6,7.6,High
TMDB-91070,L!fe Happens,2013,125,Romance,Hindi,India,PG-13,0,86000000,25800000,6.8,8.0,7.1,Medium
TMDB-2009,"4 Months, 3 Weeks and 2 Days",2010,156,Thriller,Telugu,India,R,0,107000000,32100000,6.8,7.5,6.9,Medium
TMDB-323270,The Horror Network Vol. 1,2003,138,Sci-Fi,Telugu,India,R,0,4000000,1200000,6.8,5.7,6.3,Medium
TMDB-2652,Hard Candy,2018,148,Documentary,Tamil,India,R,0,19000000,5700000,8.4,5.6,6.9,Medium
TMDB-9813,The Quiet,2004,132,Comedy,German,France,PG-13,0,53000000,15900000,7.6,7.4,7.2,Medium
TMDB-60421,Circumstance,2017,132,Animation,French,France,R,0,18000000,5400000,6.8,5.8,6.3,Medium
TMDB-157354,Fruitvale Station,2023,165,Romance,Spanish,France,R,0,96000000,28800000,7.6,6.3,6.8,Medium
TMDB-127867,The Brass Teapot,2021,120,Romance,German,France,PG-13,0,46000000,13800000,6.8,8.8,7.3,Medium
TMDB-3170,Bambi,2017,143,Sci-Fi,Spanish,France,PG-13,0,114000000,34200000,8.4,6.3,7.2,Medium
TMDB-14014,The Hammer,2004,167,Comedy,English,USA,PG-13,0,53000000,15900000,8.4,5.7,7.0,Medium
TMDB-15708,Latter Days,2016,106,Thriller,French,France,R,0,17000000,5100000,7.6,6.3,6.8,Medium
TMDB-146882,Elza,2007,128,Sci-Fi,Hindi,India,R,0,104000000,31200000,6.8,5.4,6.2,Medium
TMDB-215918,1982,2022,101,Thriller,Japanese,France,R,0,47000000,14100000,6.8,5.7,6.3,Medium
TMDB-84200,"For a Good Time, Call...",2023,117,Animation,French,France,R,0,48000000,14400000,6.8,6.7,6.6,Medium
TMDB-84184,Celeste & Jesse Forever,2007,124,Mystery,Hindi,India,PG-13,0,80000000,24000000,7.6,7.5,7.2,Medium
TMDB-45767,Time Changer,2004,153,Documentary,Japanese,France,R,0,29000000,8700000,6.8,5.7,6.3,Medium
TMDB-14823,London to Brighton,2020,104,Horror,Japanese,France,R,0,45000000,13500000,7.6,6.0,6.7,Medium
TMDB-367551,American Hero,2006,87,Comedy,German,France,R,0,103000000,30900000,7.6,5.5,6.5,Medium
TMDB-343409,Windsor Drive,2002,99,Horror,Japanese,France,R,0,75000000,22500000,6.8,5.5,6.2,Medium
TMDB-60243,A Separation,2021,160,Romance,Hindi,India,R,0,46000000,13800000,6.8,6.3,6.5,Medium
TMDB-57294,Crying with Laughter,2013,159,Mystery,Hindi,India,R,0,110000000,33000000,6.8,5.5,6.2,Medium
TMDB-11446,Welcome to the Dollhouse,2003,115,Romance,German,France,PG-13,0,76000000,22800000,8.4,6.7,7.3,Medium
TMDB-47889,Ruby in Paradise,2001,151,Drama,French,France,R,0,2000000,600000,7.6,6.1,6.8,Medium
TMDB-25461,Raising Victor Vargas,2000,141,Thriller,German,France,PG-13,0,97000000,29100000,8.4,6.1,7.1,Medium
TMDB-905,Pandora's Box,2009,132,Animation,Tamil,India,R,0,58000000,17400000,6.8,5.7,6.3,Medium
TMDB-279759,Harrison Montgomery,2017,161,Drama,Hindi,India,R,0,42000000,12600000,5.5,5.0,5.4,Low
TMDB-78705,Live-In Maid,2011,162,Animation,Spanish,France,R,0,108000000,32400000,6.8,5.6,6.2,Medium
TMDB-25212,Deterrence,2018,87,Comedy,Tamil,India,PG-13,0,43000000,12900000,9.8,7.8,8.3,High
TMDB-26899,The Mudge Boy,2014,86,Thriller,English,USA,R,0,87000000,26100000,6.8,5.7,6.3,Medium
TMDB-146269,The Young Unknowns,2019,94,Mystery,German,France,R,0,20000000,6000000,6.8,5.7,6.3,Medium
TMDB-292483,Not Cool,2009,118,Sci-Fi,English,USA,R,0,34000000,10200000,6.8,5.6,6.2,Medium
TMDB-14451,Dead Snow,2020,155,Action,Spanish,France,R,0,21000000,6300000,7.6,6.2,6.8,Medium
TMDB-10105,Saints and Soldiers,2009,91,Drama,English,USA,R,0,82000000,24600000,6.8,7.4,6.9,Medium
TMDB-211557,Vessel,2002,155,Action,Spanish,France,R,0,51000000,15300000,6.8,5.8,6.3,Medium
TMDB-838,American Graffiti,2002,101,Thriller,English,USA,PG-13,0,27000000,8100000,9.8,8.1,8.4,High
TMDB-40862,Iraq for Sale: The War Profiteers,2022,129,Horror,Korean,France,R,0,95000000,28500000,7.6,5.1,6.4,Medium
TMDB-13158,Aqua Teen Hunger Force Colon Movie Film for Theaters,2016,101,Thriller,English,USA,R,0,17000000,5100000,6.8,5.8,6.3,Medium
TMDB-84332,Safety Not Guaranteed,2022,143,Documentary,Korean,France,PG-13,0,119000000,35700000,7.6,7.3,7.2,Medium
TMDB-74510,Kevin Hart: Laugh at My Pain,2014,109,Horror,Tamil,India,PG-13,0,15000000,4500000,9.8,5.2,7.4,Medium
TMDB-74725,Kill List,2019,97,Animation,Korean,France,PG-13,0,68000000,20400000,7.6,7.3,7.2,Medium
TMDB-58428,The Innkeepers,2004,126,Thriller,Tamil,India,R,0,77000000,23100000,7.6,6.0,6.7,Medium
TMDB-8416,The Conformist,2016,104,Horror,German,France,R,0,65000000,19500000,7.6,6.1,6.8,Medium
TMDB-36584,Interview with the Assassin,2016,148,Documentary,Tamil,India,PG-13,0,89000000,26700000,9.2,5.7,7.3,Medium
TMDB-13429,Donkey Punch,2010,135,Action,French,France,R,0,11000000,3300000,6.8,5.8,6.3,Medium
TMDB-9022,All the Boys Love Mandy Lane,2018,163,Documentary,English,USA,PG-13,0,19000000,5700000,9.2,6.6,7.6,High
TMDB-22530,Bled,2005,168,Sci-Fi,English,USA,R,0,54000000,16200000,6.8,6.2,6.4,Medium
TMDB-288,High Noon,2015,145,Romance,Tamil,India,PG-13,0,16000000,4800000,9.8,10.0,9.1,High
TMDB-14275,Hoop Dreams,2011,95,Romance,Spanish,France,R,0,36000000,10800000,7.6,5.4,6.5,Medium
TMDB-2287,Rize,2019,162,Animation,French,France,R,0,68000000,20400000,6.8,6.0,6.4,Medium
TMDB-18734,L.I.E.,2018,122,Comedy,English,USA,R,0,43000000,12900000,7.6,6.1,6.8,Medium
TMDB-206197,The Sisterhood of Night,2009,106,Drama,Spanish,France,PG-13,0,82000000,24600000,6.8,10.0,7.8,High
TMDB-26837,B-Girl,2006,167,Comedy,Korean,France,R,0,103000000,30900000,6.8,5.8,6.3,Medium
TMDB-7859,Half Nelson,2013,102,Animation,German,France,PG-13,0,38000000,11400000,7.6,7.8,7.4,Medium
TMDB-302579,Naturally Native,2009,147,Animation,Tamil,India,R,0,58000000,17400000,6.8,7.0,6.7,Medium
TMDB-51955,Hav Plenty,2010,120,Action,German,France,R,0,11000000,3300000,6.8,6.2,6.4,Medium
TMDB-376004,Adulterers,2009,155,Romance,French,France,R,0,106000000,31800000,6.8,5.7,6.3,Medium
TMDB-158752,Escape from Tomorrow,2009,142,Animation,Hindi,India,R,0,58000000,17400000,6.8,6.0,6.4,Medium
TMDB-40658,Starsuckers,2003,112,Animation,French,France,R,0,28000000,8400000,6.8,6.8,6.6,Medium
TMDB-296943,The Hadza:  Last of the First,2003,88,Sci-Fi,French,France,R,0,4000000,1200000,6.8,5.0,6.0,Medium
TMDB-118612,After,2016,120,Action,Spanish,France,R,0,41000000,12300000,6.8,6.6,6.6,Medium
TMDB-138976,Treachery,2015,142,Animation,Korean,France,R,0,88000000,26400000,6.8,5.5,6.2,Medium
TMDB-323967,Walter,2012,101,Thriller,French,France,R,0,37000000,11100000,6.8,6.2,6.4,Medium
TMDB-3080,Top Hat,2011,166,Drama,Tamil,India,R,0,12000000,3600000,6.8,6.0,6.4,Medium
TMDB-2667,The Blair Witch Project,2016,146,Thriller,Telugu,India,R,0,17000000,5100000,6.8,6.2,6.4,Medium
TMDB-9459,Woodstock,2002,89,Horror,Hindi,India,R,0,75000000,22500000,6.8,6.4,6.5,Medium
TMDB-11598,The Kentucky Fried Movie,2004,129,Horror,French,France,PG-13,0,5000000,1500000,9.8,7.6,8.3,High
TMDB-26916,Mercy Streets,2020,112,Comedy,English,USA,R,0,93000000,27900000,7.6,5.6,6.6,Medium
TMDB-181940,Carousel of Revenge,2013,155,Romance,Japanese,France,R,0,86000000,25800000,6.8,5.8,6.3,Medium
TMDB-125263,Broken Vessels,2021,95,Romance,Telugu,India,R,0,46000000,13800000,6.8,6.6,6.6,Medium
TMDB-263503,Water & Power,2021,138,Sci-Fi,Spanish,France,R,0,94000000,28200000,6.8,6.3,6.5,Medium
TMDB-324322,They Will Have to Kill Us First,2012,87,Comedy,German,France,R,0,13000000,3900000,6.8,5.6,6.2,Medium
TMDB-331493,Light from the Darkroom,2016,112,Comedy,Spanish,France,R,0,113000000,33900000,5.5,5.0,5.4,Low
TMDB-375950,The Country Doctor,2012,93,Documentary,Spanish,France,PG-13,0,109000000,32700000,6.8,9.3,7.5,High
TMDB-278348,The Maid's Room,2019,91,Drama,Hindi,India,R,0,92000000,27600000,6.8,6.2,6.4,Medium
TMDB-704,A Hard Day's Night,2000,131,Thriller,English,USA,PG-13,0,97000000,29100000,9.8,6.7,8.0,High
TMDB-70875,The Harvest (La Cosecha),2022,146,Thriller,Japanese,France,R,0,47000000,14100000,6.8,5.0,6.0,Medium
TMDB-75986,Love Letters,2016,140,Action,Hindi,India,R,0,41000000,12300000,6.8,5.7,6.3,Medium
TMDB-385636,Juliet and Alfa Romeo,2020,159,Horror,English,USA,R,0,45000000,13500000,6.8,5.8,6.3,Medium
TMDB-14438,Fireproof,2004,154,Horror,Japanese,France,PG-13,0,5000000,1500000,9.2,6.8,7.7,High
TMDB-211086,Faith Connections,2007,130,Romance,Tamil,India,R,0,56000000,16800000,7.6,6.2,6.8,Medium
TMDB-23069,Benji,2013,125,Romance,Tamil,India,R,0,86000000,25800000,6.8,6.2,6.4,Medium
TMDB-83,Open Water,2003,163,Sci-Fi,English,USA,R,0,4000000,1200000,7.6,5.7,6.6,Medium
TMDB-89857,High Road,2000,100,Action,Hindi,India,R,0,1000000,300000,6.8,6.9,6.7,Medium
TMDB-30315,Kingdom of the Spiders,2020,97,Comedy,Spanish,France,R,0,93000000,27900000,6.8,7.3,6.8,Medium
TMDB-14358,Mad Hot Ballroom,2008,112,Comedy,Telugu,India,R,0,33000000,9900000,6.8,5.0,6.0,Medium
TMDB-2056,The Station Agent,2018,153,Documentary,Tamil,India,PG-13,0,19000000,5700000,7.6,6.8,7.0,Medium
TMDB-41144,To Save A Life,2006,138,Documentary,English,USA,R,0,79000000,23700000,6.8,6.0,6.4,Medium
TMDB-35199,Wordplay,2004,104,Horror,Japanese,France,R,0,5000000,1500000,6.8,6.1,6.4,Medium
TMDB-14271,Beyond the Mat,2023,146,Drama,Korean,France,R,0,72000000,21600000,6.8,6.8,6.6,Medium
TMDB-16653,The Singles Ward,2003,161,Drama,Telugu,India,R,0,52000000,15600000,7.6,5.7,6.6,Medium
TMDB-14757,Osama,2014,94,Horror,Spanish,France,R,0,15000000,4500000,6.8,5.5,6.2,Medium
TMDB-84401,Sholem Aleichem: Laughing In The Darkness,2005,148,Sci-Fi,Hindi,India,R,0,54000000,16200000,6.8,6.0,6.4,Medium
TMDB-23655,Groove,2018,165,Action,Hindi,India,PG-13,0,91000000,27300000,7.6,7.9,7.4,Medium
TMDB-36825,The R.M.,2002,93,Documentary,Hindi,India,R,0,99000000,29700000,7.6,5.1,6.4,Medium
TMDB-33430,Twin Falls Idaho,2006,145,Action,Tamil,India,PG-13,0,31000000,9300000,9.8,5.8,7.6,High
TMDB-12281,Mean Creek,2016,127,Comedy,German,France,R,0,113000000,33900000,6.8,5.8,6.3,Medium
TMDB-125052,Hurricane Streets,2018,163,Documentary,Telugu,India,R,0,19000000,5700000,7.6,5.6,6.6,Medium
TMDB-96238,Never Again,2019,145,Romance,Spanish,France,R,0,116000000,34800000,6.8,6.6,6.6,Medium
TMDB-30246,Civil Brand,2022,108,Documentary,German,France,R,0,119000000,35700000,6.8,5.8,6.3,Medium
TMDB-7301,Lonesome Jim,2009,167,Animation,Telugu,India,PG-13,0,58000000,17400000,7.6,6.7,7.0,Medium
TMDB-172533,Drinking Buddies,2004,128,Documentary,German,France,PG-13,0,29000000,8700000,7.6,6.7,7.0,Medium
TMDB-180383,Deceptive Practice: The Mysteries and Mentors of Ricky Jay,2011,105,Romance,English,USA,R,0,36000000,10800000,6.8,5.6,6.2,Medium
TMDB-346,Seven Samurai,2010,97,Comedy,Japanese,France,PG-13,0,83000000,24900000,7.6,10.0,8.1,High
TMDB-84318,The Other Dream Team,2003,165,Romance,Hindi,India,R,0,76000000,22800000,6.8,6.2,6.4,Medium
TMDB-45145,Johnny Suede,2011,134,Mystery,Korean,France,R,0,60000000,18000000,6.8,5.7,6.3,Medium
TMDB-13983,Finishing The Game,2007,152,Animation,Korean,France,PG-13,0,8000000,2400000,9.8,6.4,7.9,High
TMDB-45649,Rubber,2021,120,Romance,Korean,France,R,0,46000000,13800000,6.8,7.6,6.9,Medium
TMDB-19844,Kiss the Bride,2012,145,Action,Hindi,India,R,0,61000000,18300000,7.6,5.2,6.4,Medium
TMDB-21801,The Slaughter Rule,2023,164,Mystery,Spanish,France,R,0,120000000,36000000,6.8,6.9,6.7,Medium
TMDB-43933,Monsters,2008,97,Comedy,Korean,France,R,0,33000000,9900000,6.8,5.6,6.2,Medium
TMDB-73511,The Californians,2007,132,Animation,Japanese,France,R,0,8000000,2400000,6.8,6.2,6.4,Medium
TMDB-43653,The Living Wake,2005,94,Mystery,Tamil,India,R,0,30000000,9000000,6.8,5.7,6.3,Medium
TMDB-139715,Detention of the Dead,2015,88,Sci-Fi,English,USA,R,0,64000000,19200000,6.8,6.4,6.5,Medium
TMDB-45380,Crazy Stone,2014,122,Comedy,German,France,R,0,63000000,18900000,7.6,6.4,6.9,Medium
TMDB-30867,Scott Walker: 30 Century Man,2012,96,Thriller,Hindi,India,R,0,37000000,11100000,6.8,5.8,6.3,Medium
TMDB-81220,Everything Put Together,2012,153,Documentary,Spanish,France,PG-13,0,109000000,32700000,9.8,5.7,7.6,High
TMDB-253626,Good Kill,2023,158,Sci-Fi,Telugu,India,PG-13,0,24000000,7200000,9.8,6.6,7.9,High
TMDB-294550,The Outrageous Sophie Tucker,2019,165,Romance,French,France,R,0,116000000,34800000,6.8,5.0,6.0,Medium
TMDB-90369,Now Is Good,2021,142,Animation,Hindi,India,PG-13,0,118000000,35400000,7.6,7.3,7.2,Medium
TMDB-117942,Girls Gone Dead,2007,134,Mystery,Hindi,India,R,0,80000000,24000000,6.8,7.4,6.9,Medium
TMDB-380097,America Is Still the Place,2008,98,Documentary,Japanese,France,R,0,9000000,2700000,5.5,5.0,5.4,Low
TMDB-322194,Subconscious,2023,89,Mystery,Spanish,France,R,0,120000000,36000000,6.8,6.0,6.4,Medium
TMDB-98568,Enter Nowhere,2002,130,Action,French,France,R,0,51000000,15300000,6.8,5.8,6.3,Medium
TMDB-119657,El Rey de Najayo,2012,144,Horror,Telugu,India,R,0,85000000,25500000,6.8,5.8,6.3,Medium
TMDB-380733,Fight to the Finish,2017,98,Sci-Fi,Japanese,France,R,0,114000000,34200000,6.8,5.7,6.3,Medium
TMDB-285743,Alleluia! The Devil's Carnival,2023,150,Romance,French,France,PG-13,0,96000000,28800000,9.8,6.8,8.0,High
TMDB-362765,The Sound and the Shadow,2016,110,Action,Spanish,France,R,0,41000000,12300000,6.8,5.5,6.2,Medium
TMDB-379532,Rodeo Girl,2017,162,Animation,French,France,PG-13,0,18000000,5400000,7.6,7.3,7.2,Medium
TMDB-253261,Born to Fly: Elizabeth Streb vs. Gravity,2019,163,Sci-Fi,French,France,R,0,44000000,13200000,6.8,5.7,6.3,Medium
TMDB-297100,The Little Ponderosa Zoo,2004,101,Thriller,Korean,France,R,0,77000000,23100000,5.5,5.0,5.4,Low
TMDB-15239,The Toxic Avenger,2023,120,Romance,Hindi,India,PG-13,0,96000000,28800000,8.4,8.1,7.8,High
TMDB-94072,Straight Out of Brooklyn,2001,101,Drama,Korean,France,R,0,2000000,600000,7.6,5.0,6.4,Medium
TMDB-4107,Bloody Sunday,2015,149,Mystery,Japanese,France,PG-13,0,40000000,12000000,9.8,8.0,8.4,High
TMDB-325579,Diamond Ruff,2006,110,Action,Hindi,India,R,0,31000000,9300000,5.5,5.0,5.4,Low
TMDB-15624,Conversations with Other Women,2016,146,Thriller,Tamil,India,R,0,17000000,5100000,6.8,5.8,6.3,Medium
TMDB-17287,Poultrygeist: Night of the Chicken Dead,2019,166,Drama,Tamil,India,PG-13,0,92000000,27600000,8.4,6.8,7.4,Medium
TMDB-198370,Mutual Friends,2002,142,Comedy,Spanish,France,R,0,3000000,900000,6.8,6.0,6.4,Medium
TMDB-3062,42nd Street,2002,136,Thriller,Korean,France,PG-13,0,27000000,8100000,6.8,8.1,7.1,Medium
TMDB-328307,Rise of the Entrepreneur: The Search for a Better Way,2013,126,Drama,Japanese,France,R,0,62000000,18600000,5.5,5.0,5.4,Low
TMDB-15389,Metropolitan,2013,118,Sci-Fi,Korean,France,R,0,14000000,4200000,7.6,5.7,6.6,Medium
TMDB-464,As It Is in Heaven,2006,130,Action,Japanese,France,R,0,31000000,9300000,6.8,6.8,6.6,Medium
TMDB-308467,Roadside,2020,145,Action,German,France,R,0,21000000,6300000,6.8,5.2,6.1,Medium
TMDB-8193,Napoleon Dynamite,2010,128,Documentary,Tamil,India,PG-13,0,59000000,17700000,8.4,6.6,7.3,Medium
TMDB-188166,Blue Ruin,2010,156,Thriller,Tamil,India,R,0,107000000,32100000,7.6,6.6,6.9,Medium
TMDB-23827,Paranormal Activity,2011,110,Romance,Tamil,India,R,0,36000000,10800000,7.6,5.6,6.6,Medium
TMDB-1282,Dogtown and Z-Boys,2015,90,Romance,Spanish,France,R,0,16000000,4800000,7.6,6.1,6.8,Medium
TMDB-762,Monty Python and the Holy Grail,2003,118,Sci-Fi,Tamil,India,PG-13,0,4000000,1200000,9.8,7.3,8.2,High
TMDB-64499,Quinceañera,2003,157,Animation,Hindi,India,R,0,28000000,8400000,7.6,6.0,6.7,Medium
TMDB-281189,Gory Gory Hallelujah,2002,154,Horror,Korean,France,R,0,75000000,22500000,6.8,5.0,6.0,Medium
TMDB-1435,Tarnation,2000,95,Action,French,France,R,0,1000000,300000,6.8,5.6,6.2,Medium
TMDB-47546,I Want Your Money,2020,94,Horror,Telugu,India,R,0,45000000,13500000,5.5,5.0,5.4,Low
TMDB-189711,Love in the Time of Monsters,2020,112,Comedy,Telugu,India,R,0,93000000,27900000,6.8,6.0,6.4,Medium
TMDB-19204,The Beyond,2017,102,Animation,Telugu,India,R,0,18000000,5400000,6.8,6.9,6.7,Medium
TMDB-9029,What Happens in Vegas,2006,166,Thriller,German,France,PG-13,0,7000000,2100000,7.6,6.7,7.0,Medium
TMDB-18045,The Dark Hours,2020,156,Thriller,Tamil,India,R,0,117000000,35100000,6.8,6.1,6.4,Medium
TMDB-11240,My Beautiful Laundrette,2012,131,Thriller,Korean,France,PG-13,0,37000000,11100000,9.8,8.7,8.7,High
TMDB-43743,Fabled,2009,135,Romance,English,USA,R,0,106000000,31800000,5.5,5.0,5.4,Low
TMDB-157909,Show Me,2010,136,Thriller,Spanish,France,R,0,107000000,32100000,6.8,5.6,6.2,Medium
TMDB-10238,Cries and Whispers,2021,136,Drama,Korean,France,R,0,22000000,6600000,6.8,6.0,6.4,Medium
TMDB-3059,Intolerance,2001,150,Romance,French,France,PG-13,0,26000000,7800000,6.8,10.0,7.8,High
TMDB-15800,Trekkies,2016,117,Comedy,Spanish,France,R,0,113000000,33900000,6.8,6.4,6.5,Medium
TMDB-65203,The Broadway Melody,2005,140,Romance,Korean,France,R,0,6000000,1800000,6.8,6.6,6.6,Medium
TMDB-764,The Evil Dead,2006,102,Comedy,Tamil,India,PG-13,0,103000000,30900000,9.8,6.2,7.8,High
TMDB-103620,Maniac,2021,101,Drama,English,USA,PG-13,0,22000000,6600000,6.8,8.2,7.1,Medium
TMDB-319069,Censored Voices,2003,165,Romance,Telugu,India,R,0,76000000,22800000,6.8,5.1,6.0,Medium
TMDB-14278,Murderball,2004,96,Thriller,Spanish,France,R,0,77000000,23100000,6.8,5.6,6.2,Medium
TMDB-25678,American Ninja 2: The Confrontation,2011,156,Drama,Japanese,France,R,0,12000000,3600000,6.8,6.8,6.6,Medium
TMDB-79161,51 Birch Street,2008,129,Horror,Hindi,India,R,0,105000000,31500000,6.8,5.4,6.2,Medium
TMDB-371690,Rotor DR1,2011,106,Drama,German,France,R,0,12000000,3600000,6.8,6.2,6.4,Medium
TMDB-389,12 Angry Men,2023,121,Drama,Spanish,France,PG-13,0,72000000,21600000,9.8,7.0,8.1,High
TMDB-52032,My Dog Tulip,2011,158,Sci-Fi,Korean,France,R,0,84000000,25200000,6.8,5.8,6.3,Medium
TMDB-3078,It Happened One Night,2007,89,Mystery,German,France,PG-13,0,80000000,24000000,9.8,7.0,8.1,High
TMDB-38810,Dogtooth,2010,147,Comedy,English,USA,R,0,83000000,24900000,6.8,6.1,6.4,Medium
TMDB-21525,Tupac: Resurrection,2021,102,Animation,Telugu,India,R,0,118000000,35400000,6.8,5.1,6.0,Medium
TMDB-55123,Tumbleweeds,2022,95,Action,Japanese,France,PG-13,0,71000000,21300000,9.8,5.4,7.5,High
TMDB-11980,The Prophecy,2013,116,Drama,English,USA,R,0,62000000,18600000,6.8,6.1,6.4,Medium
TMDB-11956,When the Cat's Away,2012,121,Thriller,English,USA,R,0,37000000,11100000,7.6,6.2,6.8,Medium
TMDB-1550,Pieces of April,2010,167,Comedy,Tamil,India,PG-13,0,83000000,24900000,7.6,8.6,7.6,High
TMDB-162396,The Big Swap,2000,108,Documentary,German,France,R,0,49000000,14700000,6.8,5.6,6.2,Medium
TMDB-26518,Old Joy,2014,103,Documentary,Japanese,France,PG-13,0,39000000,11700000,8.4,6.2,7.2,Medium
TMDB-8942,Wendy and Lucy,2011,122,Animation,Spanish,France,R,0,108000000,32400000,8.4,5.5,6.9,Medium
TMDB-68412,3 Backyards,2007,157,Animation,Korean,France,R,0,8000000,2400000,6.8,6.1,6.4,Medium
TMDB-2786,Pierrot le Fou,2022,129,Horror,German,France,PG-13,0,95000000,28500000,7.6,6.9,7.0,Medium
TMDB-87943,Sisters in Law,2022,99,Horror,German,France,R,0,95000000,28500000,6.8,5.0,6.0,Medium
TMDB-73981,Ayurveda: Art of Being,2004,153,Documentary,English,USA,R,0,29000000,8700000,7.6,5.0,6.4,Medium
TMDB-91721,Nothing But a Man,2000,153,Documentary,German,France,PG-13,0,49000000,14700000,6.8,9.4,7.5,High
TMDB-118452,"First Love, Last Rites",2010,162,Comedy,Spanish,France,R,0,83000000,24900000,7.6,5.7,6.6,Medium
TMDB-47534,Fighting Tommy Riley,2004,91,Thriller,Tamil,India,R,0,77000000,23100000,6.8,5.5,6.2,Medium
TMDB-40914,Royal Kill,2022,103,Documentary,Telugu,India,R,0,119000000,35700000,6.8,6.0,6.4,Medium
TMDB-365052,The Looking Glass,2007,159,Mystery,Tamil,India,R,0,80000000,24000000,6.8,6.0,6.4,Medium
TMDB-13282,Death Race 2000,2021,97,Animation,Japanese,France,R,0,118000000,35400000,6.8,6.8,6.6,Medium
TMDB-250184,Locker 13,2023,156,Drama,Telugu,India,R,0,72000000,21600000,6.8,6.4,6.5,Medium
TMDB-426067,Midnight Cabaret,2005,87,Animation,Telugu,India,R,0,78000000,23400000,6.8,6.4,6.5,Medium
TMDB-324352,Anderson's Cross,2008,110,Action,French,France,R,0,81000000,24300000,6.8,6.2,6.4,Medium
TMDB-318040,Bizarre,2015,164,Mystery,Hindi,India,R,0,40000000,12000000,6.8,6.1,6.4,Medium
TMDB-27420,Graduation Day,2015,163,Sci-Fi,French,France,R,0,64000000,19200000,6.8,6.7,6.6,Medium
TMDB-80468,Some Guy Who Kills People,2018,144,Horror,Spanish,France,R,0,115000000,34500000,6.8,6.3,6.5,Medium
TMDB-84188,Compliance,2022,155,Action,Tamil,India,R,0,71000000,21300000,6.8,6.7,6.6,Medium
TMDB-2255,Chasing Amy,2009,100,Romance,Hindi,India,PG-13,0,106000000,31800000,9.8,6.9,8.0,High
TMDB-50035,Lovely & Amazing,2004,100,Action,Hindi,India,PG-13,0,101000000,30300000,9.8,6.9,8.0,High
TMDB-300327,Death Calls,2017,96,Drama,Telugu,India,R,0,42000000,12600000,5.5,5.0,5.4,Low
TMDB-14290,Better Luck Tomorrow,2010,135,Action,Hindi,India,PG-13,0,11000000,3300000,9.8,6.2,7.8,High
TMDB-29371,The Incredibly True Adventure of Two Girls In Love,2008,148,Documentary,French,France,R,0,9000000,2700000,6.8,7.0,6.7,Medium
TMDB-44490,Chuck & Buck,2022,142,Comedy,German,France,PG-13,0,23000000,6900000,9.8,6.1,7.7,High
TMDB-32222,American Desi,2016,162,Comedy,Korean,France,R,0,113000000,33900000,6.8,7.0,6.7,Medium
TMDB-378237,Amidst the Devil's Wings,2017,141,Drama,Korean,France,R,0,42000000,12600000,5.5,5.0,5.4,Low
TMDB-431,Cube,2021,87,Animation,German,France,PG-13,0,118000000,35400000,9.2,5.8,7.4,Medium
TMDB-76996,Love and Other Catastrophes,2006,121,Thriller,German,France,R,0,7000000,2100000,6.8,5.8,6.3,Medium
TMDB-51942,I Married a Strange Person!,2020,144,Horror,Korean,France,R,0,45000000,13500000,6.8,5.4,6.2,Medium
TMDB-1424,November,2018,115,Action,Korean,France,R,0,91000000,27300000,7.6,6.0,6.7,Medium
TMDB-60420,Like Crazy,2006,99,Horror,Telugu,India,R,0,55000000,16500000,6.8,6.2,6.4,Medium
TMDB-325123,Teeth and Blood,2012,126,Thriller,German,France,R,0,37000000,11100000,5.5,5.5,5.6,Medium
TMDB-142132,Sugar Town,2015,120,Romance,Korean,France,R,0,16000000,4800000,7.6,6.3,6.8,Medium
TMDB-20520,The Motel,2008,153,Documentary,Korean,France,R,0,9000000,2700000,6.8,6.8,6.6,Medium
TMDB-109729,The Canyons,2022,158,Documentary,Hindi,India,PG-13,0,119000000,35700000,9.8,7.2,8.1,High
TMDB-78307,On the Outs,2020,158,Documentary,Spanish,France,R,0,69000000,20700000,6.8,5.7,6.3,Medium
TMDB-12247,Shotgun Stories,2002,148,Documentary,Telugu,India,PG-13,0,99000000,29700000,9.2,6.8,7.7,High
TMDB-29917,Exam,2020,117,Comedy,English,USA,R,0,93000000,27900000,6.8,6.2,6.4,Medium
TMDB-70687,The Sticky Fingers of Time,2021,119,Mystery,Hindi,India,R,0,70000000,21000000,6.8,6.7,6.6,Medium
TMDB-60463,Sunday School Musical,2021,162,Animation,Tamil,India,R,0,118000000,35400000,6.8,6.8,6.6,Medium
TMDB-46252,Rust,2004,91,Thriller,Telugu,India,R,0,77000000,23100000,6.8,5.5,6.2,Medium
TMDB-24869,Ink,2016,138,Documentary,French,France,R,0,89000000,26700000,6.8,6.4,6.5,Medium
TMDB-77934,The Christmas Bunny,2010,92,Comedy,German,France,R,0,83000000,24900000,6.8,6.2,6.4,Medium
TMDB-34697,Butterfly,2001,134,Mystery,Tamil,India,R,0,50000000,15000000,6.8,6.1,6.4,Medium
TMDB-320435,UnDivided,2012,114,Horror,Hindi,India,R,0,85000000,25500000,5.5,5.0,5.4,Low
TMDB-150211,The Frozen,2016,120,Action,Korean,France,R,0,41000000,12300000,6.8,5.2,6.1,Medium
TMDB-306667,Horse Camp,2022,155,Action,Telugu,India,R,0,71000000,21300000,7.6,6.6,6.9,Medium
TMDB-274758,Give Me Shelter,2023,147,Animation,French,France,R,0,48000000,14400000,6.8,6.7,6.6,Medium
TMDB-3060,The Big Parade,2018,103,Documentary,Japanese,France,PG-13,0,19000000,5700000,8.4,6.3,7.2,Medium
TMDB-40963,Little Big Top,2009,153,Sci-Fi,German,France,R,0,34000000,10200000,5.5,5.6,5.6,Medium
TMDB-173224,Along the Roadside,2013,138,Sci-Fi,French,France,R,0,14000000,4200000,6.8,5.4,6.2,Medium
TMDB-18533,Bronson,2013,99,Mystery,German,France,PG-13,0,110000000,33000000,9.2,6.9,7.8,High
TMDB-376010,Western Religion,2015,117,Animation,English,USA,R,0,88000000,26400000,6.8,6.3,6.5,Medium
TMDB-139948,Burn,2023,131,Drama,Japanese,France,R,0,72000000,21600000,6.8,5.4,6.2,Medium
TMDB-77332,Urbania,2014,99,Horror,Telugu,India,R,0,15000000,4500000,6.8,6.6,6.6,Medium
TMDB-70478,The Stewardesses,2000,110,Action,German,France,R,0,1000000,300000,6.8,6.8,6.6,Medium
TMDB-35073,"The Beast from 20,000 Fathoms",2013,116,Drama,Tamil,India,R,0,62000000,18600000,6.8,7.2,6.8,Medium
TMDB-9659,Mad Max,2002,151,Thriller,Tamil,India,PG-13,0,27000000,8100000,9.8,7.2,8.1,High
TMDB-10218,Swingers,2023,123,Sci-Fi,English,USA,PG-13,0,24000000,7200000,9.8,10.0,9.1,High
TMDB-391,A Fistful of Dollars,2012,157,Comedy,Telugu,India,PG-13,0,13000000,3900000,9.2,6.7,7.7,High
TMDB-43595,She Done Him Wrong,2020,151,Thriller,Spanish,France,R,0,117000000,35100000,6.8,6.7,6.6,Medium
TMDB-194588,Short Cut to Nirvana: Kumbh Mela,2011,94,Mystery,Spanish,France,R,0,60000000,18000000,5.5,5.0,5.4,Low
TMDB-54897,The Grace Card,2012,136,Thriller,Hindi,India,R,0,37000000,11100000,6.8,5.5,6.2,Medium
TMDB-83588,Middle of Nowhere,2022,123,Documentary,Hindi,India,R,0,119000000,35700000,7.6,6.1,6.8,Medium
TMDB-53256,Three,2012,122,Comedy,Spanish,France,PG-13,0,13000000,3900000,9.8,8.0,8.4,High
TMDB-40920,The Business of Fancydancing,2022,115,Action,Korean,France,R,0,71000000,21300000,6.8,6.4,6.5,Medium
TMDB-287815,Call + Response,2017,85,Romance,Tamil,India,R,0,66000000,19800000,6.8,5.0,6.0,Medium
TMDB-54702,Malevolence,2005,87,Animation,Japanese,France,R,0,78000000,23400000,6.8,5.5,6.2,Medium
TMDB-176074,Reality Show,2015,119,Mystery,English,USA,R,0,40000000,12000000,7.6,5.5,6.5,Medium
TMDB-69270,Super Hybrid,2003,122,Animation,German,France,R,0,28000000,8400000,7.6,6.0,6.7,Medium
TMDB-5759,Baghead,2004,91,Thriller,Telugu,India,PG-13,0,77000000,23100000,9.2,6.9,7.8,High
TMDB-402515,American Beast,2012,162,Comedy,French,France,R,0,13000000,3900000,6.8,5.5,6.2,Medium
TMDB-126141,The Case of the Grinning Cat,2006,137,Comedy,German,France,R,0,103000000,30900000,6.8,5.0,6.0,Medium
TMDB-48035,Ordet,2004,132,Comedy,Telugu,India,R,0,53000000,15900000,6.8,5.6,6.2,Medium
TMDB-14758,Good Dick,2018,104,Horror,Telugu,India,R,0,115000000,34500000,6.8,7.3,6.8,Medium
TMDB-13363,The Man from Earth,2001,93,Sci-Fi,English,USA,R,0,74000000,22200000,7.6,6.3,6.8,Medium
TMDB-37985,The Trials Of Darryl Hunt,2015,166,Drama,English,USA,R,0,112000000,33600000,6.8,5.0,6.0,Medium
TMDB-25786,Samantha: An American Girl Holiday,2013,164,Mystery,French,France,R,0,110000000,33000000,6.8,5.8,6.3,Medium
TMDB-36549,Yesterday Was a Lie,2005,87,Animation,English,USA,R,0,78000000,23400000,6.8,6.1,6.4,Medium
TMDB-361398,Theresa Is a Mother,2014,119,Horror,Hindi,India,R,0,15000000,4500000,6.8,6.0,6.4,Medium
TMDB-289180,H.,2002,147,Comedy,English,USA,R,0,3000000,900000,6.8,5.5,6.2,Medium
TMDB-288927,Archaeology of a Woman,2013,85,Romance,Tamil,India,R,0,86000000,25800000,6.8,5.7,6.3,Medium
TMDB-21334,Children of Heaven,2009,113,Sci-Fi,German,France,R,0,34000000,10200000,6.8,5.4,6.2,Medium
TMDB-79120,Weekend,2014,98,Documentary,English,USA,R,0,39000000,11700000,6.8,5.6,6.2,Medium
TMDB-27995,She's Gotta Have It,2017,87,Animation,Hindi,India,PG-13,0,18000000,5400000,9.8,5.8,7.6,High
TMDB-253290,Butterfly Girl,2015,111,Drama,Hindi,India,R,0,112000000,33600000,6.8,5.0,6.0,Medium
TMDB-344466,The World Is Mine,2013,112,Animation,English,USA,R,0,38000000,11400000,6.8,5.6,6.2,Medium
TMDB-55420,Another Earth,2001,129,Mystery,French,France,PG-13,0,50000000,15000000,7.6,9.0,7.8,High
TMDB-5822,Sweet Sweetback's Baadasssss Song,2011,148,Sci-Fi,Telugu,India,R,0,84000000,25200000,6.8,6.7,6.6,Medium
TMDB-408429,Perfect Cowboy,2016,109,Horror,Korean,France,R,0,65000000,19500000,6.8,6.2,6.4,Medium
TMDB-39141,Tadpole,2013,150,Romance,English,USA,PG-13,0,86000000,25800000,9.8,8.7,8.7,High
TMDB-5723,Once,2009,86,Drama,Spanish,France,R,0,82000000,24600000,7.6,6.3,6.8,Medium
TMDB-28666,The Woman Chaser,2015,117,Animation,Spanish,France,R,0,88000000,26400000,6.8,5.7,6.3,Medium
TMDB-30979,The Horse Boy,2002,131,Thriller,Japanese,France,R,0,27000000,8100000,6.8,5.7,6.3,Medium
TMDB-50497,When the Lights Went Out,2001,119,Mystery,German,France,R,0,50000000,15000000,6.8,6.7,6.6,Medium
TMDB-354624,Heroes of Dirt,2020,162,Comedy,Telugu,India,R,0,93000000,27900000,6.8,5.4,6.2,Medium
TMDB-13187,A Charlie Brown Christmas,2020,91,Thriller,Hindi,India,R,0,117000000,35100000,6.8,6.2,6.4,Medium
TMDB-335244,Antarctic Edge: 70° South,2002,158,Documentary,Telugu,India,R,0,99000000,29700000,6.8,5.0,6.0,Medium
TMDB-178862,Aroused,2010,108,Documentary,German,France,R,0,59000000,17700000,6.8,6.9,6.7,Medium
TMDB-331745,Top Spin,2007,154,Mystery,Telugu,India,R,0,80000000,24000000,6.8,5.0,6.0,Medium
TMDB-1779,Roger & Me,2015,101,Drama,German,France,PG-13,0,112000000,33600000,9.8,5.5,7.5,High
TMDB-282128,An American in Hollywood,2003,126,Drama,Hindi,India,R,0,52000000,15600000,6.8,6.1,6.4,Medium
TMDB-86812,Sound of My Voice,2020,119,Horror,German,France,PG-13,0,45000000,13500000,7.6,7.5,7.2,Medium
TMDB-38786,The Blood of My Brother: A Story of Death in Iraq,2017,89,Mystery,Telugu,India,R,0,90000000,27000000,5.5,5.0,5.4,Low
TMDB-84355,Your Sister's Sister,2007,146,Drama,Japanese,France,R,0,32000000,9600000,6.8,5.7,6.3,Medium
TMDB-18632,A Dog's Breakfast,2019,138,Sci-Fi,Tamil,India,R,0,44000000,13200000,6.8,5.8,6.3,Medium
TMDB-40652,The Married Woman,2021,139,Mystery,German,France,R,0,70000000,21000000,7.6,6.2,6.8,Medium
TMDB-339408,The Birth of a Nation,2000,134,Horror,German,France,PG-13,0,25000000,7500000,6.8,10.0,7.8,High
TMDB-266857,The Work and The Story,2013,94,Mystery,Spanish,France,R,0,110000000,33000000,6.8,5.4,6.2,Medium
TMDB-18925,Facing the Giants,2007,159,Mystery,German,France,PG-13,0,80000000,24000000,9.2,5.6,7.3,Medium
TMDB-299245,The Gallows,2002,136,Thriller,Telugu,India,R,0,27000000,8100000,6.8,6.3,6.5,Medium
TMDB-985,Eraserhead,2012,87,Comedy,Korean,France,PG-13,0,13000000,3900000,9.8,6.3,7.8,High
TMDB-34101,Hollywood Shuffle,2021,128,Sci-Fi,German,France,R,0,94000000,28200000,6.8,6.2,6.4,Medium
TMDB-9821,The Mighty,2019,146,Drama,Tamil,India,PG-13,0,92000000,27600000,9.8,6.1,7.7,High
TMDB-65448,Penitentiary,2016,109,Horror,Tamil,India,R,0,65000000,19500000,6.8,6.8,6.6,Medium
TMDB-18841,The Lost Skeleton of Cadavra,2011,93,Sci-Fi,Telugu,India,R,0,84000000,25200000,6.8,6.1,6.4,Medium
TMDB-272726,Dude Where's My Dog?,2019,107,Animation,Spanish,France,R,0,68000000,20400000,6.8,6.1,6.4,Medium
TMDB-175291,Cheap Thrills,2015,107,Animation,Japanese,France,R,0,88000000,26400000,6.8,6.8,6.6,Medium
TMDB-80215,Indie Game: The Movie,2013,110,Romance,Japanese,France,R,0,86000000,25800000,6.8,5.5,6.2,Medium
TMDB-13538,Straightheads,2015,90,Romance,Hindi,India,R,0,16000000,4800000,6.8,6.1,6.4,Medium
TMDB-51130,Open Secret,2001,136,Drama,English,USA,R,0,2000000,600000,6.8,6.6,6.6,Medium
TMDB-270554,Echo Dr.,2007,87,Animation,Tamil,India,R,0,8000000,2400000,6.8,5.5,6.2,Medium
TMDB-72086,The Night Visitor,2005,168,Sci-Fi,Japanese,France,R,0,54000000,16200000,6.8,5.6,6.2,Medium
TMDB-268917,The Past Is a Grotesque Animal,2018,118,Documentary,Spanish,France,R,0,19000000,5700000,6.8,6.1,6.4,Medium
TMDB-64973,"Peace, Propaganda & the Promised Land",2006,113,Documentary,Spanish,France,R,0,79000000,23700000,6.8,5.0,6.0,Medium
TMDB-473,Pi,2018,144,Horror,German,France,PG-13,0,115000000,34500000,9.8,6.6,7.9,High
TMDB-90414,"I Love You, Don't Touch Me!",2022,132,Comedy,German,France,R,0,23000000,6900000,6.8,6.2,6.4,Medium
TMDB-111794,20 Dates,2018,139,Horror,Japanese,France,R,0,115000000,34500000,6.8,5.7,6.3,Medium
TMDB-360188,Queen Crab,2000,91,Thriller,Tamil,India,R,0,97000000,29100000,6.8,5.8,6.3,Medium
TMDB-9372,Super Size Me,2000,136,Thriller,German,France,PG-13,0,97000000,29100000,8.4,6.8,7.4,Medium
TMDB-85860,The FP,2013,158,Sci-Fi,French,France,R,0,14000000,4200000,6.8,5.7,6.3,Medium
TMDB-244534,Happy Christmas,2005,130,Romance,Telugu,India,PG-13,0,6000000,1800000,7.6,6.8,7.0,Medium
TMDB-33468,The Brain That Wouldn't Die,2023,112,Animation,German,France,R,0,48000000,14400000,6.8,6.8,6.6,Medium
TMDB-294086,Tiger Orange,2010,105,Action,French,France,R,0,11000000,3300000,6.8,6.7,6.6,Medium
TMDB-139998,Supporting Characters,2003,116,Drama,German,France,R,0,52000000,15600000,6.8,6.0,6.4,Medium
TMDB-74777,Absentia,2012,96,Thriller,German,France,PG-13,0,37000000,11100000,7.6,6.8,7.0,Medium
TMDB-16388,The Brothers McMullen,2021,136,Drama,French,France,PG-13,0,22000000,6600000,9.2,6.2,7.5,High
TMDB-159770,The Dirties,2006,139,Horror,French,France,R,0,55000000,16500000,6.8,5.7,6.3,Medium
TMDB-42109,Gabriela,2020,123,Documentary,Spanish,France,R,0,69000000,20700000,6.8,6.3,6.5,Medium
TMDB-47607,Tiny Furniture,2011,127,Animation,Tamil,India,R,0,108000000,32400000,6.8,7.5,6.9,Medium
TMDB-193603,Hayride,2018,95,Action,Telugu,India,R,0,91000000,27300000,6.8,5.6,6.2,Medium
TMDB-84659,The Naked Ape,2006,107,Comedy,Spanish,France,R,0,103000000,30900000,6.8,6.0,6.4,Medium
TMDB-322745,Counting,2018,120,Action,French,France,R,0,91000000,27300000,6.8,5.0,6.0,Medium
TMDB-20981,The Call of Cthulhu,2002,105,Action,Hindi,India,R,0,51000000,15300000,6.8,5.7,6.3,Medium
TMDB-174362,Bending Steel,2021,146,Drama,Japanese,France,R,0,22000000,6600000,6.8,5.0,6.0,Medium
TMDB-242095,The Signal,2014,114,Horror,Spanish,France,R,0,15000000,4500000,6.8,6.4,6.5,Medium
TMDB-250902,The Image Revolution,2008,93,Documentary,Korean,France,PG-13,0,9000000,2700000,6.8,10.0,7.8,High
TMDB-158895,This Is Martin Bonner,2008,153,Documentary,French,France,R,0,9000000,2700000,6.8,6.4,6.5,Medium
TMDB-222250,A True Story,2009,138,Sci-Fi,Hindi,India,R,0,34000000,10200000,6.8,6.2,6.4,Medium
TMDB-18292,George Washington,2001,159,Mystery,Japanese,France,PG-13,0,50000000,15000000,9.8,6.7,8.0,High
TMDB-125537,Smiling Fish & Goat On Fire,2015,100,Romance,Korean,France,R,0,16000000,4800000,6.8,5.4,6.2,Medium
TMDB-326576,Dawn of the Crescent Moon,2023,105,Romance,Korean,France,R,0,96000000,28800000,6.8,6.0,6.4,Medium
TMDB-228550,Raymond Did It,2017,168,Sci-Fi,Telugu,India,R,0,114000000,34200000,7.6,6.0,6.7,Medium
TMDB-13963,The Last Waltz,2006,111,Thriller,German,France,PG-13,0,7000000,2100000,9.8,8.6,8.6,High
TMDB-290391,"Run, Hide, Die",2013,153,Sci-Fi,Hindi,India,R,0,14000000,4200000,6.8,7.2,6.8,Medium
TMDB-44770,The Exploding Girl,2005,156,Drama,Korean,France,R,0,102000000,30600000,6.8,6.3,6.5,Medium
TMDB-69382,The Legend of God's Gun,2023,142,Animation,Tamil,India,R,0,48000000,14400000,6.8,5.5,6.2,Medium
TMDB-40769,Mutual Appreciation,2019,121,Drama,German,France,R,0,92000000,27600000,7.6,5.4,6.5,Medium
TMDB-220490,Her Cry: La Llorona Investigation,2015,141,Drama,Japanese,France,R,0,112000000,33600000,6.8,5.6,6.2,Medium
TMDB-42151,Down Terrace,2017,119,Mystery,French,France,R,0,90000000,27000000,7.6,6.1,6.8,Medium
TMDB-2292,Clerks,2021,152,Animation,Japanese,France,PG-13,0,118000000,35400000,9.8,6.8,8.0,High
TMDB-42497,Pink Narcissus,2003,147,Animation,Japanese,France,R,0,28000000,8400000,6.8,5.4,6.2,Medium
TMDB-33693,Funny Ha Ha,2011,90,Romance,Japanese,France,PG-13,0,36000000,10800000,7.6,6.8,7.0,Medium
TMDB-14585,In the Company of Men,2014,151,Thriller,Korean,France,R,0,87000000,26100000,8.4,5.6,6.9,Medium
TMDB-185465,Manito,2010,100,Action,Hindi,India,R,0,11000000,3300000,6.8,5.7,6.3,Medium
TMDB-38780,Rampage,2014,134,Horror,Tamil,India,PG-13,0,15000000,4500000,9.8,6.7,8.0,High
TMDB-14022,Slacker,2007,129,Mystery,Spanish,France,PG-13,0,80000000,24000000,9.8,5.2,7.4,Medium
TMDB-366967,Dutch Kills,2019,128,Sci-Fi,Japanese,France,R,0,44000000,13200000,6.8,5.6,6.2,Medium
TMDB-255266,Dry Spell,2010,89,Horror,English,USA,R,0,35000000,10500000,7.6,5.7,6.6,Medium
TMDB-17345,Flywheel,2017,101,Drama,English,USA,PG-13,0,42000000,12600000,9.2,5.1,7.1,Medium
TMDB-226458,Backmask,2004,168,Documentary,German,France,R,0,29000000,8700000,6.8,7.6,6.9,Medium
TMDB-24055,The Puffy Chair,2010,125,Action,Japanese,France,PG-13,0,11000000,3300000,9.2,5.4,7.2,Medium
TMDB-287625,Stories of Our Lives,2020,119,Horror,Hindi,India,R,0,45000000,13500000,6.8,6.3,6.5,Medium
TMDB-44990,Breaking Upwards,2012,109,Horror,Japanese,France,R,0,85000000,25500000,6.8,6.8,6.6,Medium
TMDB-86304,All Superheroes Must Die,2000,100,Action,Hindi,India,R,0,1000000,300000,6.8,5.6,6.2,Medium
TMDB-692,Pink Flamingos,2003,126,Drama,German,France,PG-13,0,52000000,15600000,8.4,6.3,7.2,Medium
TMDB-39851,Clean,2012,151,Thriller,Telugu,India,R,0,37000000,11100000,7.6,6.2,6.8,Medium
TMDB-13898,The Circle,2010,162,Comedy,Korean,France,R,0,83000000,24900000,6.8,5.8,6.3,Medium
TMDB-157185,Tin Can Man,2022,122,Comedy,Telugu,India,R,0,23000000,6900000,6.8,5.5,6.2,Medium
TMDB-36095,Cure,2011,88,Sci-Fi,Telugu,India,R,0,84000000,25200000,6.8,6.8,6.6,Medium
TMDB-182291,On The Downlow,2005,163,Sci-Fi,Japanese,France,PG-13,0,54000000,16200000,6.8,7.9,7.0,Medium
TMDB-286939,Sanctuary: Quite a Conundrum,2013,147,Animation,Tamil,India,R,0,38000000,11400000,6.8,5.6,6.2,Medium
TMDB-124606,Bang,2021,134,Mystery,German,France,R,0,70000000,21000000,6.8,6.7,6.6,Medium
TMDB-14337,Primer,2012,94,Horror,Korean,France,R,0,85000000,25500000,6.8,7.3,6.8,Medium
TMDB-67238,Cavite,2008,111,Thriller,French,France,R,0,57000000,17100000,6.8,5.0,6.0,Medium
TMDB-9367,El Mariachi,2014,152,Comedy,German,France,PG-13,0,63000000,18900000,9.8,5.8,7.6,High
TMDB-72766,Newlyweds,2004,160,Action,Hindi,India,PG-13,0,101000000,30300000,9.2,5.6,7.3,Medium
TMDB-231617,"Signed, Sealed, Delivered",2007,162,Animation,Hindi,India,R,0,8000000,2400000,6.8,5.8,6.3,Medium
TMDB-126186,Shanghai Calling,2007,106,Drama,Japanese,France,R,0,32000000,9600000,6.8,5.6,6.2,Medium
TMDB-25975,My Date with Drew,2006,106,Thriller,Korean,France,R,0,7000000,2100000,6.8,6.0,6.4,Medium
